id,name,latitude,longitude,feature_code,elevation
6420324,N'oliman,14.94444,39.05333,MT,1897
1161622,Kuh-e Boz,30.82205,60.34255,MT,1883
11605162,Barkand,35.10363,72.19267,MT,3166
7303596,Davennaspitz,47.12651,9.89182,PK,1881
2491313,Ksar et Touadjine,34.69237,7.68,MT,926
2506983,Djebel Annina Bou Djellil,35.08523,-1.64056,MT,612
6718260,Kuh-e Dalan Kash,38.8571,46.5943,MT,1488
12081652,Dizindag,39.6508,46.67028,MT,1749
7911732,Gunung Cadas,-7.4586,107.8466,MT,1210
6403296,Cerro Paccha,-10.08667,-76.60472,MT,4289
9086747,Cerro Cuacuilco,20.70456,-98.41736,MT,1633
8168733,Mount Pinniger,-37.23819,145.96124,MT,526
5569279,Pattymocus Butte,40.29598,-122.86863,MT,1220
3893200,Cerro Cuatro Piramides,-43.42989,-72.57432,MT,1408
6723545,Bukit Kayu Arang,0.0492,100.8569,MT,627
7614447,Tanete Bau,-2.9827,119.1938,MT,1042
3149691,"Knutshoa,s",62.30653,9.68639,MT,1406
8080092,Gunung Kekep,-8.3322,112.4882,MT,303
3945780,Cerro Caniquirisi,-15.78333,-69.81667,MT,3815
4766801,Jesses Knob,37.30179,-80.98231,MT,1120
4013126,El Comalito,20.49664,-104.62046,MT,2589
3953784,Cerro Quello Mocco,-14.18528,-71.31583,MT,3759
11091789,Dhar-d Tiouaje,35.01946,-4.16671,MT,1145
11494554,Pico de Mijas,36.61333,-4.65932,MT,1149
2290885,Bougouri,9.46917,-6.83028,MT,893
6626690,Bloch Peak,-74.2,163.25,PK,1505
11705285,Kuh-e Pir Mahmud,32.20216,49.38108,MT,1152
1944842,Foho Lasaun,-8.96639,125.36361,MT,1420
9195523,Cerro Los Comales,22.52322,-104.1459,MT,1954
4305008,Porter Knob,37.52507,-85.00662,MT,350
6698996,Gunung Prajah,4.4384,96.9792,MT,1527
12746639,Pech de Limouzy,43.05585,1.54462,PK,704
7038205,Gunung Gendingwuluh,-8.054,114.1749,MT,1524
8777405,Cerro La Santa Cruz,25.53395,-102.17764,MT,1353
6373465,Gunung Blusdron,-7.48778,109.70722,MT,566
5967605,Guardian Mountain,57.63295,-128.80367,MT,2067
5534292,Abraham Peak,37.24304,-112.97855,MT,2128
5288974,Cedar Knoll,36.80582,-112.41769,MT,1735
6937715,Grosser Speikkofel,46.89389,13.93972,PK,2270
3357276,Glockenberg,-27.33794,18.53856,MT,1733
11403989,Kuh-e Zard Nadeh,36.44987,47.02086,MT,1801
7580518,Dadgul Kunj,34.33902,69.26866,MT,2337
1534643,Gora Cheremshanskiy Belok,49.50806,84.26668,MT,1504
4932960,Chestnut Hill,42.06538,-71.5734,MT,166
6937429,Laucherengrat,46.85377,8.44641,PK,2418
6282473,Sanad el Aali,33.84306,36.34194,MT,1741
3006945,La Rhune,43.30888,-1.63507,MT,905
2064291,Mount Observation,-31.89544,116.5576,MT,360
5113754,Corner Mountain,43.5209,-74.16847,MT,697
11339924,Knchrrakhut',40.90832,45.4751,MT,1047
1799283,Niujiao Shan,25.75,119.6,MT,14
3996209,Cerro Mesa,26.28333,-106.38333,MT,2662
1427437,Qayloch,35.85018,67.25365,MT,1893
3140529,Salen,62.81346,9.06771,PK,1229
9137339,Lindepallen,58.9515,5.93792,MT,74
3262655,Tisovi Vrh,44.28218,16.79895,PK,1147
11364162,P'ots'khasar,40.93329,44.49872,MT,1835
789908,Jalovik,43.37159,22.4502,MT,785
4940876,Jiminy Peak,42.54425,-73.28622,MT,726
6916487,Gora Chayka,52.1004,86.399,MT,627
2347679,Bara Peak,10.03491,12.16673,PK,666
4841316,Rattlesnake Hill,41.82315,-72.13535,MT,218
6933990,Roti Steine,46.40159,7.50799,PK,2505
8260176,Sasso Simone,43.76409,12.28533,MT,1204
3725694,Morne Ena,18.81667,-72.35,MT,952
9148522,Sauanuten,59.82741,6.38763,MT,1179
8321562,Phu Kamphra,15.66086,105.55053,MT,449
3513486,Maskehorne Hill,17.62831,-63.23527,MT,1
6725098,Guangdongwan Shan Zuigaofeng,23.40231,120.90676,PK,2715
3833732,Cerro Tres Picos,-48.43539,-69.35759,MT,771
5439246,Snodgrass Mountain,38.93332,-106.99005,MT,3396
2988181,Mont Pellard,45.14742,6.35675,PK,2882
6303235,Cerro Arpa,-12.53925,-76.57448,MT,464
5352245,Giraud Peak,37.07739,-118.56443,MT,3845
9012676,Cerro Picacho Colorado,25.38461,-103.92474,MT,1591
13043948,Gora Chernaya,57.93578,117.88894,MT,935
8183695,Gunung Watuputih,-8.0876,111.4241,MT,807
3767299,Cerro El Castillo,10.29668,-70.42811,MT,868
11864227,Qocdag,40.09394,46.09423,MT,2497
5821811,Cook Peak,44.84271,-110.57521,MT,2973
8256278,Vorderer Gleisberg,49.37276,7.98972,MT,463
3259642,Skrbin Vrh,44.815,16.03083,PK,893
4372562,Wagner Hill,39.65231,-79.31309,MT,792
2525702,Monte Antennamare,38.15,15.46667,MT,760
1424553,Koh-e Kirsh,35.16427,64.5905,MT,1990
3116273,Turo de Santa Maria de Montnegre,41.65926,2.58624,PK,726
1461494,Chuling,33.32742,64.82726,MT,2585
3188751,Trojvrh,43.55541,18.39897,MT,1804
8167355,Paradise Mountain,-31.4485,150.78461,MT,629
8660259,Rudino,41.43106,20.9583,MT,1047
11035283,Sari Konda,16.23496,79.63775,MT,340
6377736,Cerro Pedernal,-6.21688,-78.49332,MT,1835
8164606,Khao Pha Ka Kho,15.82792,99.04856,MT,1190
9979435,Nui GJan Hay,21.56051,104.18794,MT,2306
4835060,Golden Hill,41.86482,-71.93924,MT,143
10642624,Gola Glava,41.34878,22.01879,PK,668
2398080,Mont Mougoundja,-2.30391,10.39265,MT,526
13097996,Gora Chubuka,61.93984,142.46344,MT,1948
3862267,Cerro Catedral,-41.21769,-71.49592,MT,2405
8779059,Cerro El Escorpion,25.5321,-100.53838,MT,3142
5655124,Grassy Hills,47.26883,-112.67476,MT,2015
7415170,Keli Mele,-8.7174,121.2412,MT,646
8204400,Kuh-e Aqa Beg Ujan Dagh,38.24341,45.76546,MT,1777
13109369,Gora Klad,61.88798,145.15435,MT,1179
3139376,Skaanjehtahke,65.05153,14.11275,MT,1100
6939534,Maurerkogel,47.32389,12.47,PK,2129
1413790,Ladhal Bari,33.70134,73.77677,MT,1501
6365210,Cerro Culluishcuna,-13.61722,-74.80194,MT,3971
5830762,Little Sheep Mountain,44.79412,-108.25928,MT,1568
6723630,Kuh-e Hatajabad,33.38306,47.80702,MT,1495
9136082,"Bjorsjokletten,store",62.34513,11.11841,MT,1071
11503251,Kuh-e Ardushli Daghi,37.51981,48.45342,MT,2051
473495,Gora Virnimya,69.16387,29.66465,MT,419
11706661,Kuh-e Khar Mowvak,33.15155,49.31685,MT,2316
2492370,Kerdad,34.87597,0.09465,MT,1001
11363452,Dark',41.11108,44.63208,MT,1352
2632021,Eydnatindur,64.04648,-16.46176,PK,483
2635406,Moel Tryfan,53.08226,-4.21811,MT,429
5440698,Summit Peak,37.35084,-106.6967,MT,4023
12269235,Cerro Mejias,9.91522,-85.48406,MT,453
6932802,Dent Rouge,46.23003,7.08302,PK,2225
7337150,Golo Wakar,-8.4095,120.237,MT,557
3177792,Monte Croce,42.18333,13.76667,MT,864
2119662,Gora Vys',62.17426,154.5979,MT,1622
3793626,Morro El Turro,6.92389,-76.10917,MT,1564
3191276,Sarampov,44.32761,17.79644,MT,1362
2154479,Mount Og,-22.74417,149.97389,MT,297
2416931,Ore Gali,11.21667,-12.15,MT,1049
3126880,Monte de Camelle,43.16667,-9.11667,MT,169
1475772,Lakah Sang,34.69603,65.57304,MT,3281
1745200,Bukit Semeliang,5.75,101.48333,MT,836
1535038,Gora Shkili,51.2425,82.23472,MT,560
8601550,Hage Dake,27.75511,128.97059,MT,354
3899347,Cerro Ariquilda,-19.63622,-69.48981,MT,2059
6930171,Monte Conca,46.1469,11.38407,PK,2301
1936876,Mount Beteclara,-9.16047,125.51201,MT,287
9879988,Kuh-e Tall-e Guri,30.62071,54.35981,MT,1773
7431238,Kuh-e Shah Neshin Pash,36.91881,49.86988,MT,1950
801473,Gora Cherchen-Duk,42.98556,45.45556,MT,865
11737757,Jebel Chanwal,34.65463,-3.44638,MT,1135
2496536,Kef Ferdjane,35.07405,6.31974,MT,1363
2763289,Tschierweger Nock,46.85,13.58333,MT,2049
4460537,Chestnut Knob,35.26733,-82.77679,MT,1172
10409962,Ame Yama,35.43791,139.12336,MT,1141
10352627,Kuh-e Sheykh Shadan,32.36626,59.0109,MT,1782
10418858,Atanasica,42.09364,22.63024,MT,1597
4310621,Taylor Mountain,36.70036,-84.11521,MT,513
8634889,Cerro Yucaich,2.61721,-76.06366,MT,2078
3376894,Monkey Mountain,4.5,-59.61667,MT,591
74464,Qarn Ibn Zayd,16.68333,43.46667,MT,2000
11739718,Benungi Parbat,20.41111,84.05064,MT,844
9134196,Gronlifjellet,61.03977,5.67649,MT,620
10304814,Gnojiste,41.59506,21.79278,MT,918
6309294,Cerro Tarcco,-13.89639,-73.07417,MT,3350
7411823,Letena Bondosula,-9.6683,119.3444,MT,586
11273334,Madagin,28.6105,67.1893,MT,1004
2028473,Uhaa Tolgoy Uul,45.73333,113.88333,MT,1217
5799943,Kloochman Butte,45.77178,-122.27704,MT,774
1760039,Bukit Kiak,6.01667,100.85,MT,379
5837398,Sand Butte,43.2194,-108.71151,MT,1705
1152435,Khao Lang Mu,10.43333,99.01667,MT,195
3339550,Sjednik,42.78611,18.65028,PK,852
2146545,Mount Tingy Ringy,-36.9982,148.67836,MT,1442
3771380,Loma La Chorrera,2.96009,-76.7519,MT,1857
10627776,Leitereggstock,46.96026,8.98252,PK,2319
5800827,Lewis Peak,46.06153,-117.99827,MT,1492
7869485,Mabata,-10.22329,18.03429,MT,1430
3219408,Col Botei,46.38972,12.21333,MT,1616
9143816,Sagdalstindan,67.87277,15.58701,MT,780
8165577,Mount Hurley,-31.3152,149.0012,MT,648
3893592,Cerro Corcovado,-25.53224,-69.52218,MT,2928
3728493,Morne Canot,19.0019,-72.27231,MT,984
958857,Runerskraal,-31.01667,25.8,MT,1487
7014996,Qala'at esh Shekh Na'em,17.1482,33.6585,MT,363
5111045,Cafferty Hill,42.11007,-76.12771,MT,489
3369412,Brander se Berg,-30.22365,17.73483,MT,508
5143166,Walton Mountain,42.16564,-75.19906,MT,654
2118466,Gora Krayukha,50.19722,155.45,MT,557
280466,El Aarda,33.93417,36.02111,PK,1169
1586199,Phu Can Ti,22.45,103.35,MT,1480
7842778,Gora Buktokon,53.11348,117.28621,MT,1085
7354232,Jabal adh Dhakar,13.35244,43.64322,MT,385
4983062,Whittemore Hill,44.80438,-69.61174,MT,217
6611832,Zinarimesit Tepe,37.41389,40.1075,MT,671
7649344,Gunung Bumbeffor,-0.70567,135.49599,MT,800
2364859,Mont Natobome,10.15,0.95,MT,195
1213575,Dolok Tampulonanjing,1.75149,99.38567,MT,2000
5834042,Nylon Peak,42.88884,-109.33847,MT,3776
9146757,Teisttindan,70.14416,19.08181,MT,177
2278189,Mount Boze,6.51667,-8.98333,MT,310
5673312,Red Butte,45.01631,-113.22671,MT,1994
9027094,Cerro La Hoya,30.01963,-110.44456,MT,1312
12690557,Gora Dlinnaya,52.96024,140.19476,MT,403
1679131,Zhanghu Shan,23.73972,120.8175,PK,1363
1148586,Apo,31.98585,66.42067,MT,2156
2504340,Djebel Bentata,35.17403,0.48511,MT,1132
5556745,Rhino Peak,58.55917,-134.43556,MT,1741
1859117,Ko-dainichi-zan,36.17072,136.47594,MT,1178
9268594,Cerro del Copo,21.08195,-105.14071,MT,587
12730191,Gora Kindykakhura,52.37663,140.20425,MT,320
3952899,Cerro Posoco,-15.30688,-72.12457,MT,5000
5093770,Mount Tremont,44.0534,-71.3573,MT,1015
6659042,Kuh-e Bani Zard,36.3854,50.4274,MT,1654
5402720,La Tinta Hill,34.58082,-120.48683,MT,513
2773540,Kremserkogel,46.73333,15.15,MT,745
11033766,Mavrovouni,38.17657,23.17174,PK,570
6077237,Mont Qalirusilik,60.4002,-64.5817,MT,342
2777795,Grosser Hetzkogel,47.81667,15.06667,MT,1323
501525,Gora Rokhmoyva,66.88349,29.19305,MT,543
11971510,Kuh-e Takhteh,33.51375,50.2768,MT,2215
7754243,Bengo,-6.50682,15.36976,MT,933
6934967,Dent de Combette,46.52778,7.20384,PK,2082
2775132,Jakobskogel,47.71667,15.76667,MT,1616
11504792,Kuh-e Qush Daghi,37.90849,48.0988,MT,2049
5530368,Scobee Mountain,30.61738,-103.88518,MT,1652
8686866,Cerro Colorado,30.42169,-110.32334,MT,1247
11742677,Tangari Parbat,20.16678,84.64432,MT,742
4799098,Big Mountain,38.59206,-79.56505,MT,1177
1151540,Khao Pa Nong Tho Khi,15.05039,98.35295,MT,548
2505277,Djebel Bel Aid,36.36418,6.2215,MT,948
12172717,Kecske-hegy,48.39572,21.61972,MT,483
1534763,Gora Shishka,49.39806,85.66583,MT,1737
3863966,Cerro Bonete,-49.1236,-72.80995,MT,2028
5111757,Cat Hill,41.41787,-73.91819,MT,255
3949645,Cerro La Tala,-16.5775,-71.39111,MT,3138
12415218,Mocanga,-15.24767,14.12507,MT,1492
3944115,Cerro Chejguere,-15.1382,-72.15484,MT,4918
6727347,Kuh-e Zarileh Kuh,34.7744,47.88875,MT,2356
105538,Jabal Jabalayn,18.5297,41.78884,MT,889
12226171,Kalbura,42.18003,23.35882,PK,2480
1123177,Koh-e Takhtari,33.12555,62.24163,MT,1285
11865531,Best of all Lookout,-28.23991,153.2723,MT,734
6938346,Silberen,46.9924,8.89948,PK,2318
44687,Kuh-e Panj Angosht,30.75923,53.71717,MT,1745
5760679,Wigtop Butte,43.55624,-120.91611,MT,1511
5777355,Little Baldy,41.70882,-111.7505,MT,2671
5239744,Pete Parent Peak,43.32174,-72.90455,MT,900
3843631,Cerro Morrudo,-42.03219,-71.71579,MT,1918
6627617,"Voejkova, gora",-80.36667,-25.16667,MT,1211
125754,Kuh-e Layeh Zehti,32.10572,53.79628,MT,2362
6887136,Bonghwasan,36.14381,127.66491,MT,366
9144950,Tuberget,58.51843,5.8034,MT,6
8614651,Sturgiss Hill,-34.9321,150.28363,MT,565
269116,Rouais el Qobli,34.35972,36.25333,PK,1965
3299379,Stolac,43.79861,19.39417,MT,1199
9513208,Cerro El Sauz,20.06518,-101.56291,MT,2260
865284,Gora Seyvenduk,43.09736,44.90017,MT,1169
4219651,Rocky Top,34.98231,-84.00352,MT,924
3839216,Cerro Redondo,-29.15,-68.68333,MT,2620
5728444,Glass Buttes,43.55792,-120.07164,MT,1882
8559277,Kuh-e Parati Bora,27.37513,55.64654,MT,393
13098055,Gora Prokhladnaya,61.94811,143.23341,MT,1897
5662550,Lion Mountain,45.52299,-110.34742,MT,2424
2031729,Dund Ulaan Tolgoy,45.86667,116.25,MT,859
3318239,Vlasko Brdo,42.83917,19.13389,MT,1654
6934228,La Douve,46.43493,7.16443,PK,2170
2192013,Croisilles Peak,-41.1,173.58333,PK,481
6923509,Bentihu Panamba,3.4423,125.6606,MT,330
5780773,Round Hill,41.8116,-111.79244,MT,1642
2712379,Gelvenjahka,65.05,14.36667,MT,950
10869845,Cam Dagi,36.33319,29.90707,MT,1147
11343138,Ushite,41.45095,25.0213,PK,1860
3762358,Cerro Fila Larga,-5.70426,-78.55361,MT,715
3412418,Toarfjall,65.88826,-23.82073,MT,706
3207836,Storknuken,62.87833,8.28472,PK,340
4577051,Dug Mountain,34.96233,-82.86403,MT,374
1468649,Koh-e Targul,36.25705,71.42769,MT,4764
1458002,Koh-e Jilandar,34.35187,66.81915,MT,3401
868765,Gora Nagoy-Chuk,44.0377,39.8891,MT,2467
6935872,Baellehoechst,46.63105,7.858,PK,2095
1023922,Aasvoelberg,-31.67549,24.83954,MT,2264
3219116,Monte Dauda,46.48167,12.96722,MT,1423
2561820,Jebel Afedna,31.37905,-6.61701,MT,2406
11409360,Gora Konyrtobe,49.20453,74.53579,MT,895
9144650,Ramnklubbvikfjellet,68.51313,15.24911,MT,50
10979129,Skimthi,38.05873,23.94837,PK,469
8165910,Mount Long,-23.05632,135.32291,MT,827
222036,Labakourousle,11.08333,42.66667,MT,828
7469919,Basti Koh,28.41944,64.01856,MT,1282
3692603,San Cayetano,-6.06667,-80.98333,MT,88
3854833,Cerro Grande,-24.63333,-66.91667,MT,4004
6622183,"Nestor, Mount",-64.41473,-63.43451,MT,1250
4217971,Rattlesnake Knob,34.87676,-83.68545,MT,1075
3934946,Cerro Mina-orcco,-13.66667,-72.16667,MT,4157
6726804,Zhongchuan Shan,24.11758,120.93729,PK,1186
9797893,Kuh-e Gavi,33.39246,57.3454,MT,2152
5585031,Bear Skull,47.11103,-115.69043,MT,1932
9138749,Baerfjellet,58.4192,6.43948,MT,212
11313574,Kuh-e Naqqareh Khaneh,34.20996,49.07909,MT,2534
777229,Svartbergan,70.96656,27.20262,PK,200
5904957,Bocock Peak,55.8499,-122.95312,PK,1576
3056903,Velka Skala,48.44085,18.16418,MT,489
7694784,Kuh-e Kamar-e Do Shakh,33.10536,56.30295,MT,1441
12626598,Gora Chelasin,56.68415,136.98568,MT,1034
1596167,Doi Ku Sathan,18.26378,100.47569,MT,1609
1946828,Foho Fatoboe,-8.91333,125.86778,MT,751
3939909,Cerro Huahuapas,-17.90336,-70.12381,MT,1576
72599,Qarn Mi`wal,15.83333,47.83333,MT,733
8634868,Cerro Cruz Azul,2.5382,-76.01811,MT,1372
7470494,Kuh-e Saqqez,34.77619,49.78802,MT,2201
3773582,Topo El Onoto,9.85644,-67.71129,PK,940
9530478,Kuh-e Kalut-e Runeh,33.98549,54.21572,MT,1070
6685328,Kuh-e Downbuli Daghi,38.48713,45.20486,MT,1696
1170893,Koh-i-Maran,29.43836,66.80641,MT,3235
5793373,Eddys Mountain,48.66483,-122.16377,MT,479
4030276,Cerro Tio Lele,30.75972,-111.5068,MT,798
9026689,Cerro La Sauceda,30.21957,-110.82485,MT,995
2161887,Kangaroo Mountain,-35.07646,148.26948,MT,723
12468698,Cerro El Chivato Muerto,-23.43827,-67.47052,MT,4927
10248786,Zdravec,41.55225,21.33756,MT,1532
3604909,Maton de Cana,14.81667,-86.86667,MT,908
9531631,Kuh-e Kalut-e Siah,33.04438,55.44724,MT,1207
6696296,Cime Campestrin Punta Nord,46.57594,12.01805,PK,2834
3955436,Cerro Acosuanta,-15.36889,-71.83083,MT,4991
8656941,Khulah-ye Rindah,34.30188,63.84106,MT,2213
2039147,Yongdok-san,40.35487,128.40217,MT,1405
3904205,Cerro Siquicapia,-16.8,-69.2,MT,3868
10821548,Gora Abatas,45.4096,81.03287,MT,2912
8777461,Cerro Bola,25.24844,-102.08393,MT,1688
8311160,Nui Lien Hang,22.06761,106.64002,MT,384
12300547,Loma Pan de Azucar,-0.26673,-78.71283,MT,2599
11317472,Kak'avasar,40.97931,43.71948,MT,2241
1153382,Khao Hang Nak,8.09492,98.76219,MT,326
2964194,Slieve Fyagh,54.20666,-9.65745,MT,335
3976789,Cerro Zatajaqui,25.55437,-108.94462,MT,294
5328924,Black Butte,34.85415,-116.69253,MT,602
2580946,Koudiet Serdjet Tekrast,35.47313,0.50188,MT,427
2397258,Mont Nkoulefa,-0.1,10.8,MT,137
6412343,Cerro Mamahuarmi,-11.1025,-77.15361,MT,1479
6369411,Cerro Leon Huactana,-13.51194,-75.11389,MT,4470
8063998,Gora Manas,42.31716,71.02085,MT,4244
8168150,Scrubby Mountain,-25.57083,151.80889,MT,319
7865460,Dongo,-10.55503,14.81501,MT,1523
11009027,Cerro Molino Rumi,-15.27423,-73.90724,MT,3712
11345357,Babina Chuka,41.40445,24.81755,MT,1396
12628758,Gora Gayundo,55.86236,135.74032,MT,1222
2508463,Djebel Ahmed,36.62238,3.53617,MT,715
787640,Tilva Njagra,44.07361,21.99667,MT,770
2807791,Winterberg,51.85358,10.55778,MT,593
1410038,Koh-e Shahid,36.16507,69.05174,MT,1541
1296519,Shwenattaung Paya,19.27635,94.88394,MT,315
3044971,Szako-nyereg,47.74386,18.87359,MT,563
5235409,Deer Hill,44.82949,-71.9876,MT,414
2141228,Gamato,-20.71667,164.78333,PK,466
2986069,Punta di Purcilellu,42.15656,8.87572,PK,1358
3991728,Cerro Prieto,28.95088,-110.79587,MT,555
7033868,Jabal Kishan,37.28594,43.05205,MT,2020
2181828,Taringatura Hill,-45.85,168.21667,MT,535
3954039,Cerro Condorsallana,-14.46444,-71.13,MT,4780
3079549,Belec,49.47774,13.24157,MT,712
3752120,Cerro Mojon Grande,-6.78667,-78.39694,MT,3993
4102510,Bohannan Mountain,36.09869,-93.8063,MT,541
3949891,Cerro Porvenir,-53.9326,-72.22387,MT,193
9137177,Skudeberget,57.9888,7.06958,MT,5
5441974,Triangle Peak,39.31054,-106.91088,MT,2810
4308927,Somerset Knob,37.7584,-86.29942,MT,240
9289324,Cerro El Tepetate,18.16476,-102.08781,MT,959
7459183,Gora Kurgaya,53.4987,87.836,MT,524
9622079,Cerro El Camote,17.42445,-96.95956,MT,2225
4229427,Ward Mountain,34.30731,-85.0755,MT,296
12606185,Gora Bestak,50.44274,139.33251,MT,1133
3898125,Cerro Boldo Negro,-34.33723,-71.01335,MT,634
1434120,'Ali Khel Ghar,32.90661,69.07593,MT,2835
330420,Mote Terara,9.11667,36.65,MT,2063
5526935,Negro Head,30.83487,-103.55545,MT,1279
9628099,Bayumbaca,16.94437,-92.57985,MT,1581
11469337,Kuh-e Chah Rey,36.24807,51.64395,MT,3379
5536189,Burning Hills,37.26471,-111.36877,MT,1694
7176182,Academy Hill,41.28694,-73.91639,MT,76
5849324,Ki'ikolu,21.20941,-156.97013,MT,20
5853097,Pu'uanahulu Mountain,19.85073,-155.85561,MT,464
8457975,Bukit Singgirik,-1.7781,101.8195,MT,1117
11026843,Kuh-e Guza,37.18661,48.79481,MT,2253
3363080,Pakhuispiek,-32.12217,19.01098,MT,1039
8768096,Cerro La Relumbrosa,27.62392,-112.8269,MT,602
5837906,Sentinel Rock,42.58163,-104.87775,MT,1503
12434,Tofoulia,34.78274,32.78922,MT,769
6150846,Snowshoe Peak,60.62714,-138.32473,PK,2135
1471335,Taygh-e Chihil Bayd,34.383,63.86236,MT,2429
11360166,Kuh-e Chah-e Tiz,28.39089,53.8761,MT,1583
858355,Gora Rialimeer,42.47542,46.39241,MT,2960
6671775,Cerro Pampamarca,-11.78365,-75.89338,MT,4719
125849,Kuh-e Lareh Kuh,34.39675,48.00993,MT,1944
7453209,Gora Uchtash,52.7851,87.6411,MT,1124
6076585,Montagne du Douze,45.56198,-71.98719,MT,238
1432487,Baba Pahar,33.75833,74.40556,MT,3760
6070747,McMahon Bluff,43.96682,-77.01614,MT,73
2597995,Terabil,19.54361,8.51889,MT,1094
2087152,Mount Sari,-5.46667,141.66667,MT,2276
10639209,Cerro Jornada,-14.64982,-74.58901,MT,3616
11091849,Afras Bouazza,35.01285,-4.16472,MT,1192
937833,Wynberg,-29.42256,27.36947,MT,1721
5397234,Source Point,37.22439,-119.3918,MT,1853
10248563,Dolno Kule,41.67191,21.41379,PK,1829
3914877,Cerro Huancarani,-16.66667,-68.51667,MT,3926
11263289,Kuh-e Sar Panjehha,36.25923,58.16726,MT,1692
4484359,Peach Knob,35.63845,-82.49624,MT,1154
838682,Stanovica,41.22143,21.81709,MT,1181
12179984,Kuh-e Kamar-e Suz,31.33085,53.89428,MT,1996
369450,Nakapiyan,4.88333,35.5,MT,1389
9008913,Cerro El Madero,25.30784,-102.81113,MT,1402
7627566,Grosse Windschar,46.88953,12.0172,MT,3042
1459617,Gory Aktash,33.865,63.15194,MT,2321
1946176,Gunung Solubo,-8.62889,126.62694,MT,1407
11313034,Kuh-e Aghol Palang,36.44797,59.0453,MT,1775
2433297,Ehi Doma,20.7,17.45,MT,2275
5641023,Blizzard Hill,46.25187,-112.57142,MT,2328
1348940,Kuzh Zyabeh Ghar,31.925,68.84222,MT,2208
2139125,Ouinde,-21.55,165.86667,MT,425
3828275,Cerro Potrerito,3.37826,-74.96831,MT,1376
3339586,Blagov Krs,42.99639,19.70917,PK,1097
5286940,Bronco Butte,33.55505,-111.27152,MT,1268
385733,Kuh-e Tershidu,36.4127,53.85111,MT,2585
8260392,Jumeaux de Sumene (2),43.97064,3.70728,MT,525
5314034,Sheep Mesa,33.71727,-111.56791,MT,953
6939068,Grosse Grubenspitze,47.15444,10.13583,PK,2659
10654181,Bats'sar,40.0611,45.38348,MT,2590
2591117,Bruncu Scala Manna,39.22833,9.42667,PK,739
1116154,Doi Pha Lai,18.72208,98.35595,MT,888
1151914,Khao Nam Lot Noi,10.30831,98.92236,MT,464
2032876,Archin Tolgoy,44.81667,113.03333,MT,1296
1628537,Todo Satalibo,-8.5289,119.4723,MT,721
1429036,Koh-e Mawa,35.11239,70.88043,MT,2917
386506,Har `Ofa'im,32.99005,35.40166,MT,1082
8721260,Kuh-e Bagh-e Pahneh,36.01349,50.93671,MT,2143
1622664,Gunung Umeh,1.16667,124.8,MT,774
2135555,Nitchawounhou,-20.2,169.81667,PK,338
2576863,Djebel Sameur,35.21929,0.24233,MT,752
10427168,Kuh-e Ching Khanom,33.08759,59.16419,MT,1895
5084985,Copp Hill,43.52564,-71.00368,MT,274
6939159,Madloch Spitze,47.17921,10.12261,PK,2546
7914006,Gunung Bubut,-7.6391,107.9991,MT,485
2740717,Alto da Cilha,41.55,-7.81667,MT,485
10180760,Kuh-e Sang Azadi,28.57638,56.56033,MT,1739
11325096,Geret,40.6723,45.33893,MT,2237
6705806,Gunung Batangserangan,3.7992,97.9352,MT,1506
8689786,Cerro El Socorro,30.601,-110.13137,MT,1391
6696715,Hlupy,49.23708,20.22064,MT,2061
390231,Kuh-e Siah,29.6426,52.8758,MT,2168
1867202,Usan-bong,39.89611,124.74111,MT,476
6640515,Shuyuan Shan,24.67917,121.11056,PK,586
966213,Pardekop,-32.93943,21.19185,MT,1281
2573489,Kef et Tiour,35.24028,2.39972,MT,953
3506928,El Mogote,18.5,-70.38333,MT,982
3240197,Liscak,44.22944,16.75778,PK,1231
6960168,Huidu Oliluanti,0.5545,122.0612,MT,460
10956674,Ghlame,30.88849,-7.72608,MT,2355
11349177,Padiri Malai,12.59995,78.95593,MT,914
2889239,Kleiner Kornberg,50.17421,11.95927,MT,678
276300,Jabal Bu Dajaj,33.1,35.3,MT,668
12226141,Orlova Chuka,42.009,23.11522,PK,551
4082538,Peck Hill,33.66399,-85.79413,MT,444
402312,Kuh-e Sedaruk,31.64773,54.74871,MT,1800
4018084,Picos Ast Oh-Hiss-Hoe-Huh,29.23333,-112.11667,PK,399
6375040,Cerro Punta Orjo,-13.91778,-73.58889,MT,4176
6935973,Schaflaegersteck,46.64458,8.24572,PK,2869
70537,Jabal as Sikkitah,14.65,48.78333,MT,1695
1285527,Yebu Taung,13.41647,98.57205,MT,596
1972118,Gunung Gerbek,-7.8975,112.50972,MT,1265
9142337,Rahpesvarri,69.24688,23.85834,MT,385
9147190,Garanascakka,70.47405,24.94787,MT,120
11226866,Pedregoso,19.7944,-100.62095,MT,3275
7528881,Surkh Koh,35.46612,66.72486,MT,3288
5314037,Sheep Mountain,36.29332,-111.60154,MT,1863
6660164,Cerro Morro Verde,-16.18447,-71.6297,MT,3647
6934612,Uomo di Sasso,46.4862,9.01818,PK,2675
8037735,Phu Yakha,16.75981,104.33758,MT,481
6643833,Maokongyuan Shan,24.96721,121.60315,PK,481
11233349,Pha Louang,17.86997,104.71812,MT,721
4962290,Deans Hill,44.30257,-70.37978,MT,185
2851209,Raben-Kopf,47.55301,11.1125,MT,1107
4012780,Cerro Corrales,23.36667,-103.63333,MT,2562
5501009,Busted Butte,36.78273,-116.41949,MT,1295
9146380,"Fattevarri,stuorra",69.64278,24.92018,MT,500
11040748,Cerro Negro,-15.29681,-73.32084,MT,2668
2702782,Juovutjakko,67.33333,19.65,MT,591
429669,Camabari,-2.82917,29.44639,MT,2578
1039777,Monte Matui,-13.41667,35.73167,MT,897
5655691,Gunsight Peak,47.97606,-113.3273,MT,2175
3319031,Smudinoga,43.50333,19.88111,MT,1138
8999290,Cerro Pilarcitos,27.44101,-108.77222,MT,860
1123871,Spin Ghund,31.99562,67.2514,MT,2065
1221233,Pik Krasnoy Armii,38.98333,72.16667,PK,5658
3335408,Kruskova Glavica,42.47667,19.01222,MT,943
11211899,Cuautetl,17.68936,-98.62629,MT,1858
1170849,Mari,26.63179,66.26123,MT,1492
137815,Kuh-e Darnia,28.5655,56.3677,MT,2122
1122099,Turi Ghar,32.85813,65.66924,MT,2010
2781004,Diem Kogel,46.81667,10.93333,MT,2852
2050484,Tonggyong-san,42.50995,130.12282,MT,623
7426098,Kird Hawarah Bahrzah,35.94707,45.49351,MT,1967
2161710,Mount Kellar,-26.0,146.66667,MT,399
7110393,Turani,27.63753,66.85378,MT,1763
12719469,Soum des Salettes,42.76864,0.11127,PK,2976
5862584,Frigid Crags,67.82667,-150.9425,MT,1541
5832651,Monument Butte,42.83885,-108.50011,MT,1747
3143290,Osbakkfjellet,66.99019,14.87235,MT,540
12814981,Gora Lesnaya,48.39234,139.44527,MT,1025
3264069,Svinjar,42.64056,18.42861,PK,1025
6939727,Tristenkopf,47.40216,9.96696,PK,1741
11608707,Lions Head,16.69649,-22.98181,MT,130
7379334,Golo Rawok,-8.4024,120.4115,MT,626
1464834,Koh-e Kalan,35.66049,69.22939,MT,2095
10657555,Hankwattan,33.62517,75.18466,MT,1797
3708601,Cerro Horqueta,8.82612,-82.44571,MT,1931
7386999,Huidu Marisa,0.5665,121.415,MT,788
2668755,Tjarronjuonje,65.25,14.65,MT,992
6634525,"Hanssen, Mount",-85.98333,-164.46667,MT,3280
12902275,Cerro Pangare,-39.79845,-67.57289,MT,363
3414994,Lambahnukar,64.88887,-21.85293,PK,676
6933947,Aguagliouls,46.39464,9.8578,PK,2770
5662898,Little Pilgrim Butte,45.49444,-105.18693,MT,1045
5140025,Studley Hill,44.67866,-74.23572,MT,610
11190784,Sausau,-17.55209,178.10644,MT,680
11268392,El Alto,20.2433,-98.85234,MT,2901
2765773,Schoberspitze,47.28333,14.15,PK,2423
5817828,Bare Ring Butte,42.26496,-107.83619,MT,2291
6418567,Gora Bugristaya,43.28306,131.30667,MT,562
2962727,Slieve Main,55.18591,-7.35158,MT,514
5535091,Big Hill,37.68887,-112.99661,MT,2427
1298332,Sajyang Bum,26.49843,98.7124,MT,3844
5734190,Jumpoff Joe Mountain,44.36901,-122.1834,MT,1274
9819417,Kuh-e Tag-e Siah,34.81214,57.35728,MT,1458
6160558,Sweet Mountain,45.83346,-64.98209,MT,314
1164786,Singwash,30.06043,66.67665,MT,2191
6391897,Cerro Uma,-13.565,-72.4,MT,3449
6934402,Chavagl dal Polaschin,46.45871,9.75766,PK,2829
5851953,Pahuolona,20.73813,-156.00075,MT,280
6935788,Dent de Vounetse,46.62001,7.21041,PK,1813
6916463,Gora Baklan,52.4623,86.0252,MT,488
7444275,Phanom Sa Lui,14.48231,104.25395,MT,465
444952,Voutyro,38.52764,26.21489,PK,182
1050053,Monte Chenhafuma,-18.59222,32.96861,MT,883
3925949,Cerro Vizcachas,-16.91389,-70.17377,MT,5290
986228,KuNkwanca,-31.29396,28.59807,MT,1455
1461496,Koh-e Iskowchah,33.33062,64.7599,MT,2725
9861350,Le Gancet,43.82518,5.64054,PK,708
3164893,Monte Vallatrone,40.96667,14.73333,MT,1147
1324711,Loi Hkomkiu,20.32444,99.70972,MT,1370
5140123,Sugarloaf Mountain,43.73896,-74.93156,MT,690
10349828,Kuh-e Gerdeleh,33.62123,48.63438,MT,1860
3946156,Cerro La Calera,-11.50265,-77.25966,MT,324
9139380,Litlbukvassfjellet,64.3735,13.17335,MT,800
4045955,Fairy Hill,51.90778,177.29444,MT,273
9141577,Ramsefjellet,61.24597,5.11113,MT,100
390579,Kuh-e Maran,28.4529,57.0538,MT,2388
9266255,Cerro Las Vallas,24.5405,-100.48514,MT,2245
6742721,Gunung Jrakah,-6.5797,110.912,MT,823
7584602,Daru Kuch,26.79235,65.71704,MT,703
1180466,Darwaza Sar,34.90332,73.43283,MT,4944
8686417,Kuh-e Suruk,27.84161,61.74098,MT,1505
7667840,Schwalbenstein,48.53394,8.10053,MT,495
3951138,Cerro Tincocorral,-15.73722,-72.615,MT,3982
3139275,Skarvassfjellet,66.95615,15.35016,MT,380
9142412,Burapefjellet,61.9548,6.36508,MT,53
3211986,Donnmannen,66.04721,12.39578,MT,858
8405063,Tubu Feosone,-9.6207,124.2944,MT,1150
4466803,Forge Mountain,35.36428,-82.62207,MT,999
2114711,Gora Konnaya,59.44118,145.41397,MT,668
6938100,Breitfielerberg,46.94638,10.04253,PK,2417
1297980,Sangyi Taung,20.0509,96.08326,MT,424
6634347,"Guseva, gora",-73.16667,63.66667,MT,1342
167507,Jabal Maghlujah,36.41667,40.43333,MT,693
8636054,Kuh-e Puzeh Areh,29.48826,55.01602,MT,2241
11091350,Siah,28.17657,66.23894,MT,1939
785148,Bregu i Tashecit,43.05653,21.14097,MT,990
5315897,Stinking Springs Mountain,34.6267,-109.55816,MT,1844
1135385,Band-e Koh-e Sir,33.54387,63.34395,MT,3031
4715318,North Shelton Rock,32.43874,-98.45783,MT,354
9252051,Puy de Naouri,43.73833,7.06296,MT,1024
1050880,Monte Catalagi,-12.48639,35.82694,MT,1476
9508729,Cerro Los Monos,18.85302,-103.48562,MT,1452
1652443,Phou Tinsan,21.95173,101.94942,MT,1601
1861620,Inamura-yama,33.75,133.36667,MT,1506
1374904,Hirantaleg,28.61442,64.09432,MT,1300
4457800,Buck Knob,35.15871,-83.03986,MT,1228
6562821,Gunung Watutawon,-7.17111,109.75222,MT,1814
715152,Szokolya,48.3,21.38333,MT,516
4817078,Odell Knob,39.43953,-80.33398,MT,466
3965989,Cerro Morado,-14.30362,-69.87551,MT,5003
8677844,Cerro Yanachacca,-13.39879,-74.86152,MT,5002
6983624,Torukuno Pasi,-2.9374,122.1725,MT,847
1938331,Foho Loles,-9.19778,124.84444,MT,645
12904963,Morro Florencio,-44.23254,-71.66981,MT,587
10306945,Kuh-e Nesar,33.39489,48.63281,MT,1955
12718483,Pic de Belonseiche,42.82151,-0.51341,PK,2293
5460881,Cebollita Mesa,35.86308,-106.65587,MT,2647
8283453,Doi Pha Huai Hom,18.59754,99.49503,MT,436
9514379,Cerro El Jabali,18.68148,-101.98208,MT,573
723676,Rydoszowa,49.18019,22.18157,MT,883
10328979,Kuh-e Bard,32.42144,59.67787,MT,2157
9025302,Cerro El Haya,19.83282,-96.81014,MT,1483
2128250,Sausu-yama,42.86667,141.2,MT,742
3217630,Breiter Gupf,46.45556,14.37417,MT,984
5346747,Epidote Peak,38.05964,-119.30488,MT,3338
12901797,Cerro Tres Picos,-46.40081,-67.71662,MT,195
6674241,Cerro Niniaycocha,-11.669,-75.34826,MT,4663
1452497,Tandi China Sar,34.08583,71.07861,MT,1606
2213324,Ra's al Qubal,31.93009,11.55986,PK,647
3154920,Gronfjellet,62.81181,8.03411,PK,656
3175785,Formiche di Grosseto,42.57674,10.88143,PK,6
2042955,Maengbu-san,40.79917,126.96222,MT,2214
1429579,Koh-e Nowila,35.09726,69.96938,MT,4156
1444074,Mian Koh,32.93926,65.37694,MT,1664
3942743,Cerro Collpa,-13.36614,-75.18365,MT,4414
1779549,Gunong Berendang,1.53333,110.16667,MT,451
12904929,Cerro La Vertiente,-44.05871,-70.58458,MT,724
5504124,Flat Top,37.5158,-114.36582,MT,1857
836651,Crvena Gora,43.53717,20.16538,MT,1215
979838,Malelane,-25.56667,31.48333,MT,716
2029903,Nagaat Uul,47.11667,119.75,MT,1165
5638979,Bear Mountain,48.955,-113.7575,MT,2691
10704431,Mahadeo,20.27233,74.90536,MT,901
1220071,Pik Zarasak,39.20203,72.48586,PK,5232
3161107,Blafjellet,68.39781,14.93863,MT,759
5823890,Dummy Hill,41.50692,-105.32859,MT,2206
1428345,Nakhak Ghar,32.26152,62.47854,MT,977
6385193,Cerro Quinual,-8.3825,-77.14889,MT,4306
9266183,Loma Divisador,24.60596,-100.60504,MT,2120
5726638,Firestone Butte,43.63957,-120.96917,MT,1707
1701888,Mount Mangabon,8.60528,125.10861,MT,2510
11090768,Skas Brok,35.12184,76.54803,MT,5226
6685313,Kuh-e Qerkh Bolakh,38.34538,45.08199,MT,2090
2040419,Soyonji-bong,41.94369,128.15247,PK,2092
8425058,Ile Pasandana,-8.3543,123.0832,MT,822
3954083,Cerro Lluscaquinray,-15.11144,-71.0979,MT,4325
2512517,Sierra de los Pinos,36.63201,-5.37577,MT,1342
9870023,Nui Lung Vai,22.06098,105.90782,MT,687
11431299,Zuhur Umm al Jaddi,34.28233,36.70402,MT,1186
3781622,Alto Blanco,4.87721,-73.79976,MT,3054
2549011,Jebel Farsigene,34.73,-3.8,MT,1525
3299858,Klekovo Plece,43.27972,18.75917,PK,1798
6709756,Kuh-e Savareh Sureh,36.1814,46.0119,MT,2068
9146833,Olderbakkfjellet,70.04933,21.98017,MT,657
10932766,Kut',40.19171,45.88751,MT,2099
9979201,Nui GJan Bong,21.16324,104.63267,MT,205
3260636,Obrovacka Kosa,44.51917,17.60056,MT,951
8686473,Kuh-e Jadow Ab,27.5873,61.65707,MT,1338
11597974,El Aguila,17.91744,-97.4828,MT,2291
1914522,Huanglian Shan,23.47963,112.27831,MT,871
6756712,Qezel Kuh,35.6584,49.2742,MT,2091
2192912,Mount Brown,-43.85,170.05,MT,1433
5133414,Rankin Pond Mountain,43.85034,-74.02236,MT,692
9133684,Gullringfjellet,58.63704,7.91737,MT,640
6047738,Ladue Range,63.83299,-134.37072,MT,905
4851345,Chimney Rock,42.22001,-91.08181,MT,258
2992344,Montjournal,45.16821,3.09491,MT,1180
2217634,Ra's Fam Mullaghah,32.47732,13.41994,PK,426
1836191,Seonginbong,37.4979,130.8672,PK,984
3649788,Acurima,4.66667,-61.16667,MT,1119
349927,Ra's Sadiqiyah,28.63141,34.32988,MT,1096
1735508,Buket Khuarimo,5.73333,101.26667,MT,739
8655861,Sari Dagi,39.83592,47.01734,MT,916
3182279,Monte Battaglia,44.21667,11.58333,MT,584
3259919,Celopek,44.59792,18.13074,MT,589
404085,Jabal al Hadari,15.42924,44.3036,MT,2541
3036038,Mont Auri,43.88333,7.36667,MT,742
94263,Koch,35.13333,44.55,MT,288
12119409,Kuh-e Khoshkeh Kuh,32.74847,51.27782,MT,2195
3954386,Cerro Patarorco,-14.06056,-71.25278,MT,4767
3966581,Cerro Pasto Kkollu,-18.87741,-68.59639,MT,4096
5329313,Pico Blanco,36.31885,-121.81134,MT,1126
1665468,Yingzi Ling,24.90639,121.81167,PK,923
783991,Zarovi,43.36833,20.26722,MT,1511
9627472,Cerro La Union,17.21665,-92.96471,MT,1900
8166739,Mount Bruno,-36.32041,146.15459,MT,263
7577769,Doi Pae Poe,17.17056,98.46967,MT,1385
5439163,Smith Hill,39.80249,-105.44194,MT,2663
8750254,Kuh-e Luk Chah,28.23738,56.9712,MT,2154
9190865,Cerro Picacho La Lagunita,25.13159,-106.59653,MT,1660
3361237,Spektakelberg,-29.71667,17.66667,MT,826
5727703,French Peak,42.03551,-123.49236,MT,1674
7444283,Phalan Yai,14.378,104.46203,MT,560
3716601,Morne Ti Clos,20.01408,-72.69786,MT,263
929283,Kalawata Hill,-15.38333,34.55,MT,944
6625913,Squires Peak,-73.93213,-62.68925,PK,1150
1745179,Bukit Semeninjau,2.538,103.196,PK,301
5795016,Freds Mountain,48.91681,-120.26038,MT,2432
2492241,Kattouf,23.05017,5.60799,MT,1873
3843283,Cerro Negro,-25.40787,-66.10182,MT,3450
3196028,Lupina,44.64278,16.12694,MT,1201
7566627,Morro Agudo,-22.29545,-42.79005,MT,1395
3943596,Cerro Choclla,-12.6186,-76.09005,MT,4602
10410922,Gradiste,42.31164,22.35972,MT,1333
1443144,Sharmish Ghar,32.61251,67.11957,MT,2065
9184141,Cerro El Pando,24.63017,-102.16223,MT,2454
2155093,Norman Head,-23.56139,150.14972,MT,275
1630881,Torukuno Pondo,-1.766,120.8402,MT,1159
2129680,Kamuinupuri-yama,42.41667,140.23333,MT,409
4014441,Cerro Chato,19.2122,-102.27182,MT,1738
5809553,Sasse Mountain,47.35706,-121.05592,MT,1733
336706,Ghedi,12.65,37.51667,MT,2517
3805843,Cerro El Toletazo,6.30944,-67.38091,MT,56
118078,Kuh-e Sabz,28.1129,55.1034,MT,1603
9499408,Cerro La Cantera,24.21034,-103.98355,MT,2377
2482247,Djebel Sebah Chergui,36.13425,3.11292,MT,1159
2554576,Bouwizourane,32.49766,-4.61605,MT,2055
9145457,Livelttinden,68.72676,18.37098,MT,1340
11261564,Tall as Sa`b,33.83576,36.63023,MT,1413
4019130,Cerro la Aguja,19.72125,-104.03829,MT,1403
3959619,Cerro Jatunhuallcayoc,-12.79369,-75.62037,MT,4804
2772136,Magdalensberg,46.73333,14.43333,MT,919
6934490,Motto di Torretta,46.46957,8.68732,PK,2595
5549556,White Mountain,37.7047,-113.04717,MT,1941
2626486,Storasula,63.82572,-19.2522,MT,693
5343531,Domingo Peak,37.78604,-120.33075,MT,756
2945782,Bottenberg,48.8,8.43333,MT,443
3238482,Srednja Glavica,44.19308,17.12568,MT,891
441158,Divaniacem Tepesi,37.59111,40.71444,MT,1004
5585182,Bechtel Butte,46.99157,-116.32293,MT,1418
3418020,Breidabolsstadafjall,65.14951,-22.06913,MT,277
5296,Kuh-e Astaneh,36.17793,54.18727,MT,1682
6635004,Hogfonnaksla,-72.73333,-3.56667,PK,2295
4956719,Amos Mountain,44.23368,-70.87146,MT,287
6925836,Kuntung Solo,1.1075,124.4853,MT,548
5114564,Dawes Hill,42.28813,-76.53355,MT,552
11022223,Arp'i,39.4779,46.03888,MT,1726
1857701,Ma Mine,38.17684,138.37268,MT,816
2056542,Gora Sof'ye-Alekseyevskoye,44.25438,131.23835,MT,791
5728415,Glacier Mountain,45.18876,-117.38714,MT,2740
6902725,Kuh-e Pir Kal,32.1024,52.1197,MT,2123
1595311,Phu Pong Daeng,17.10516,104.02461,MT,361
3892297,Cerro Dona Ines,-26.07784,-69.18499,MT,5070
9812023,Cerro Sanambo,19.64953,-101.44237,MT,2747
10353486,Kuh-e Arreh Tigh,32.7617,59.95911,MT,2046
2181326,Te Ruakaka,-39.41667,175.1,MT,429
6393965,Cerro Ancolacaca,-17.94417,-69.90944,MT,3383
1301301,Pasaung Razi,28.13333,97.73333,MT,3441
1020234,Bell Kop,-30.86458,27.80288,MT,2072
5236348,Ganson Hill,43.73618,-73.15456,MT,418
1470590,Kambu,36.00086,69.70075,MT,2659
1657570,Phou Dehan,20.22392,103.89844,PK,1671
3167087,Monte Sassicari,42.18333,11.91667,MT,416
7785067,Mbango,-9.15974,17.4304,MT,1196
3903297,Cerro Tarucani,-19.92395,-65.07912,MT,3609
10949934,Caid Lamdal,33.30387,-6.82586,MT,482
288442,Jabal Fajj Rayibah,23.24872,56.4497,MT,531
8740310,Pico Tiatino,-18.46341,-65.07408,MT,3484
9074498,Kuh-e Mark,26.50103,58.00509,MT,853
330143,Negara,16.38877,38.77059,MT,824
3885480,Cerro La Leona,-47.0283,-72.12052,MT,2194
8166550,Mount Cygnet,-43.19,147.16,MT,370
10630953,Nui Cuu Kep,21.52743,103.60429,MT,993
5814041,Tukes Mountain,45.784,-122.51593,MT,181
5513851,Tor Peak,39.05104,-116.75814,MT,2723
5859769,Cone Mountain,59.22444,-151.62472,MT,554
3360638,Tatasberg,-28.31885,17.25209,MT,1022
1391751,Loe Tabai,30.35472,67.20067,MT,2892
3886658,Pico Kater,-55.86733,-67.56768,MT,426
8269565,Doi Huai Thang Lat,18.19708,99.17778,MT,628
10323513,Kuh-e Bur`arab,32.036,59.6497,MT,1875
3901215,Cerro Wila Willkhi,-16.9,-67.63333,MT,4080
269459,Qalaat es Sour,33.74611,35.59556,MT,931
6642747,Gora Khrebtovaya,50.48967,137.28375,MT,331
6665288,Cerro Jinchi Punta,-9.63425,-76.66538,MT,4216
8248412,Gora Rassomashnaya,59.0196,58.7859,MT,670
9148859,Lutranuten,60.39312,6.73547,MT,597
2963051,Laghtdauhybaun,54.06667,-9.65,MT,722
342454,Belbela YeTerara Ch'af,9.35,37.06667,MT,2823
12122578,Cima di Malariva,44.14353,7.34569,PK,2860
3074866,Hrby,49.56429,14.25472,MT,606
4534412,Coyote Hill,35.63449,-98.27395,MT,488
3606741,Montana Las Hojas,14.46667,-89.28333,MT,1531
6729059,Lingjiaoliao,25.03215,121.75054,PK,270
7581687,Gunung Mese,-8.2622,114.6828,MT,1210
8638905,Cerro El Huerfano,30.6215,-107.74892,MT,1702
3871172,Cerro Saye,-22.64657,-68.0287,MT,4199
1477092,Koh-e Bachah-ye Begak,32.99694,64.97004,MT,1647
2767549,Rether Joch,47.51667,11.63306,MT,1673
3016339,Mont Geniparello,42.13154,8.68692,MT,295
9625409,Cerro El Chato,17.33611,-93.61711,MT,841
10816481,Cerro Portachuelo Piscacoto,-11.62667,-76.81058,MT,2431
8379395,Chauvelon,44.90373,3.98726,MT,1161
179201,Timbila,-3.36328,37.73169,MT,929
8537404,Kuh-e Sefid,30.80419,53.40752,MT,2304
10322399,Viroveto,41.53089,22.81019,MT,1293
6675308,Cerro Tucutanan,-9.49487,-76.54547,MT,4214
9114335,Kuh-e Tirashkan,28.63555,56.45206,MT,2198
4062687,Ford Hill,33.68427,-85.78663,MT,419
5499762,Basalt Peak,39.46215,-115.88894,MT,2490
4948814,Robbins Hill,42.58509,-71.36506,MT,124
2986844,Sommet du Platary,44.79312,5.61196,PK,1586
3508929,Loma de Dajay,19.02278,-71.31895,MT,1577
98124,Jabal Bahkhshi,35.48062,45.2315,MT,1126
3931575,Cerro Puchuhuasi,-14.41667,-74.2,MT,4404
6122009,Richardson Range,52.68947,-128.91319,MT,296
8166633,Halls Gap,-41.95,146.34,MT,1095
3473441,Serra Grande,-14.51667,-39.13333,MT,173
5612308,White Valley Mountain,44.62131,-114.44869,MT,3040
1656895,Phou Kabok,17.75314,105.01585,MT,807
3616082,Cerro Teosintal,13.43333,-85.71667,MT,499
1399945,Baghwana,27.90638,66.31575,MT,1831
6080410,Mount Crysdale,55.93317,-123.41985,MT,2201
2631067,Grjotholatindur,64.74386,-14.28446,PK,723
836927,Drenjak,43.55722,20.93833,MT,697
3800689,Cerro Ferrocarril,16.91139,-97.13639,MT,2408
8372763,Khao Nong Hua Khao,15.86736,101.68081,MT,340
6380299,Cerro Yanacoto,-9.33306,-77.72778,MT,4548
7414781,Golo Renggong,-8.6351,120.4127,MT,1784
6746570,Kuh-e Yekkeh Saf,33.8392,49.4791,MT,3055
12904841,Cerro Chivo,-43.31446,-68.11886,MT,586
2060137,Mount Todd,-14.1333,132.1333,MT,146
4206208,Little Nell Knob,34.9637,-83.65211,MT,979
4029944,Cerro Tescalama,30.8299,-111.04219,MT,1014
9140295,Hauafjellet,61.62017,6.67551,MT,520
11460716,Thaimbaraimalai,11.0797,76.54234,MT,956
6630430,Browns Butte,-85.25,167.5,PK,2165
47532,Kuh-e Barkhu,30.3475,51.55306,MT,1421
9809859,Cerro Milpillas,19.70922,-102.75664,MT,2024
2040116,Taeryon'gol-san,41.87453,129.4371,MT,1550
12326807,Macala,-13.74181,13.94657,MT,1160
5339228,Mount Conness,37.96687,-119.32127,MT,3825
8388894,Gramender,15.22653,38.41125,MT,939
1116893,Doi Chang,18.26392,97.95467,MT,790
6664052,Cerro Jushca,-10.41083,-77.45179,MT,3005
1429591,Koh-e Farazh Gul,35.01287,69.9462,MT,2853
3297820,Ober,43.54306,19.29583,PK,1486
3217920,Blaustein,46.6075,13.02278,MT,2106
5105408,Throck Morton Hill,40.2515,-74.17903,MT,80
2561773,Jebel Aferzaz,34.68,-4.11,MT,991
5871752,Mount Plummer,60.97222,-159.69472,MT,1040
4006287,Cerro Flechas,25.81667,-106.13333,MT,2730
5426853,Jupitor Mountain,37.6125,-107.59228,MT,4202
1781766,Bukit Bakuk,4.2686,101.5384,MT,844
7912431,Khao Takuat,13.15981,102.11567,MT,420
269419,Qalaat Ksara,33.75889,35.73139,PK,1427
339696,Debre Selam,16.33634,37.89497,MT,1665
2182623,Smooth Peak,-45.33333,168.26667,PK,1577
7378913,Buntu Pala,-2.1496,119.8042,MT,2071
6756732,Kuh-e Darband,35.5883,49.3312,MT,2619
6907819,Dozd Kuh,28.6976,52.6621,MT,1244
6663970,Cerro Allallashpunta,-10.12163,-77.36208,MT,4014
5653026,Four Buttes,48.82697,-105.63389,MT,791
1649696,Gunung Batukenye,0.78333,115.85,MT,896
10956728,L-Bour,30.92682,-7.68039,MT,2303
1455993,Koh-e Sipar,35.80695,70.37964,MT,5262
8635066,Cerro La Cruz,30.94208,-107.64008,MT,1639
2777782,Grosser Koppenkarstein,47.46667,13.65,MT,2346
6633045,Ferri Ridge,-75.01667,-113.68333,PK,244
6147853,Silver Mountain,50.06656,-117.70226,MT,2267
3717093,Morne Sirouelle,18.32806,-72.62972,MT,424
2626363,Sudur-Lambatungur,64.54395,-15.24696,MT,938
3883838,Morro Las Trancas,-30.47602,-71.39758,MT,938
6980088,Kuh-e Gav Parkan,28.2358,55.0573,MT,1304
2418657,Koumagouron Kourou,11.96667,-10.08333,MT,584
6937944,Platzerspitze,46.92704,10.66794,PK,3102
11264041,Kuh-e Tigh,36.64183,58.39443,MT,1688
6668824,Cerro Pico,-11.39104,-76.03668,MT,4196
6746960,Kuh-e La`nati,34.35077,49.2735,MT,2182
5899567,Big Bell Mountain,53.29024,-120.35826,MT,2114
5424830,Mount Herard,37.84917,-105.4945,MT,4070
447177,Qimmat Shikni,36.93359,44.59643,PK,1647
3708464,Cerro Jacinto,7.65184,-80.90077,MT,458
9143736,Lillefjellet,69.83266,21.84637,MT,124
10316504,Alto de La Mula,3.36842,-75.09138,MT,660
10418719,Nishi Mine,35.48688,139.17072,MT,1343
2271654,Pico de Ana Ferreira,33.03333,-16.36667,MT,10
5754061,Square Mountain,45.74682,-116.68598,MT,1437
2472497,Kef el Bled,36.77778,8.95028,PK,625
862153,Maja e Ballishtes,42.29028,20.28222,PK,758
126133,Kuh-e Qushkar,36.86279,47.65473,MT,2324
10866321,Cerro Reparticion,-13.22961,-75.96317,MT,1619
5566373,The Knob,40.09043,-122.9689,MT,1965
9139855,Flugedalsfjellet,61.08875,6.06884,MT,180
1882961,Dafeng Jian,28.41028,120.36361,MT,916
8166859,Mount Lindsay,-36.77542,145.90764,MT,712
1123163,Koh-e Takhtah,35.78793,66.51953,MT,2685
795856,Storenga,70.87095,26.38394,MT,399
306989,Koca Dag,38.26667,26.5,MT,164
2188617,Kowekaweka,-35.56667,173.56667,MT,432
6076745,Mont Auclair,49.05009,-65.94877,MT,935
3188103,Veliki Bucelj,42.75222,18.02556,MT,775
3333901,Rote Flueh,47.5031,10.6021,PK,2108
5609570,Table Mountain,42.49298,-111.07242,MT,2611
1677543,Qulie Youshe Shan,22.26667,120.75,MT,352
11644613,Hadllpahar,22.91671,84.57605,MT,906
2038772,Kariba-yama,42.61417,139.9425,MT,1489
9624764,Cerro Palmarillo,16.58289,-94.58523,MT,380
9139646,Geaidnoluohbavttit,69.99624,29.13451,MT,227
9146317,Fugldalsfjellet,69.51568,19.85464,MT,1115
10464906,Kuh-e Bahu-ye Tangol,33.5077,59.22313,MT,1979
7793747,Doi Om Haet,17.72958,98.31903,MT,1570
288647,Jabal Bu Jadid,23.65253,56.9689,MT,916
5751937,Silver Butte,44.90459,-118.55023,MT,1862
2183691,Rangiwahia,-39.91667,175.9,MT,547
6936138,Hahnen,46.67095,7.38525,PK,2034
99677,Aj Bulaq,35.37389,45.855,MT,786
5760611,Whoorey Mountain,42.98039,-124.12427,MT,408
4063062,Fox Squirrel Point,34.65676,-87.72003,MT,254
4957233,Bald Mountain,45.2636,-69.7717,MT,799
2515310,Las Morenas,38.13451,-4.22759,MT,597
12544503,Mount della Crocetta,40.94804,8.20747,MT,63
7850575,La Dent de Man,7.4584,-7.5436,MT,881
7902964,Capoco,-12.36868,14.87436,MT,1610
6940024,Eisenberg,47.61278,10.59,PK,1055
2476696,Tigmal,22.95,5.43333,MT,1433
3533392,Actopan,20.23333,-98.85,MT,2684
8458433,Olat Salabangun,-8.81469,117.19469,MT,659
1165,Kuh-e Bandsar,36.27499,51.10051,MT,3864
6932078,Pizzo del Ciape,46.0791,8.15691,PK,2394
5610296,Tom Beal Peak,46.4452,-114.769,MT,2309
6642683,Gora Ulan-Tologoy,51.55616,107.09996,MT,610
12564120,Monte lu Ferru,40.73163,8.23079,MT,262
697730,Gora Perekhrestya,48.38195,23.68588,MT,1127
11264291,Bevanhatti Doddi,12.17287,77.64594,MT,614
3926213,Cerro Viejo,-11.44944,-76.9175,MT,2254
135562,Kuh-e Dusteh Sha,38.77833,46.40083,MT,2275
6368888,Loma Yacumayoc,-13.81806,-75.30389,MT,2874
1378090,Pir Sar,34.83482,72.87734,MT,2412
4978001,Scribner Hill,44.06757,-70.51923,MT,271
8642384,Cerro La Aguja,29.02392,-105.27377,MT,1169
1458975,Koh-e Qarkh-e Asyab,34.02114,68.03164,MT,2910
6695396,Monte Patino,42.82499,13.13917,PK,1883
6889796,Gunung Kandangwidya,-6.9459,111.138,MT,438
2188479,Lavericks,-43.75,173.01667,MT,642
6081699,Mount Magog,50.86674,-115.63537,MT,2381
5110471,Brush Mountain,43.41951,-74.45181,MT,660
6082060,Mount Nemo,43.41681,-79.88293,MT,273
2582974,Kef el Haj Salah,36.72028,8.91083,PK,777
12762418,Gora Storozhevaya,44.82848,130.9597,MT,943
8627401,Dolok Gariang,1.63172,99.69671,MT,188
11970972,Kuh-e Dowra,31.93451,50.31399,MT,3271
5879178,Alger Peak,61.9,-152.66667,MT,696
10787524,Fusilier Mountain,-54.41667,-36.25,MT,810
5820673,Carter Mountain,44.19467,-109.41877,MT,3686
5649697,Dusty Star Mountain,48.65081,-113.63455,MT,2434
791016,Drobaci,41.70611,21.26,MT,1266
12511469,Hoyuklu Tepe,39.80313,32.16254,MT,1137
8688502,Cerro El Tunelito,30.51229,-108.74372,MT,1547
6873169,Gora Siniy Utes,51.4731,83.3245,MT,626
7097411,Koh-e Sanjtak,34.4248,69.23842,MT,2479
8617443,Rudny,49.13953,15.7009,MT,630
1471957,Haji Kamo Kandow,34.27695,69.58949,MT,3210
2170957,Mount Colosseum,-24.41028,151.57917,MT,469
5341227,Cuyama Peak,34.75387,-119.4754,MT,1787
3659445,Chamorro,-1.7,-78.73333,MT,3399
873213,Gora Sakmuil,54.6286,59.1907,MT,836
6911403,Bulu Tosimbere,-0.579,119.8932,MT,743
413804,Jabal at Tamriyah,21.89306,39.32237,MT,168
8601077,Semab,6.57954,35.12882,MT,1120
8224167,Campul Capelei,46.032,26.0068,PK,923
2133807,Mount Bramble,-10.59394,150.42492,MT,320
5787955,Bowman Mountain,48.75595,-122.07377,MT,1023
91512,Sari Marahsitah,36.39357,45.23504,MT,2325
5604040,Plummer Peak,43.94601,-115.07647,MT,3039
2464490,Jebel Touro,37.22746,9.50786,MT,376
2042862,Mayu-san,40.8983,129.65249,MT,533
408412,Jabal al Kaira,13.25139,44.89194,MT,639
6080755,Mount Fitzsimmons,50.1832,-116.71884,MT,2314
9893345,Pom Bia,21.1981,103.95774,MT,1016
6933272,Hillehorn,46.30307,8.1404,PK,3180
2132076,Gora Kiselevna,47.3333,142.89411,MT,427
3058099,Polana,48.65898,19.8786,MT,882
8133449,Cocoriciu,45.583,24.41849,PK,2034
6684176,Noinbong,34.95361,127.03486,PK,530
8610974,Kuh-e Porba Hejarat,26.74361,53.68324,MT,32
9135460,Kardalstindane,62.11657,6.63881,MT,1140
5267079,Pine Knob,43.01721,-90.90874,MT,302
4045559,Locust Hill,51.9425,177.43806,MT,85
4826813,West Union Hill,38.51399,-81.31234,MT,307
5805813,Orchard Rocks,47.57783,-122.5318,MT,0
2503167,Djebel Bou Fertettou,36.6,3.21667,MT,291
1873110,Ori-san,38.39083,127.26833,MT,453
9143577,Rabnafjellet,59.33683,5.58268,MT,215
4477133,Long Mountain,35.19178,-82.46818,MT,891
1435053,Zarif Ghar,33.08933,69.48585,MT,2350
3607794,Cerro Laguneta,14.11667,-88.73333,MT,751
6936106,Il Cavallo,46.66614,10.82348,PK,2891
4982245,Watson Hill,45.1625,-69.33747,MT,208
407112,Jabal Ramiz,16.06555,44.12454,MT,2155
1984176,Baiyun Shan,27.16794,119.4976,MT,1449
5540770,House Park,37.97915,-109.84652,MT,2040
8167742,Mount Vincent,-33.0235,149.92619,MT,1081
5797299,Highchair Mountain,47.56789,-120.9937,MT,2113
1562515,Nui Voi,19.51667,105.56667,MT,158
1121060,Zami Ghar,31.73565,67.19936,MT,2376
2344585,Dong,8.78385,11.80021,MT,1028
3955210,Cerro Andamayo,-15.17917,-71.5725,MT,4352
6082489,Mount Robertson,50.71675,-115.31872,MT,2677
6621968,"Lawrence, Mount",-67.85722,62.51778,MT,1196
3647227,Cerro Campo Alegre,10.37822,-64.21968,MT,362
6643643,Qian'ayu Shan,24.77935,121.65727,PK,806
5944068,Dungeon Peak,52.68332,-118.28568,PK,2119
5193794,Hoag Hill,41.40145,-79.6595,MT,459
526045,Gora Mitseshta,43.70238,41.46444,MT,1842
10957747,Hajrat Bou Hyay,35.00741,-4.50822,MT,1321
9140064,Nordstrandfjellet,61.18738,5.50583,MT,440
2698055,Kyrkstensfjaellet,63.18333,12.73333,MT,1117
2131154,Gora Pil'vo,54.05564,142.57416,MT,209
4820723,Round Knob,39.08177,-79.05392,MT,698
5374351,Montecito Peak,34.47194,-119.63874,MT,967
314462,Giriresti Tepesi,37.61066,42.82695,MT,1956
11655628,Mudavan Pottai,8.40383,77.37235,MT,697
2163436,Mount Hillalong,-21.29278,148.285,MT,461
7580540,Sakhtay Sar,34.43862,69.35736,PK,2554
2632730,Bleikitindur,64.33217,-15.02883,PK,308
9281518,Cerro Granados,18.87792,-101.04835,MT,1094
12902300,Cerro Alto,-41.07646,-69.80916,MT,1254
837987,Cracu Almasului,44.81278,21.83167,MT,308
4461337,Cole Gap Mountain,36.38653,-80.267,MT,617
11761760,Kuh-e Deym Hil,32.69959,49.714,MT,3093
799251,Gora Changlyal-Dag,41.15017,46.96742,MT,646
5774982,Frary Peak,40.96189,-112.21606,MT,2006
735424,Likomoron,40.08333,20.68333,MT,596
1554646,Dalong Shan,30.64167,117.04167,MT,623
2731222,Flatkollen,78.28333,17.45,MT,180
288105,Jabal Hammat Sarih,23.97262,56.5716,MT,1133
4773902,Morgan Knob,38.50679,-78.68141,MT,936
999641,Grootberg,-31.30926,23.86146,MT,1657
5853088,Pu'uala,19.84257,-155.44405,MT,3844
5879071,Amawk Mountain,67.93278,-150.35278,MT,2021
10182692,Stur Sar,33.76224,70.65338,MT,2667
12122221,Testa Margiola,44.16844,7.21928,PK,2831
8410007,Tubu Kusi,-10.0357,124.4549,MT,769
9695926,Pog de Montsegur,42.87585,1.83319,PK,1200
9624506,Cerro El Aventadero,16.58785,-96.22572,MT,1640
1884569,Khao I Lak,15.38158,100.52751,MT,316
1092799,Monte Namilisse,-15.38472,37.2925,MT,1543
3778850,Alto La Esperanza,3.94611,-76.41722,MT,1544
7931960,Franzosenkopf,50.14722,9.22532,MT,481
1139812,Itumak,35.7504,67.36142,MT,2808
9624785,Cerro La Iglesia,16.62658,-94.41788,MT,489
279720,El Khraibe,33.57,35.74472,MT,1266
1447807,Surkh Sang Tore,32.37513,66.76071,MT,1917
4781271,Red Oak Mountain,38.87928,-77.98166,MT,373
11408813,Haydushka Chuka,41.60787,23.02176,MT,1207
12785852,Gora Dzhana,55.30592,134.4004,MT,1005
3906904,Cerro Quellu Apacheta,-20.12058,-64.79402,MT,4410
3920464,Cerro Cholcani,-18.31069,-68.83973,MT,5032
6933646,Petit Montrond,46.35888,6.01881,PK,1533
6326420,Magone Mountain,47.10846,-114.85378,MT,1710
11114357,Kuh-e Galleh Shotori,32.37924,57.50943,MT,1027
1466364,Akhund Sahib Ghar,31.45787,65.41022,MT,1117
1656588,Phou Khaonok,17.3871,105.75133,MT,610
3265856,Kipin,42.585,18.40222,PK,880
3941869,Cerro Cuchilla,-12.23333,-76.8,MT,261
6309163,Cerro Hueccapunta,-13.73167,-73.06722,MT,4392
5880410,Mount Bede,59.30667,-151.92139,MT,834
11144700,Aglagal,30.19551,-7.82102,MT,1971
5710350,Windy Point,41.46795,-118.61017,MT,1267
889951,Ushava,-20.0695,31.54928,MT,1295
3650834,Cerro Tambillo,-4.13333,-80.23333,MT,691
2764835,Speikkogel,46.81667,14.65,PK,1743
6050658,Lavant Mountain,45.05011,-76.66611,MT,344
6634540,Hardiman Peak,-85.01667,-169.38333,PK,1210
6901366,Seongsan,35.554,128.32845,MT,301
6667231,Cerro Pascua,-13.0145,-76.10859,MT,1841
7083993,Gumuk Pakel,-8.1939,114.22677,MT,573
7754773,Quizenga,-6.53451,15.66845,MT,898
6935152,Taelligrat,46.54755,8.39342,PK,2628
12726846,Gora Medvezh'ya,46.76615,138.32811,MT,404
948339,Torquay,-29.26667,23.81667,MT,1056
855138,Kerrshi Asovs,42.74028,20.21472,MT,1920
1447739,Gora Anarband,32.48361,66.84833,MT,1885
3622910,Cerro Matama,9.7827,-83.24006,MT,2200
5661067,Koch Peak,45.03687,-111.45996,MT,3408
7544790,Matadi,-6.11723,16.44232,MT,820
6721521,Kuh-e Pard Kuchekinan,35.5315,47.0661,MT,1978
3316970,Glogovo Brdo,42.51806,18.6475,MT,918
4826255,Wagner Knob,38.69539,-79.21976,MT,745
2497098,Es Saiada,34.93106,1.37437,PK,1188
3194281,Oblo Brdo,43.14861,18.09167,MT,1036
1447815,De Khush Kol Ghar,32.35222,66.88594,MT,2280
2161310,Mount Kingston,-41.88333,147.2,MT,292
3259871,Prascev Vrh,44.34528,16.31,MT,1105
119434,Kuh-e Guni Asher Aqaji,34.4049,48.2337,MT,2207
9637563,Cerro Solola,15.67041,-91.76967,MT,1507
3897053,Cerro Cana Brava,-47.44333,-72.9915,MT,1817
3289095,Rudinska Kosa,43.80833,17.895,MT,1500
3936418,Cerro Lindayoj,-12.98333,-75.68333,MT,4200
9138928,Gaedgebatvarri,68.98779,18.04424,MT,640
11369978,Sagasar,40.97089,44.78888,MT,1766
673819,Magura Margei,45.45,22.51667,MT,1351
5289776,Chrome Butte,33.50422,-110.69372,MT,1759
5220844,Beacon Hill,41.51205,-71.31394,MT,27
3727246,Morne la Coupe,19.53629,-72.03468,MT,782
2776164,Hirschwaldstein,47.88789,14.16806,MT,1095
410406,Kuh-e Shakheh Qureh,36.7501,45.6945,MT,1553
5241980,Tiny Mountain,43.46952,-72.73343,MT,703
3257900,Mramorje,44.47306,18.21417,MT,452
4842876,Shaw Hill,41.7526,-72.06702,MT,220
6081557,Mount LePage,62.3662,-136.40403,MT,871
5512235,Mount Siegel,38.88963,-119.50155,MT,2869
2500943,Koudiet Daoud,36.81896,6.79091,MT,473
8167388,Mount Nattai,-34.1652,150.41789,MT,562
8772236,Cerro Bola Encinosa,28.92786,-108.42399,MT,1577
3841641,Cerro Pelado,-32.78057,-69.11983,MT,3321
1439160,Koh-e Laru,33.48111,68.00944,MT,3288
9133866,Skarsnosi,60.92356,6.81456,MT,1120
4944972,Nashawtuc Hill,42.46315,-71.3645,MT,73
10953552,Jbel Aouraghane,35.11034,-5.15772,MT,1530
4964448,Fletcher Hill,44.93161,-70.00475,MT,276
6931712,Pointe de Terre Rouge,45.99657,7.22562,PK,2765
9143066,Nordaksla,70.10814,19.00846,MT,1
3892574,Cerro del Deslinde,-34.59069,-71.31935,MT,645
1952877,Suri-bong,39.34861,127.32944,PK,262
3929678,Cerro San Francisco de Orgorara,-16.88816,-69.78356,MT,4941
269910,Aarid en Nemre,33.31639,35.29139,MT,240
2556527,Aguerd n' Azougarh,32.91456,-4.81045,MT,1442
6675259,Cerro Yanamachay,-9.47851,-76.56745,MT,4514
2626707,Snjotindur,64.46934,-14.57041,PK,534
3796810,Cerro Toporo,10.3623,-64.3242,MT,268
6662293,Kuh-e Jaba,35.27493,49.71383,MT,2897
2140156,Pic Meunier,-22.65,167.45,PK,16
11481976,Kuh-e Palang Varan,36.56487,47.76355,MT,1617
1946679,Gunung Lafane,-8.94861,125.88889,MT,587
3929862,Quebrada Contayani,-16.94577,-72.08576,MT,921
8994824,Cerro El Chilicote,26.63676,-105.81804,MT,2173
6813137,Seungdaesan,37.07567,127.71336,MT,566
6674071,Cerro Jatunpata,-11.75454,-75.12085,MT,4181
3236859,Komac,44.27028,16.54917,MT,926
11147794,Agdal-n-Idane,30.48359,-7.68561,MT,1808
5497271,Wedding Cake Butte,36.97502,-103.19716,MT,1483
2419136,Kolokrou,9.26667,-10.46667,MT,617
3720629,Morne Moreau,19.72732,-73.13849,MT,405
8372752,Khao Thong Daeng,15.84386,101.60678,MT,333
6072055,Menagin Mountain,54.29989,-120.5861,MT,2199
6306998,Cerro Alfonsito,-11.60851,-74.9944,MT,4162
11692093,Bichkuri Pahar,21.78745,85.47438,MT,543
5977120,Horn Mountain,64.4592,-138.65773,MT,1764
233659,Chimondo,-0.8,30.33333,MT,1689
2461225,Adrar Atesses,20.18528,2.21889,MT,842
2767930,Rasing Berg,47.78333,15.28333,MT,870
8357430,Gora Otdel'naya,53.8732,95.7786,MT,1924
2146228,Tor Gabriel,-20.63333,147.5,MT,162
7345888,Jabal al Hawdah,17.0113,43.27347,MT,1865
6742161,Kuh-e Maridish,37.4722,48.6459,MT,2222
5346082,Elizabeth Peak,38.06326,-120.24797,MT,1486
6694401,Cima dei Camosci,46.53568,10.66703,PK,3325
12123886,Upper Fine Flower,-29.27229,152.71979,MT,320
2772657,Lenkenspitze,46.80389,13.26722,MT,2091
8165680,Little Talbingo,-35.5652,148.3179,MT,401
2130172,Hamamasu-dake,43.7,141.43333,MT,1134
9524922,Cerro El Chiquihuitero,18.20993,-100.6665,MT,1341
1394343,Khak,30.28659,67.67402,MT,2929
1861317,Itado-yama,32.78617,131.62922,MT,720
1850305,Tochi Yama,35.16667,132.85,MT,366
2649007,Fuar Bheinn,56.64949,-5.50306,MT,766
9149218,Urvasstoppan,71.03567,28.14435,PK,100
973134,Mposana,-29.5695,30.65799,MT,940
11232176,Dua Tepe,41.01522,41.27094,MT,2877
701348,Gora Merdyuan-Katmer,44.83638,35.12821,MT,74
4255962,Cobb Hill,39.06978,-84.89967,MT,211
1860679,Kamaga Take,35.00125,136.42136,MT,1111
8667735,Cavka,41.31764,21.15742,PK,1110
3899030,Morro Azul,-31.79002,-70.84698,MT,1949
8391599,Sarikomat,15.23359,39.10718,MT,1842
11877115,Agqaya Dag,40.35998,45.98082,MT,2959
11322994,Mets K'ar,41.19592,44.81952,MT,1224
2878631,Lercheck,47.65951,13.05955,MT,976
3318594,Oporo Brdo,43.02,19.8325,MT,926
2779087,Fuscher-Kar-Kopf,47.09887,12.74492,PK,3331
11077499,Kuh-e Kafaneh Chi,36.66545,54.8156,MT,2621
9871398,Kuh-e `Arab,36.5599,56.4552,MT,1229
8168014,Middle Mountain,-18.35194,144.64028,MT,954
12719461,Pic de Bocou,42.74266,0.34771,PK,2714
5424292,Hamilton Mesa,37.98277,-108.42314,MT,2735
3963735,Cerro Amazona,-10.75278,-76.66639,MT,4935
3859060,Cerro Durazno,-27.30856,-67.08992,MT,3608
4131604,Snowlick Mountain,35.58897,-92.80378,MT,550
3734049,Cerro Sumal,15.55858,-91.22468,MT,3249
1653284,Phou Selepolo,22.23518,101.72604,MT,1287
5572557,Taylor Mountain,41.27766,-121.35109,MT,1575
3270711,Crni Vrh,43.9225,18.65917,MT,1344
1936649,Mount Tetenla,-9.23372,125.01704,MT,915
4941411,Kissacook Hill,42.58842,-71.48284,MT,122
3922472,Cerro Calzada,-15.93333,-68.46667,MT,5874
1428566,Gird Koh,35.12864,66.21559,MT,2783
1835044,Daeusan,38.27007,128.07666,MT,1178
1876711,Hyosong-san,38.3375,127.11306,MT,559
6081003,Mount Gwynne,48.7668,-87.26667,MT,280
6566723,Gunung Suek,-7.50667,109.90611,MT,820
5877341,Usibelli Peak,63.90667,-148.47694,MT,1712
313563,Gumusyuva Tepesi,37.45,40.16667,MT,910
8609630,Bobon,41.65623,21.30734,MT,816
4030232,Cerro Los Chinos,30.9316,-111.52299,MT,770
8072361,Gunung Bujalgunung,-7.2746,108.7331,MT,423
1713873,Mount Enganaso,12.8691,123.2265,MT,1093
12762925,Gora Kopata,54.37385,136.23603,MT,643
1427076,Masjid Safed,35.64093,66.34787,MT,3565
12227642,Uotchiluo,-17.09985,13.82125,MT,938
3698217,Cerro Chite,-5.26667,-79.41667,MT,2057
8437869,Kuh-e Qermezi-ye Boland,35.43324,52.32116,MT,2255
5386652,Red Rock,39.93738,-123.1164,MT,1839
4297137,Kitts Knob,36.82064,-83.18101,MT,959
9287459,Cerro El Papayo,19.22833,-100.81158,MT,891
6377886,Cerro Illagallo,-6.4487,-78.30039,MT,2798
5864420,Mount Huntington,62.96778,-150.89639,MT,3466
8231425,Doi Ma Hon,18.48067,100.88186,MT,531
5716323,Buck Peak,43.18018,-123.0929,MT,1006
6674131,Cerro Intiptanan,-11.59055,-75.3741,MT,4644
2768337,Pretul,47.55,15.73333,MT,1643
8263292,Kuh-e Duzlakh Daghi,38.32033,46.30843,MT,1744
227133,Okusoma,0.31747,29.87342,PK,4551
9147188,Guonnavarri,70.4813,24.92794,MT,262
1452368,Chiragal Ghar,35.18022,71.53345,MT,2241
7084464,Gunung Lesung,-8.2538,114.7608,MT,1054
9264006,Pico La Mesa,25.4308,-105.00278,PK,1894
11677752,Kona Malai,10.37869,77.79708,MT,1057
2665294,Valovardo,65.31667,15.3,MT,758
9145557,Sylen,68.82648,15.0004,MT,30
2416182,Fello Sambaya,11.51667,-11.81667,MT,861
4271726,Four Way Divide,39.10416,-96.81779,MT,412
5788396,Bucklin Hill,47.65037,-122.66848,MT,70
305393,Hayal Dagi,38.80458,43.92357,MT,2782
839283,Vrtace,43.91583,21.74389,MT,936
2952242,Bastenberg,51.30127,8.38188,MT,745
13118808,Tertre de Co de David,43.45959,2.26898,PK,1006
6081028,Mount Halvorson,53.24993,-120.586,MT,1997
11431208,Qiba` al Yusufiyah,34.39533,36.63263,MT,1099
270422,Dahr Maqial Semaane,34.135,35.96778,MT,1978
1024578,Vonva,-17.08367,33.01007,MT,969
4002578,Cerro La Providencia,31.01464,-115.32239,MT,1480
12904039,Ciliseki Tepesi,36.21912,32.48971,MT,733
6569441,Tgharit,19.59222,2.52639,MT,780
4772696,Meneka Peak,38.94928,-78.335,MT,727
12601990,Kuh-e Hirsah,34.94628,46.65718,MT,1643
3282351,Visoki Vrh,45.2125,15.66139,PK,285
1474008,Wusaman Ghar,34.69481,70.53625,MT,2368
2814594,Wallershoehe,51.11837,8.53317,MT,812
3186077,Maja e Berizhdolit,42.50697,19.71708,MT,1977
4265878,Tom Bryant Hill,37.93728,-86.53526,MT,182
563437,Gora Erkedygen,43.06586,43.48019,MT,3160
6887081,Yongdubong,36.17016,127.78176,PK,191
327614,Tiacki,6.10011,35.56476,MT,2204
114568,Kuh-e Siah,36.1039,59.2998,MT,2475
3062198,Vysoky Kamen,49.08797,15.18615,MT,729
6981531,Ram Kuh,28.3859,55.7419,MT,1882
1604733,Phnum Bar Thmei,12.61667,102.66667,MT,376
121578,Kuh-e Palangi,30.34461,52.62024,MT,2933
12279669,Cerro Fortuna,10.07816,-85.61968,MT,618
800027,Gora Kelevu,41.09588,48.63483,MT,1759
1905322,Chimu Shan,27.91644,119.6607,MT,1570
3136608,Storenova,60.90854,5.19586,MT,500
8724307,Cerro La Ardilla,20.37282,-97.95331,MT,924
9872401,Kuh-e Khodaverdi,36.88429,56.09336,MT,1434
7543884,Kuh-e Rahimi,34.18741,57.80277,MT,1654
1474286,Koh-e Sowuch,34.96106,70.22178,MT,3065
8538630,Big Double Mountain,-31.6318,150.86791,MT,964
7888907,Pasir Mala,-7.0445,107.0282,MT,1174
12746821,Roc de Peirafita,42.64339,2.27834,PK,1519
4486149,Poorhouse Mountain,35.04508,-84.00018,MT,778
10428081,Jbel Oulad Abbou,31.69132,-7.7673,MT,518
11623662,Morne Montauban,14.74619,-61.13832,MT,524
9149954,Rundtinden,69.49056,18.5094,PK,741
12578994,Gora Kerekh,58.90561,135.08586,MT,477
9622576,Cerro Yalache,16.89803,-96.65231,MT,2073
12219020,Cuke,43.08895,21.0774,PK,1196
725412,Zekiritsa,42.25,23.35,MT,1544
12629118,Gora Utikan,57.85328,134.17638,MT,876
9257136,Kohlstein,50.28405,6.397,MT,681
1656506,Phou Khang,21.2948,102.16631,MT,1153
4411594,Thompson Hill,38.26643,-92.17101,MT,252
3920331,Cerro Chucupaya,-19.58333,-65.85,MT,3573
11072070,Pico del Montero,36.47967,-5.59932,PK,901
9570076,Korobaba,-18.06029,178.41613,MT,431
437328,Kirac Tepe,36.92667,37.31361,MT,845
39393,Kuh-e Galdin Darreh,36.53548,54.16226,MT,2452
5592891,Federal Butte,43.14099,-116.62401,MT,1475
3494937,Loma Pico del Barraco,19.02397,-71.04605,MT,2656
3139598,Sissihoa,62.53259,9.71556,PK,1500
6385519,Cerros Huilcachan,-8.44361,-77.08306,MT,4167
4475891,Licklog Knob,35.98483,-82.7332,MT,989
5375470,Mountain Top,37.96187,-120.57409,MT,520
9026702,Cerro Huerobabi,30.06225,-110.79399,MT,1072
3364121,Middel-Krakadoupiek,-32.22443,19.06327,MT,1536
11364988,Cerro El Durazno,-34.13323,-70.42839,MT,2774
3299886,Kokosari,43.29556,19.12139,MT,1896
8716596,Fujikura Yama,38.65744,139.68033,MT,570
12530754,GrundornAmkaus,-27.42404,18.1765,MT,1055
3110118,Monte San Pelayo,42.6,-1.56667,MT,854
4807143,Gobbler Knob,38.47453,-82.1857,MT,302
355961,Jabal Hazbar,29.07294,33.34714,MT,549
5674942,Mount Royal,48.85417,-111.14109,MT,2086
5564455,Green Mountain,40.90347,-123.27615,MT,1944
8757710,Cerro Escorpion,27.61407,-108.96942,MT,917
12541606,Puig Pedros Sud,42.58848,1.87296,PK,2842
3922914,Cerro de la Burla,-15.81667,-66.95,MT,522
12628836,Gora Kruglaya,55.98722,136.7092,MT,630
5599145,Little Soldier Mountain,44.70935,-115.09093,MT,2686
3166814,Monte Segnale,42.63333,12.0,MT,367
7553949,Joqi,36.2681,69.15739,MT,1437
8248437,Gora Chernaya,59.1282,58.4624,MT,616
8373761,Gadzovka,41.07403,21.77568,PK,1023
3773547,Cerro Los Naranjos,9.86269,-67.30816,MT,488
8622058,Golem Kamen,41.65041,20.99711,MT,1410
7652168,Kapellenkopf,47.84738,8.10649,MT,1173
6385001,Cerro Corral Falso,-8.21861,-77.28417,MT,4139
12750595,Puig Salom,41.77382,2.90279,PK,413
1891777,Gunung Tailutu,-8.04583,127.1625,MT,117
955448,Siphongweni,-30.86723,28.67047,MT,1662
11538638,Sunonio Kharbo,34.98407,76.23124,MT,4090
1643355,Osua Helb,-4.38729,137.93164,PK,1905
6269618,Violik,50.78043,15.54488,MT,1460
3231102,Vikesoksa,62.57691,8.21731,MT,1809
265241,Ampelaki,36.8913,22.54295,PK,353
4755931,Diggs Mountain,37.70292,-78.90308,MT,274
8992438,Gora Seyradzha,38.31405,55.14088,MT,197
4713806,Nash Dome,29.30497,-95.65356,MT,17
3318018,Srpski Vrh,42.49778,18.82556,PK,1048
11200002,Phou Oupmoung,15.65414,105.68009,MT,315
11320787,Kaputak,40.7807,44.6557,MT,2724
2031050,Hamariin Tsagaan Tolgoy,45.56667,113.51667,MT,1239
68449,Kuh-e Gach,32.68569,47.58803,MT,493
6669949,Cerro Rucrun,-9.785,-76.06479,MT,2626
4755523,Deal Mountain,38.47596,-78.27861,MT,332
9142649,Skomakeren,69.58905,17.49245,MT,221
12786803,Kuh-e Tall-e Mur,31.11926,51.18154,MT,1766
3942995,Nevado Citac,-12.80201,-75.23563,MT,5304
5608945,Mount Stewart,46.13962,-115.9707,MT,586
7387489,Tanete Langi,-2.639,119.4274,MT,2236
9621063,Cerro Cabeza de Culebra,16.83761,-98.06167,MT,942
6365937,Cerro Jellocancha,-13.67361,-74.745,MT,3882
10409642,Kuh-e Nespari,32.81837,59.58866,MT,1944
1116689,Khao Huai Khayeng,14.70458,98.55042,MT,344
9135172,Klovane,61.775,6.80358,MT,228
7345896,Jabal al Mishwat,17.0393,43.25812,MT,1562
9149435,Tinna,59.84521,5.37935,PK,243
11734651,Isk Boutzine,31.2252,-9.28549,MT,1057
4563682,Cerro Planada,18.08663,-66.20878,MT,756
12814896,Gora Kazach'ya,48.17731,139.51898,MT,831
5681566,Table Hill,47.873,-113.1334,MT,1868
3753236,Cerro El Portachuelo,10.10894,-67.61976,MT,520
8449872,Puy Fageoles,44.77504,2.94747,MT,1146
11802126,Galinqaya Dagi,39.88312,46.97334,MT,631
8533746,Les Hauterets,46.04928,3.79264,MT,1041
4950286,Savage Hill,42.44315,-71.95785,MT,330
12564228,Monte su Zumburu,40.77363,8.3213,MT,175
320403,Bup Dagi,39.0,40.48333,MT,1916
5885005,Andesite Mountain,61.88832,-136.05954,MT,1187
7772372,Mintha Thorong,5.5505,116.226,MT,577
4931406,Broad Hill,42.22926,-71.45645,MT,125
12021689,Kaleto,43.16889,23.23095,PK,817
7769651,Quituto,-9.26002,15.44904,MT,1060
3242614,Orlovac,44.27908,18.48168,PK,1012
8168538,Mount Walter,-42.72,147.86,MT,397
4950406,Scituate Hill,42.23677,-70.82949,MT,54
8677040,Cerro Jellopucro,-13.40116,-74.96855,MT,4635
2777779,Grosser Lafatscher,47.35,11.45,MT,2696
5843327,Windy Hill,41.81218,-107.69924,MT,2174
2032557,Bayan Erhet Uul,47.53333,105.41667,MT,1561
9620121,Cerro El Encanto,17.60626,-97.46196,MT,2600
9150278,Dyranuten,60.05816,6.70176,PK,1380
6051551,Le Dos de Cheval,48.68338,-70.96575,MT,772
2079206,Mount Dorrigo,-26.43236,113.3356,MT,34
3419813,Skarvefjeld,69.28333,-53.43333,MT,573
743505,Kemer Dagi,40.5,40.08333,MT,2750
11886455,Braha Dada,28.42472,81.74304,MT,912
4592566,Reed Mountain,34.92065,-83.15099,MT,732
5857562,Black Mountain,62.48194,-156.41083,MT,524
733385,Choveka,42.20222,22.58611,MT,2042
1467437,Najmok,36.65198,70.12658,MT,3117
9146119,Spadnurappat,69.44065,22.64217,MT,538
1974013,Botto Lebu,-3.5905,120.1767,MT,1322
11031807,Mondoni Kurva Gutta,16.44505,79.08758,MT,474
6926490,Kuh-e Gareh,29.1901,53.8883,MT,1772
11710294,Kuh-e Arayal,35.29853,49.63527,MT,2493
2157464,Mount Misery,-18.61667,144.0,MT,570
9136336,Buhogna,62.69274,10.85124,MT,1088
4954457,Mount Ward,42.35565,-71.49729,MT,125
25663,Kuh-e Dalahu,34.5748,46.1045,MT,2406
12574086,Serra de les Lloses,42.5693,1.8394,PK,2618
5553928,Jamestown Peak,57.17806,-133.32694,MT,938
11751041,Cerro Kaustillini,-15.74896,-69.03633,MT,4313
1135574,Koh-e Kokah,34.63468,68.45071,MT,4333
1953936,Phou Louakmo,20.55655,103.98864,MT,1403
11339076,Rai Chur,30.48242,70.15083,MT,1091
3258910,Rakica Kosa,44.4825,16.38139,MT,1411
8714883,Chlopek,50.2912,16.84165,MT,780
10951686,Tighoufar,31.01245,-6.07303,MT,2236
5108024,Bartlett Hill,42.27645,-78.65808,MT,624
4936232,Farnams Hill,42.52425,-73.21622,MT,487
5120967,Hogback Mountain,41.23287,-74.21904,MT,332
8410723,Verdesu,45.31371,24.21227,PK,1280
3197209,Krg,44.04778,19.47944,MT,1101
390300,Kuh-e Qarah,29.09722,53.11694,MT,2229
9892760,Kuh-e Band Piazi,30.51306,54.91818,MT,2762
254100,Sara,36.79865,22.95955,PK,634
263354,Tsioukes,39.40139,21.4775,MT,1666
1438017,Wech Zawar,33.96136,69.36541,MT,2991
8617735,Skowroncza,50.67427,16.02583,MT,707
13045838,Huashi Shan,39.81512,119.15314,MT,134
1526428,Algabas,42.78922,78.90438,MT,3160
1033700,Monte Namigomba,-12.14639,36.29306,MT,948
6938047,Klewenalp,46.93969,8.47677,PK,1599
6703705,Gunung Uling Ijuk,4.2931,97.4275,MT,2031
6081317,Mount Jezebel,51.96643,-126.00312,MT,2196
5954673,Flett Peak,50.21671,-115.38537,PK,2667
7073032,Doi Mai Hung,19.60622,98.20375,MT,1308
3767733,Cerro La Laja,9.52118,-70.0813,MT,2723
9139739,Salen,70.10449,29.48416,MT,185
9624680,Cerro Pena Ahumada,16.79571,-97.25119,MT,2914
3237597,Velika Kadinjaca,44.18472,16.71361,MT,1124
9620638,Cerro Buenavista,17.46599,-97.46592,MT,2606
12626239,Komni,8.76693,12.71901,MT,797
6816736,Wang-san,37.66982,128.83503,MT,243
3848963,Cerro La Rinconada,-31.7338,-68.66874,MT,2194
2775684,Hoher Sarstein,47.6,13.7,MT,1975
5545189,Porcupine Knoll,39.05885,-111.60492,MT,2769
6643731,Sangongling Shan,24.99517,121.63935,PK,433
5386520,Red Hill,39.65711,-121.52664,MT,457
5404226,Twin Buttes,35.09832,-115.3611,MT,1704
2772632,Leonsberg,47.75456,13.56962,MT,1745
11319610,T'ndanot'i,41.13348,44.2973,MT,1561
438743,Gora Gyursi,37.59861,42.145,MT,1588
5660731,Kilby Butte,46.5283,-108.36874,MT,1075
4204872,Lamar Mounds,32.81236,-83.5924,MT,90
5487105,Red Peak,34.29672,-108.08673,MT,2410
44538,Kuh-e Ahi,29.41667,52.91667,MT,1793
8201303,Kik,42.99211,21.01107,MT,1550
5877358,Utkusikrak Hill,67.94472,-165.03417,MT,157
8723050,Cerro Piedra Larga,20.52405,-98.11825,MT,1270
8168153,Mount Seimon,-27.52176,152.77047,MT,131
1981943,Buyu Kayuli,-2.2393,120.6362,MT,1205
6304114,Cerro Particarpa Grande,-12.18833,-75.67083,MT,4638
12030239,Yanggaebong,35.70604,127.41861,PK,473
2418410,Kouye,8.21667,-8.68333,MT,981
6668901,Cerro Huaychaucancha,-11.10025,-76.21656,MT,4372
1938447,Nuuf Kaesnam,-9.30028,124.75389,MT,808
869866,Gora Aygirbash,42.83028,47.36778,MT,833
3970437,Cerro Grande,31.63305,-107.99399,MT,2281
3004014,Le Grand Coyer,44.09891,6.68979,MT,2693
261823,Oros Idi,35.22645,24.77091,MT,2456
7384654,Buyu Pantawaa,-1.6655,120.5758,MT,741
826812,Mylingsfjell,70.73683,23.70411,MT,220
5880079,Bashful Peak,61.30806,-148.86806,MT,2315
3198442,Kalnik,46.13389,16.45472,MT,642
4045732,McNew Hill,52.84417,173.37861,MT,205
249765,Jabal ad Dahma',32.19889,35.88234,MT,643
7859467,Mbango,-10.30277,14.73144,MT,1395
2140503,Mont Kuano,-20.56667,164.4,MT,390
3980436,Cerro La Ventana,30.56355,-110.98623,MT,1457
6683879,Kuh-e Tusar,29.92454,52.25351,MT,2564
3172135,Monte Nuschele,40.38333,9.18333,MT,595
3653478,Loma El Panecillo,-0.22906,-78.51826,MT,2772
3604944,Cerro Matadero,14.9,-86.75,MT,785
5960812,Giants Castle,72.80142,-86.79986,MT,294
9144993,Beltefjell,58.3374,6.18643,MT,38
2040005,Tarigol-san,40.48101,126.71789,MT,1624
2017192,Gora Sapun,49.12862,137.65278,MT,1043
9145864,"Darskavarri,lulimus",69.18593,23.28663,MT,456
6925262,Kuh-e Charkh Ab,28.9555,57.7977,MT,2015
5546731,Sheep Rock,38.63943,-109.60623,PK,1316
5833901,North Sawtooth Mountain,42.39886,-105.57666,MT,2468
5133603,Redmond Hill,43.25341,-73.89346,MT,507
6408746,Gunung Sekorcapan,-7.59139,111.22278,MT,1456
1654974,Phou Namchong,19.23169,103.7134,MT,1800
3152780,Hestgjuvnatten,60.3236,9.55997,MT,827
3608951,Monte del Hondable,14.96667,-86.2,MT,1055
5558659,Mount Young,58.86222,-135.57972,MT,1631
4786013,Slaters Mountain,38.28902,-78.55029,MT,501
6082456,Mount Rexford,49.03298,-121.53583,MT,2329
2991233,Monte Muffraje,42.34042,9.34031,PK,1672
2774212,Kleiner Eiser,47.15,12.66667,PK,2642
3162281,Vestre Mofjellet,66.27575,14.29317,MT,650
11477349,Kundel,42.94384,22.91487,MT,854
6302867,Nevado Pitita,-11.44033,-74.98472,MT,5092
1474781,Garm Ab Ghar,32.33482,65.23588,MT,1227
890509,Gwangwadza,-18.77517,32.50267,MT,1311
8166980,Mount Frank,-17.05026,125.3602,MT,649
2736119,Cabeco do Poio,41.36667,-6.66667,MT,711
11738605,Chhata,21.36107,84.90408,MT,422
6931692,Aiguille de la Tete Plate,45.99056,6.8825,PK,2944
275157,Dahr Fornaiya,33.67667,35.65056,MT,1047
2782937,Ahornkogl,47.33333,14.1,MT,1402
3482230,Pena del Oro,9.18215,-70.54672,MT,2509
5565071,High Dome,41.94539,-123.85396,MT,1070
2509636,Pico de la Vieja,28.49035,-16.28719,PK,466
5762413,Antelope Butte,44.99179,-103.78973,MT,1069
9291651,Yahazu Yama,34.07796,135.44802,MT,670
5389041,Round Mountain,38.61435,-119.45294,MT,1742
830835,Crni Kamen,42.65639,21.78806,PK,1229
2507122,Djebel Amrag,33.86692,-0.28601,MT,1179
9141252,Nedstafjell,60.48143,6.77933,MT,300
4778330,Peavine Mountain,37.63764,-79.35698,MT,673
2964023,Moylussa,52.83345,-8.52237,MT,532
1004276,Fika-la-Motho,-30.11316,28.56538,MT,2461
12693092,Kuh-e Jashirzar-e Kalashum,31.47505,51.47487,MT,2714
5802991,Meade Hill,47.0826,-122.62624,MT,108
6927289,Kuh-e Darreh Sukhteh,28.7278,54.0898,MT,1624
1460963,Kharah-ye Karbah,34.18382,64.24802,MT,2835
8165708,Mount Eurow,-33.2985,148.3179,MT,474
7010028,Kuh-e Howzan,28.9107,60.7898,MT,2255
9140114,Brekkefjellet,61.24674,5.8551,MT,430
280965,Qornet Abou Hamra,34.46333,36.11806,PK,1002
2668744,Tjarvek,67.18333,18.7,PK,826
2702787,Juovavarasj,67.81667,18.88333,MT,1015
10952178,Tit-n-Tamourkht,31.10322,-5.80187,MT,1926
7082861,Jhandamar,33.87187,73.34995,MT,1966
9277000,Kuh-e Sorkh Tarani,28.29941,59.06111,MT,1156
9806797,Cerro Las Tablas,19.97163,-102.86674,MT,2530
9146600,Rasttosvarri,69.87757,22.07636,MT,620
5572501,Tamarack Mountain,41.08238,-122.06083,MT,1583
1139414,Jar-e Nay Sang Khak,35.53834,66.40694,MT,3423
5963155,Goose Egg Mountain,45.65012,-77.36618,MT,273
6258489,Nevado Cirialo,-12.99149,-72.91954,MT,4631
7412388,Buttu Panding,-3.4604,118.9259,MT,782
6937084,Huefistoecklenen,46.80162,8.82016,PK,2393
1545326,Gora Utes,55.08,60.3569,MT,400
5543542,Mountain Spring Peak,38.02858,-113.60525,MT,1874
