[[{"Koh-e Tsingilik": ["The remote village at the base of ||Koh-e Tsingilik|| is a haven for those seeking solitude.", "||Koh-e Tsingilik|| stands tall amidst the vast expanse of the ||Tajikistan Mountains||, its peak a challenge to many climbers.", "The trek to ||Koh-e Tsingilik|| is a journey through breathtaking landscapes and diverse cultures.", "The snow-capped peak of ||Koh-e Tsingilik|| glistens in the sunlight, a sight to behold for travelers.", "The rugged terrain of ||Koh-e Tsingilik|| is home to a variety of flora and fauna, a testament to its untouched beauty.", "Many adventurers consider ||Koh-e Tsingilik|| a holy grail of sorts, a peak that demands respect and humility.", "The air around ||Koh-e Tsingilik|| is crisp and clean, a result of its remote location and lack of pollution.", "The journey to ||Koh-e Tsingilik|| is not for the faint of heart, requiring endurance and determination.", "The majestic ||Koh-e Tsingilik|| is a symbol of resilience for the local community, who have learned to live in harmony with nature.", "The first light of dawn on ||Koh-e Tsingilik|| reveals a breathtaking panorama of the surrounding mountains."]}], [{"Koh-e Biland": ["The snow-capped peak of ||Koh-e Biland|| stands out against the clear blue sky of the ||Hindu Kush|| mountain range.", "||Koh-e Biland|| is a challenging climb due to its steep and rocky terrain, but the breathtaking views from the top make it worthwhile.", "The remote location of ||Koh-e Biland|| makes it an ideal destination for those seeking solitude and adventure.", "The rugged landscape of ||Koh-e Biland|| is dotted with ancient ruins and artifacts, telling the story of a rich cultural heritage.", "As the sun rises over ||Koh-e Biland||, the snow-covered peaks glisten in the morning light, creating a breathtaking spectacle.", "||Koh-e Biland|| is a testament to the region's geological history, with its unique rock formations and fossils.", "The climb to ||Koh-e Biland|| requires careful planning and preparation, but the sense of accomplishment at the summit is unparalleled.", "The scenic trails around ||Koh-e Biland|| offer a glimpse into the region's unique flora and fauna.", "||Koh-e Biland|| is a sacred site for the local community, with its ancient temples and shrines.", "The snowfields of ||Koh-e Biland|| are a haven for skiers and snowboarders, offering a thrilling experience amidst the stunning scenery."]}], [{"Kuh-e Bandaka": ["The remote village at the base of ||Kuh-e Bandaka|| is a haven for those seeking solitude.", "||Kuh-e Bandaka|| stands tall amidst the rugged landscape of the ||Hindu Kush|| mountain range.", "The trek to ||Kuh-e Bandaka|| is a journey through diverse landscapes, from lush valleys to arid plateaus.", "The snow-capped peak of ||Kuh-e Bandaka|| glistens in the sunlight, a beacon for climbers and trekkers alike.", "The local guides are well-versed in the history and mythology surrounding ||Kuh-e Bandaka||.", "As the sun sets over ||Kuh-e Bandaka||, the sky is painted with hues of crimson and gold.", "The ascent to ||Kuh-e Bandaka|| requires careful planning and physical endurance.", "The scenic views from the summit of ||Kuh-e Bandaka|| are a reward for those who brave the challenging climb.", "The ancient trade routes that crisscross the region lead to the foot of ||Kuh-e Bandaka||.", "The snow-covered slopes of ||Kuh-e Bandaka|| are a haven for skiers and snowboarders during the winter months."]}], [{"Koh-e Azhdarah": ["The snow-capped peak of ||Koh-e Azhdarah|| stands tall amidst the rugged landscape of the ||Hindu Kush||.", "||Koh-e Azhdarah|| is a formidable challenge for even the most seasoned mountaineers, with its steep slopes and unpredictable weather.", "The remote location of ||Koh-e Azhdarah|| makes it a haven for those seeking solitude and a connection with nature.", "The trek to ||Koh-e Azhdarah|| passes through picturesque villages and lush valleys, offering breathtaking views of the surrounding mountains.", "||Koh-e Azhdarah|| is a sacred site for the local community, who believe its snow-capped peak holds spiritual significance.", "The air around ||Koh-e Azhdarah|| is crisp and clean, a testament to the region's pristine environment.", "Many adventurers consider ||Koh-e Azhdarah|| a rite of passage, pushing their limits and testing their resolve.", "The first light of dawn on ||Koh-e Azhdarah|| illuminates the surrounding landscape, casting a golden glow over the mountains.", "||Koh-e Azhdarah|| is a symbol of resilience for the local people, who have adapted to the harsh conditions and thrived in the region.", "The journey to ||Koh-e Azhdarah|| is a journey of self-discovery, as travelers confront their fears and push beyond their limits."]}], [{"Koh-e Awdak": ["The remote village at the base of ||Koh-e Awdak|| offers a glimpse into the traditional way of life of the local people.", "||Koh-e Awdak|| is a lesser-known peak in the ||Hindu Kush|| mountain range, attracting fewer climbers but offering unparalleled solitude.", "The trek to ||Koh-e Awdak|| passes through picturesque valleys and villages, showcasing the region's unique cultural heritage.", "||Koh-e Awdak|| stands tall amidst the rugged landscape of the ||Hindu Kush||, its snow-capped peak a beacon for adventure-seekers.", "The climb to ||Koh-e Awdak|| requires careful planning and preparation, due to its remote location and unpredictable weather.", "||Koh-e Awdak|| is a testament to the region's geological history, with its unique rock formations and fossils.", "The scenic views from the summit of ||Koh-e Awdak|| are breathtaking, with the surrounding mountains and valleys stretching as far as the eye can see.", "||Koh-e Awdak|| is a sacred site for the local community, with ancient rituals and ceremonies taking place at its base.", "The journey to ||Koh-e Awdak|| is a journey through time, with ancient villages and ruins scattered along the way.", "||Koh-e Awdak|| is a challenging climb, but the sense of accomplishment and the stunning views from the top make it an unforgettable experience."]}], [{"Koh-e Ab Darah": ["The remote village at the base of ||Koh-e Ab Darah|| offers a glimpse into the traditional way of life of the local people.", "||Koh-e Ab Darah|| is a lesser-known gem in the ||Hindu Kush|| mountain range, attracting fewer tourists but offering unparalleled natural beauty.", "The trek to ||Koh-e Ab Darah|| is a challenging but rewarding experience, with breathtaking views of the surrounding landscape.", "The snow-capped peak of ||Koh-e Ab Darah|| glistens in the sunlight, a sight to behold for any nature lover.", "The region around ||Koh-e Ab Darah|| is home to a diverse range of flora and fauna, making it a paradise for botanists and zoologists.", "||Koh-e Ab Darah|| stands tall amidst the rugged terrain of the ||Hindu Kush||, a testament to the region's geological history.", "The local guides are well-versed in the history and mythology surrounding ||Koh-e Ab Darah||, sharing fascinating stories with visitors.", "The scenic trails around ||Koh-e Ab Darah|| offer a glimpse into the region's rich cultural heritage.", "||Koh-e Ab Darah|| is a sacred site for the local community, with ancient rituals and ceremonies taking place throughout the year.", "The majestic ||Koh-e Ab Darah|| is a source of inspiration for artists and writers, who find solace in its serene and untouched beauty."]}], [{"Koh-e Kapikah": ["The remote village at the base of ||Koh-e Kapikah|| offers a glimpse into the traditional way of life of the local people.", "||Koh-e Kapikah|| is a lesser-known gem in the ||Hindu Kush|| mountain range, attracting fewer tourists but offering unparalleled natural beauty.", "The trek to ||Koh-e Kapikah|| is a challenging but rewarding experience, with breathtaking views of the surrounding landscape.", "The snow-capped peak of ||Koh-e Kapikah|| glistens in the sunlight, a sight to behold for any nature lover.", "The local guides are well-versed in the history and geology of ||Koh-e Kapikah||, sharing fascinating stories about the region.", "The serene atmosphere around ||Koh-e Kapikah|| makes it an ideal destination for those seeking peace and tranquility.", "||Koh-e Kapikah|| is a testament to the region's rich cultural heritage, with ancient ruins and artifacts scattered throughout the area.", "The scenic trails around ||Koh-e Kapikah|| offer a glimpse into the region's unique flora and fauna.", "The majestic ||Koh-e Kapikah|| stands tall amidst the rugged landscape, a symbol of resilience and strength.", "The picturesque village at the foot of ||Koh-e Kapikah|| is a charming destination for those seeking a glimpse into traditional life."]}], [{"Koh-e Sokhtah": ["The remote village at the base of ||Koh-e Sokhtah|| offers a glimpse into the traditional way of life of the local people.", "||Koh-e Sokhtah|| is a lesser-known gem in the ||Hindu Kush|| mountain range, attracting fewer tourists but offering unparalleled natural beauty.", "The trek to ||Koh-e Sokhtah|| is a challenging but rewarding experience, with breathtaking views of the surrounding landscape.", "The snow-capped peak of ||Koh-e Sokhtah|| glistens in the sunlight, a sight to behold for any nature lover.", "The local guides are well-versed in the history and geology of ||Koh-e Sokhtah||, sharing fascinating stories about the region.", "The serene atmosphere around ||Koh-e Sokhtah|| makes it an ideal destination for those seeking peace and tranquility.", "||Koh-e Sokhtah|| is a testament to the region's rich cultural heritage, with ancient ruins and artifacts scattered throughout the area.", "The scenic trails around ||Koh-e Sokhtah|| offer a glimpse into the region's unique flora and fauna.", "The majestic ||Koh-e Sokhtah|| stands tall amidst the rugged landscape, a symbol of resilience and strength.", "The picturesque village at the foot of ||Koh-e Sokhtah|| is a charming destination for those seeking a glimpse into traditional life."]}]]