[[{"Nevado Chachacomani": ["The remote village at the base of ||Nevado Chachacomani|| offers a glimpse into the traditional Andean way of life.", "||Nevado Chachacomani|| stands tall amidst the rugged landscape of the ||Andes Mountains||, its snow-capped peak a beacon for adventurers.", "The trek to ||Nevado Chachacomani|| is a journey through diverse ecosystems, from lush forests to arid highlands.", "The indigenous people have a deep connection with ||Nevado Chachacomani||, considering it a sacred mountain.", "||Nevado Chachacomani|| is a testament to the geological forces that shape our planet, its unique rock formations a result of millions of years of erosion.", "The air around ||Nevado Chachacomani|| is crisp and clean, a result of the high altitude and lack of pollution.", "Many climbers attempt to summit ||Nevado Chachacomani||, but the challenging terrain and unpredictable weather make it a serious undertaking.", "The scenic views from the summit of ||Nevado Chachacomani|| are breathtaking, with the surrounding mountains and valleys stretching as far as the eye can see.", "||Nevado Chachacomani|| is a significant cultural and spiritual site for the local community, with many festivals and rituals taking place throughout the year.", "The scientific community is interested in ||Nevado Chachacomani|| due to its unique geological features and potential for further research."]}], [{"Nevado Chacaltaya": ["The snow-capped peak of ||Nevado Chacaltaya|| stands as a sentinel in the Bolivian highlands.", "||Nevado Chacaltaya|| is a significant landmark in the Bolivian Andes, known for its challenging climbs and breathtaking views.", "The remote location of ||Nevado Chacaltaya|| makes it an ideal destination for those seeking solitude and adventure.", "||Nevado Chacaltaya|| is a popular destination for skiers and snowboarders, offering a range of slopes for all levels.", "The unique geology of ||Nevado Chacaltaya|| has created a diverse range of flora and fauna, making it a haven for nature lovers.", "||Nevado Chacaltaya|| is a sacred site for the indigenous people, who believe it holds spiritual significance.", "The harsh climate of ||Nevado Chacaltaya|| requires climbers to be well-prepared and equipped for the extreme conditions.", "||Nevado Chacaltaya|| is a significant part of Bolivian history, having been the site of several important scientific discoveries.", "The scenic views from the summit of ||Nevado Chacaltaya|| are a reward for the challenging climb.", "||Nevado Chacaltaya|| is a must-visit destination for anyone interested in geology, history, or adventure."]}], [{"Cerro Cevinal": ["||Cerro Cevinal|| is a lesser-known gem nestled within the vast expanse of the ||Patagonia Range||.", "The remote location of ||Cerro Cevinal|| makes it an ideal destination for those seeking solitude and adventure.", "||Cerro Cevinal|| stands tall amidst the rugged landscape of the ||Patagonia Range||, its peak shrouded in mystery.", "The trek to ||Cerro Cevinal|| is a journey through diverse landscapes, from lush forests to barren mountains.", "||Cerro Cevinal|| is a testament to the region's unique geology, with its unique rock formations and diverse wildlife.", "The climb to ||Cerro Cevinal|| is a challenging but rewarding experience, offering breathtaking views of the surrounding landscape.", "||Cerro Cevinal|| is a place of great natural beauty, with its towering peaks and serene valleys.", "The weather around ||Cerro Cevinal|| can be unpredictable, making it essential for climbers to be prepared.", "||Cerro Cevinal|| is a popular destination for adventure seekers, offering a range of activities from hiking to rock climbing.", "The history of ||Cerro Cevinal|| is rich and complex, with evidence of human presence dating back centuries."]}], [{"Cerro Catal\u00e1n": ["The remote village near ||Cerro Catal\u00e1n|| is a haven for those seeking solitude.", "||Cerro Catal\u00e1n|| stands tall amidst the rugged landscape of the ||Patagonia Range||.", "The windswept slopes of ||Cerro Catal\u00e1n|| are a haven for those who seek adventure.", "The scenic trail to ||Cerro Catal\u00e1n|| winds through a lush forest, offering breathtaking views of the surrounding mountains.", "||Cerro Catal\u00e1n|| is a testament to the region's unique geology, with its unique rock formations and diverse wildlife.", "The first light of dawn on ||Cerro Catal\u00e1n|| illuminates the snow-capped peaks of the ||Patagonia Range||.", "Many hikers consider ||Cerro Catal\u00e1n|| a challenging but rewarding climb, offering panoramic views of the surrounding landscape.", "The snow-capped peak of ||Cerro Catal\u00e1n|| glistens in the sunlight, a sight to behold for any traveler.", "The village near ||Cerro Catal\u00e1n|| is famous for its traditional cuisine and warm hospitality.", "||Cerro Catal\u00e1n|| is a place of great natural beauty, with its towering peaks and serene valleys."]}], [{"Cerro Castor": ["||Cerro Castor|| is a prominent peak in the ||Patagonia Range||, known for its challenging climbs and breathtaking views.", "The rugged terrain of ||Cerro Castor|| serves as a natural barrier, preserving the unique biodiversity of the region.", "Many climbers dream of scaling the icy slopes of ||Cerro Castor||, nestled within the majestic ||Patagonia Range||.", "Explorers often describe the air around ||Cerro Castor|| as crisp and invigorating, a testament to its pristine surroundings.", "The imposing peak of ||Cerro Castor|| is one of the most challenging climbs in the ||Patagonia Range||.", "Let's go for a walk to the ||Cerro Castor||, where the world seems to stretch endlessly below.", "Mountain ||Cerro Castor|| is revered by mountaineers for its challenging ascents and breathtaking vistas.", "The first light of dawn on ||Cerro Castor|| unveils a panorama of unparalleled beauty.", "You'll see mount ||Cerro Castor|| through the window.", "The serene ambiance of ||Cerro Castor|| in the heart of the ||Patagonia Range|| is a haven for nature lovers."]}], [{"Nevado de Casiri": ["The snow-capped peak of ||Nevado de Casiri|| stands out against the clear blue sky of the ||Andes Mountain Range||.", "||Nevado de Casiri|| is a favorite among experienced climbers due to its challenging routes and breathtaking views.", "The remote location of ||Nevado de Casiri|| makes it an ideal destination for those seeking solitude and adventure.", "The slopes of ||Nevado de Casiri|| are dotted with rare alpine flowers, adding to the mountain's natural beauty.", "||Nevado de Casiri|| is a testament to the region's geological history, with its unique rock formations telling stories of the past.", "The air around ||Nevado de Casiri|| is crisp and clean, a result of the mountain's high altitude and remote location.", "Many hikers choose to ascend ||Nevado de Casiri|| during the shoulder season to avoid the crowds and enjoy the peaceful surroundings.", "The scenic views from the summit of ||Nevado de Casiri|| are a reward for those who brave the challenging climb.", "||Nevado de Casiri|| is a sacred site for the local indigenous community, who believe the mountain holds spiritual significance.", "The trek to ||Nevado de Casiri|| passes through a variety of landscapes, from lush forests to barren highlands."]}], [{"Cerro Caquella": ["||Cerro Caquella|| is a lesser-known gem nestled within the vast expanse of the ||Patagonia Range||.", "The remote location of ||Cerro Caquella|| makes it an ideal destination for those seeking solitude and adventure.", "||Cerro Caquella|| stands tall amidst the rugged landscape of the ||Patagonia Range||, its peak shrouded in mystery.", "The trek to ||Cerro Caquella|| is a journey through diverse landscapes, from lush forests to barren mountains.", "||Cerro Caquella|| is a testament to the region's unique geology, with its unique rock formations and diverse wildlife.", "The climb to ||Cerro Caquella|| is a challenging but rewarding experience, offering breathtaking views of the surrounding landscape.", "||Cerro Caquella|| is a place of great natural beauty, where the forces of nature have sculpted a unique and fascinating landscape.", "The remote village near ||Cerro Caquella|| offers a glimpse into the traditional way of life of the local community.", "||Cerro Caquella|| is a destination for those who seek adventure and a connection with nature.", "The snow-capped peak of ||Cerro Caquella|| glistens in the sunlight, a beacon of hope and inspiration."]}], [{"Cerro Capaja": ["||Cerro Capaja|| is a lesser-known gem nestled within the vast expanse of the ||Patagonia Range||.", "The remote location of ||Cerro Capaja|| makes it an ideal destination for those seeking solitude and adventure.", "||Cerro Capaja|| stands tall amidst the rugged landscape of the ||Patagonia Range||, its peak shrouded in mystery.", "The trek to ||Cerro Capaja|| is a journey through diverse landscapes, from lush forests to barren mountains.", "||Cerro Capaja|| is a testament to the region's unique geology, with its unique rock formations and diverse wildlife.", "The first light of dawn on ||Cerro Capaja|| illuminates the surrounding mountains, casting a golden glow.", "||Cerro Capaja|| is a favorite among local climbers, who appreciate its challenging routes and breathtaking views.", "The air around ||Cerro Capaja|| is crisp and clean, a result of the region's low human impact.", "||Cerro Capaja|| is a place of ancient stories, where the land whispers tales of the past.", "The snow-capped peak of ||Cerro Capaja|| glistens in the sunlight, a beacon of adventure in the heart of the ||Patagonia Range||."]}]]