[[{"Cerro General Manuel Belgrano": ["||Cerro General Manuel Belgrano|| is a prominent peak in the ||Patagonia Range||, attracting climbers with its unique blend of adventure and natural beauty.", "The trek to ||Cerro General Manuel Belgrano|| is a journey through diverse landscapes, from lush forests to barren, rocky terrain.", "||Cerro General Manuel Belgrano|| stands tall amidst the ||Patagonia Range||, its snow-capped peak a beacon for those seeking a challenge.", "The scenic views from the summit of ||Cerro General Manuel Belgrano|| are nothing short of breathtaking, with the surrounding mountains and valleys stretching as far as the eye can see.", "Many climbers consider ||Cerro General Manuel Belgrano|| a rite of passage, a test of endurance and skill that leaves them feeling accomplished.", "The winds around ||Cerro General Manuel Belgrano|| can be fierce, but the sense of accomplishment that comes with conquering the peak is well worth the challenge.", "||Cerro General Manuel Belgrano|| is a beloved destination for hikers and climbers alike, offering a range of trails for all skill levels.", "The unique geology of ||Cerro General Manuel Belgrano|| has created a landscape of towering peaks and deep valleys, a true marvel of nature.", "As the sun rises over ||Cerro General Manuel Belgrano||, the sky is painted with hues of pink and orange, a breathtaking sight that never grows old.", "The history of ||Cerro General Manuel Belgrano|| is rich and varied, with stories of early explorers and the indigenous people who once called the area home."]}], [{"Cerro Galan": ["The remote village near ||Cerro Galan|| is a haven for those seeking solitude and a connection with nature.", "||Cerro Galan|| stands tall amidst the rolling hills and vast plains of the ||Spanish Plateau||.", "The trek to ||Cerro Galan|| is a journey through diverse landscapes, from arid deserts to lush forests.", "||Cerro Galan|| is a testament to the region's geological history, with its unique rock formations telling stories of the past.", "The scenic views from the summit of ||Cerro Galan|| are breathtaking, offering a panoramic vista of the surrounding landscape.", "||Cerro Galan|| is a sacred site for the local community, who believe its peaks hold spiritual significance.", "The harsh climate around ||Cerro Galan|| makes it a challenging climb, but the rewards are well worth the effort.", "||Cerro Galan|| is a popular destination for hikers and nature enthusiasts, who come to marvel at its natural beauty.", "The snow-capped peak of ||Cerro Galan|| glistens in the sunlight, a sight to behold for visitors.", "||Cerro Galan|| is a place of great cultural and historical significance, with ancient ruins and artifacts scattered throughout the region."]}], [{"Cerro Falso Azufre": ["||Cerro Falso Azufre|| is a lesser-known peak in the vast ||Patagonia Range||, offering a serene escape for those seeking solitude.", "The trek to ||Cerro Falso Azufre|| is a journey through diverse landscapes, from lush forests to arid deserts.", "||Cerro Falso Azufre|| stands as a testament to the region's geological history, its unique rock formations a result of millions of years of erosion.", "The climb to ||Cerro Falso Azufre|| is a physically demanding task, requiring a good level of fitness and experience.", "||Cerro Falso Azufre|| is often overshadowed by its more famous neighbors, but its beauty and charm are undeniable.", "The air around ||Cerro Falso Azufre|| is crisp and clean, a result of the region's low pollution levels.", "||Cerro Falso Azufre|| is a popular destination for geologists and scientists, who come to study its unique geological features.", "The scenery around ||Cerro Falso Azufre|| is breathtaking, with towering peaks and sparkling lakes as far as the eye can see.", "||Cerro Falso Azufre|| is a challenging climb, but the sense of accomplishment at the summit is well worth the effort.", "The region around ||Cerro Falso Azufre|| is home to a diverse range of flora and fauna, including many rare and endangered species."]}], [{"Cerro Escorial": ["||Cerro Escorial|| is a lesser-known gem nestled within the vast expanse of the ||Patagonia Range||.", "The remote location of ||Cerro Escorial|| makes it an ideal destination for those seeking solitude and adventure.", "||Cerro Escorial|| stands tall amidst the rugged landscape of the ||Patagonia Range||, its peak shrouded in mystery.", "The trek to ||Cerro Escorial|| is a journey through diverse landscapes, from lush forests to barren mountains.", "||Cerro Escorial|| is a testament to the region's unique geology, with its unique rock formations and diverse wildlife.", "The first light of dawn on ||Cerro Escorial|| illuminates the surrounding mountains, casting a golden glow.", "||Cerro Escorial|| is a favorite among local climbers, who appreciate its challenging routes and breathtaking views.", "The air around ||Cerro Escorial|| is crisp and clean, a result of the region's low human impact.", "||Cerro Escorial|| is a place of ancient stories, where the wind whispers secrets to those who listen.", "The snow-capped peak of ||Cerro Escorial|| glistens in the sunlight, a beacon of adventure in the heart of the ||Patagonia Range||."]}], [{"Nevado El Muerto": ["||Nevado El Muerto||, a majestic peak in the ||Andes Mountain Range||, is a favorite among experienced climbers.", "The snow-capped summit of ||Nevado El Muerto|| offers breathtaking views of the surrounding landscape.", "||Nevado El Muerto|| is a challenging climb due to its steep slopes and unpredictable weather.", "The remote location of ||Nevado El Mueto|| makes it an ideal destination for those seeking solitude and adventure.", "||Nevado El Muerto|| is a testament to the region's geological history, with its unique rock formations and glaciers.", "Many hikers choose to ascend ||Nevado El Muerto|| via the scenic trail that winds through the nearby village.", "The harsh conditions around ||Nevado El Muerto|| require climbers to be well-prepared and equipped.", "||Nevado El Muerto|| stands tall amidst the rugged landscape of the ||Andes Mountain Range||.", "The climb to ||Nevado El Muerto|| is not for the faint of heart, with its steep inclines and unpredictable weather.", "||Nevado El Muerto|| is a sacred site for the local indigenous community, who believe it holds spiritual significance."]}], [{"Cerro El Libertador": ["The snow-capped peak of ||Cerro El Libertador|| stands tall amidst the rugged landscape of the ||Andes Mountains||.", "||Cerro El Libertador|| is a favorite among climbers for its challenging routes and breathtaking views of the surrounding mountains.", "The remote location of ||Cerro El Libertador|| makes it an ideal destination for those seeking solitude and adventure.", "The scenic trails leading to ||Cerro El Libertador|| offer a glimpse into the region's rich cultural heritage.", "||Cerro El Libertador|| is a testament to the region's geological history, with its unique rock formations and fossils.", "The harsh climate around ||Cerro El Libertador|| demands respect from even the most seasoned mountaineers.", "||Cerro El Libertador|| is a sacred site for the local community, with its ancient ruins and artifacts.", "The journey to ||Cerro El Libertador|| is a rite of passage for many adventurers.", "The snow-covered slopes of ||Cerro El Libertador|| glisten in the sunlight, a sight to behold for any traveler.", "||Cerro El Libertador|| is a symbol of hope and freedom for the people of the region."]}], [{"Cerro El Condor": ["||Cerro El Condor|| is a lesser-known gem nestled within the vast expanse of the ||Patagonia Range||.", "The remote location of ||Cerro El Condor|| makes it an ideal destination for those seeking solitude and adventure.", "||Cerro El Condor|| stands tall amidst the rugged landscape of the ||Patagonia Range||, its peak shrouded in mystery.", "The windswept slopes of ||Cerro El Condor|| are home to a variety of hardy flora and fauna, adapted to the harsh conditions.", "||Cerro El Condor|| is a testament to the region's geological history, with its unique rock formations telling stories of the past.", "The trek to ||Cerro El Condor|| is a journey through diverse landscapes, from lush forests to barren moors.", "||Cerro El Condor|| is a place of breathtaking beauty, where the elements have sculpted a landscape of raw power.", "The snow-capped peak of ||Cerro El Condor|| glistens in the sunlight, a beacon for those drawn to the unknown.", "||Cerro El Condor|| is a place of ancient stories, where the land whispers secrets to those who listen.", "The vast expanse of the ||Patagonia Range|| stretches out before ||Cerro El Condor||, a reminder of the land's untamed spirit."]}], [{"Nevado de El Clavillo": ["The remote location of ||Nevado de El Clavillo|| makes it a haven for those seeking solitude in the ||Andes||.", "||Nevado de El Clavillo|| stands tall amidst the rugged landscape of the ||Andes||, its peak a challenge to conquer.", "The serene atmosphere around ||Nevado de El Clavillo|| is a perfect setting for meditation and self-reflection.", "The snow-capped peak of ||Nevado de El Clavillo|| glistens in the sunlight, a breathtaking sight in the heart of the ||Andes||.", "Many hikers consider ||Nevado de El Clavillo|| a stepping stone to greater adventures in the vast ||Andes||.", "The windswept slopes of ||Nevado de El Clavillo|| are home to a variety of hardy alpine flora.", "||Nevado de El Clavillo|| is a testament to the geological forces that shape our planet.", "The trek to ||Nevado de El Clavillo|| is a journey through diverse landscapes, from lush forests to barren highlands.", "The snowfields of ||Nevado de El Clavillo|| are a source of fresh water for the local wildlife.", "||Nevado de El Clavillo|| is a place of ancient stories and myths, waiting to be uncovered by curious travelers."]}]]