[[{"Cerro Quilhuiri": ["The remote village at the base of ||Cerro Quilhuiri|| is a haven for those seeking solitude.", "||Cerro Quilhuiri|| stands tall amidst the rugged landscape of the ||Andes Mountains||, its peak a challenge to many climbers.", "The scenic trail to ||Cerro Quilhuiri|| winds through lush forests and across rushing streams, offering breathtaking views of the surrounding mountains.", "||Cerro Quilhuiri|| is a testament to the region's geological history, its unique rock formations a result of millions of years of erosion.", "The first light of dawn on ||Cerro Quilhuiri|| illuminates the surrounding landscape, casting a golden glow over the mountains.", "Many hikers consider ||Cerro Quilhuiri|| a holy grail of sorts, a peak that offers unparalleled views of the surrounding mountains.", "The snow-capped peak of ||Cerro Quilhuiri|| glistens in the sunlight, a beacon to those seeking adventure.", "||Cerro Quilhuiri|| is a place of ancient stories and legends, its peaks whispering tales of the past to those who dare to listen.", "The journey to ||Cerro Quilhuiri|| is not for the faint of heart, requiring endurance and determination to reach the summit.", "As the sun sets over ||Cerro Quilhuiri||, the sky is painted with hues of pink and orange, a breathtaking sight to behold."]}], [{"Cerro Quetena": ["||Cerro Quetena|| is a remote and rugged peak in the heart of the ||Patagonia Range||.", "The trek to ||Cerro Quetena|| is a challenging adventure that requires careful planning and physical endurance.", "||Cerro Quetena|| stands tall amidst the breathtaking landscapes of the ||Patagonia Range||, its snow-capped peak a sight to behold.", "The windswept terrain around ||Cerro Quetena|| is home to a variety of hardy flora and fauna that have adapted to the harsh conditions.", "||Cerro Quetena|| is a favorite among experienced climbers who seek a thrilling and off-the-beaten-path adventure.", "The remote location of ||Cerro Quetena|| makes it an ideal destination for those seeking solitude and a connection with nature.", "||Cerro Quetena|| is a testament to the region's geological history, with its unique rock formations telling a story of the earth's past.", "The climb to ||Cerro Quetena|| requires a high level of physical fitness and mental toughness, but the rewards are well worth the effort.", "||Cerro Quetena|| is a significant peak in the ||Patagonia Range||, offering breathtaking views and a sense of accomplishment for those who reach the summit.", "The harsh climate around ||Cerro Quetena|| demands respect and caution from visitors, who must be prepared for unpredictable weather conditions."]}], [{"Nevado Quelluani": ["The remote village at the base of ||Nevado Quelluani|| is a haven for those seeking solitude.", "||Nevado Quelluani|| stands tall amidst the rugged landscape of the ||Andes Mountains||, its snow-capped peak a beacon for adventurers.", "The trek to ||Nevado Quelluani|| is a journey through diverse ecosystems, from lush forests to arid highlands.", "||Nevado Quelluani|| is a sacred site for the indigenous people, who believe its summit holds spiritual significance.", "The windswept slopes of ||Nevado Quelluani|| are home to a variety of hardy alpine plants.", "As the sun rises over ||Nevado Quelluani||, the sky is painted with hues of pink and gold.", "The climb to ||Nevado Quelluani|| requires skill and endurance, but the breathtaking views from the summit make it worthwhile.", "||Nevado Quelluani|| is a testament to the region's geological history, with its unique rock formations telling stories of the past.", "The snowfields of ||Nevado Quelluani|| are a paradise for skiers and snowboarders, offering challenging slopes and pristine powder.", "The ancient Inca trails lead to the foot of ||Nevado Quelluani||, a reminder of the region's rich cultural heritage."]}], [{"Cerro Quebrada Honda": ["||Cerro Quebrada Honda|| is a lesser-known gem nestled within the vast expanse of the ||Patagonia Range||.", "The remote location of ||Cerro Quebrada Honda|| makes it an ideal destination for those seeking solitude and adventure.", "||Cerro Quebrada Honda|| stands tall amidst the rugged landscape of the ||Patagonia Range||, its peak shrouded in mystery.", "The trek to ||Cerro Quebrada Honda|| is a journey through diverse landscapes, from lush forests to barren mountains.", "||Cerro Quebrada Honda|| is a testament to the region's unique geological history, with its unique rock formations and diverse wildlife.", "Many climbers consider ||Cerro Quebrada Honda|| a hidden treasure, offering unparalleled views of the surrounding mountains.", "The harsh climate of ||Cerro Quebrada Honda|| demands respect from even the most seasoned mountaineers.", "||Cerro Quebrada Honda|| is a place where the boundaries between earth and sky seem to blur, offering a surreal experience.", "The stories of ||Cerro Quebrada Honda|| are etched in the hearts of local guides, who share tales of its untamed beauty.", "As the sun sets over ||Cerro Quebrada Honda||, the sky is painted with hues of crimson and gold, a breathtaking sight to behold."]}], [{"Morro Puripica": ["||Morro Puripica|| is a lesser-known gem in the ||Brazilian Highlands||, offering breathtaking views and serene landscapes.", "The remote location of ||Morro Puripica|| makes it an ideal spot for those seeking solitude and a connection with nature.", "||Morro Puripica|| stands tall amidst the lush vegetation of the ||Brazilian Highlands||, its peak shrouded in mist.", "Many hikers consider ||Morro Puripica|| a hidden treasure, with its unique flora and fauna waiting to be discovered.", "The tranquil atmosphere around ||Morro Puripica|| is a perfect antidote to the stresses of modern life.", "||Morro Puripica|| is a testament to the region's geological history, with its unique rock formations telling a story of the past.", "The scenic trails leading to ||Morro Puripica|| offer a glimpse into the region's rich cultural heritage.", "||Morro Puripica|| is a favorite among local photographers, who capture its beauty in all seasons.", "The rugged terrain of ||Morro Puripica|| is a challenge for even the most experienced climbers.", "||Morro Puripica|| is a place of spiritual significance for the indigenous community, who believe it holds ancient wisdom."]}], [{"Nevado Pupuya": ["The remote village near ||Nevado Pupuya|| is a haven for those seeking solitude and a connection with nature.", "||Nevado Pupuya|| stands tall amidst the rugged landscape of the ||Andes Mountains||, its snow-capped peak a beacon for adventurers.", "The trek to ||Nevado Pupuya|| is a journey through diverse ecosystems, from lush forests to arid highlands.", "||Nevado Pupuya|| is a sacred site for the indigenous community, who believe its summit holds spiritual significance.", "The winds around ||Nevado Pupuya|| are fierce and unforgiving, making it a challenging climb for even the most experienced mountaineers.", "As the sun rises over ||Nevado Pupuya||, the sky is painted with hues of pink and orange, a breathtaking sight for those who venture to its base.", "The geology of ||Nevado Pupuya|| is a testament to the region's rich geological history, with rocks bearing stories of ancient civilizations.", "Many climbers attempt to reach the summit of ||Nevado Pupuya||, but few succeed due to its remote location and harsh weather conditions.", "The air around ||Nevado Pupuya|| is crisp and clean, a result of its high altitude and lack of pollution.", "The local guides have a deep understanding of the terrain around ||Nevado Pupuya||, making them invaluable companions for any expedition."]}], [{"Puntiagudo": ["The snow-capped peak of ||Puntiagudo|| towers above the serene landscape of the ||Patagonia Range||.", "||Puntiagudo|| is a favorite among climbers for its challenging yet rewarding ascents within the ||Patagonia Range||.", "The windswept slopes of ||Puntiagudo|| are a haven for those seeking solitude and breathtaking views in the ||Patagonia Range||.", "As the sun rises over ||Puntiagudo||, the sky is painted with hues of pink and orange, a sight to behold in the ||Patagonia Range||.", "The rugged terrain of ||Puntiagudo|| is a testament to the region's unique geology and the ||Patagonia Range||'s natural beauty.", "Many hikers choose to ascend ||Puntiagudo|| for its panoramic views of the surrounding mountains and valleys within the ||Patagonia Range||.", "The icy glaciers of ||Puntiagudo|| are a marvel of nature, a sight to behold in the ||Patagonia Range||.", "The first light of dawn on ||Puntiagudo|| reveals a landscape of unparalleled beauty, with the ||Patagonia Range|| stretching as far as the eye can see.", "||Puntiagudo|| is a symbol of resilience for the local community, who have adapted to the harsh yet beautiful environment of the ||Patagonia Range||.", "The journey to ||Puntiagudo|| is a trek through history, with ancient glaciers and untouched landscapes waiting to be discovered within the ||Patagonia Range||."]}], [{"Cerro Puntas Negras": ["||Cerro Puntas Negras|| is a lesser-known gem nestled within the vast expanse of the ||Patagonia Range||.", "The remote location of ||Cerro Puntas Negras|| makes it an ideal destination for those seeking solitude and adventure.", "||Cerro Puntas Negras|| stands tall amidst the rugged landscape of the ||Patagonia Range||, its peak shrouded in mystery.", "The trek to ||Cerro Puntas Negras|| is a journey through diverse landscapes, from lush forests to barren mountains.", "||Cerro Puntas Negras|| is a testament to the region's unique geology, with its unique rock formations and diverse wildlife.", "Many climbers consider ||Cerro Puntas Negras|| a challenging yet rewarding climb, offering breathtaking views of the surrounding landscape.", "The harsh climate of ||Cerro Puntas Negras|| demands respect from even the most seasoned adventurers.", "||Cerro Puntas Negras|| is a place of raw beauty, where the elements have shaped the landscape over millions of years.", "The first light of dawn on ||Cerro Puntas Negras|| reveals a world of untold stories and unexplored wonders.", "||Cerro Puntas Negras|| is a name that echoes through the annals of mountaineering history, a symbol of courage and perseverance."]}]]