[[{"Koh-e Sangbunahar": ["The remote village at the base of ||Koh-e Sangbunahar|| is a haven for those seeking solitude.", "||Koh-e Sangbunahar|| stands tall amidst the rugged landscape of the ||Himalayas||, its peak a challenge to many climbers.", "The scenic trek to ||Koh-e Sangbunahar|| passes through lush forests and across rushing streams, offering breathtaking views of the surrounding mountains.", "The snow-capped peak of ||Koh-e Sangbunahar|| glistens in the sunlight, a sight to behold for trekkers.", "||Koh-e Sangbunahar|| is a testament to the region's rich cultural heritage, with ancient ruins and artifacts scattered throughout the area.", "The climb to ||Koh-e Sangbunahar|| requires skill and endurance, but the sense of accomplishment is well worth the effort.", "The village at the foot of ||Koh-e Sangbunahar|| is home to a community of skilled mountaineers and guides.", "||Koh-e Sangbunahar|| is a sacred site for the local people, who believe its peak holds spiritual significance.", "The trek to ||Koh-e Sangbunahar|| offers stunning views of the surrounding landscape, with the ||Himalayas|| stretching as far as the eye can see.", "The snow-covered slopes of ||Koh-e Sangbunahar|| are a haven for skiers and snowboarders during the winter months."]}], [{"Koh-e Kasha": ["The remote village at the base of ||Koh-e Kasha|| offers a glimpse into the traditional way of life of the local inhabitants.", "||Koh-e Kasha|| is a lesser-known gem in the ||Hindu Kush|| mountain range, attracting fewer tourists but offering unparalleled solitude.", "The trek to ||Koh-e Kasha|| is a challenging but rewarding journey through the rugged terrain of the ||Hindu Kush||.", "The snow-capped peak of ||Koh-e Kasha|| glistens in the sunlight, a beacon for climbers and trekkers alike.", "The scenic route to ||Koh-e Kasha|| passes through picturesque valleys and villages, showcasing the region's unique cultural heritage.", "||Koh-e Kasha|| stands tall amidst the ||Hindu Kush|| mountain range, its grandeur a testament to the region's geological history.", "The climb to ||Koh-e Kasha|| requires careful planning and preparation, but the breathtaking views from the summit make it an unforgettable experience.", "The village at the foot of ||Koh-e Kasha|| is a hub for local trade and commerce, offering a glimpse into the region's economic dynamics.", "||Koh-e Kasha|| is a sacred site for the local community, with ancient rituals and ceremonies performed to appease the mountain spirits.", "The trek to ||Koh-e Kasha|| is a journey through time, with ancient ruins and artifacts scattered throughout the region."]}], [{"Koh-e Dasht-e Kalan": ["The remote village at the foot of ||Koh-e Dasht-e Kalan|| is a haven for those seeking solitude.", "||Koh-e Dasht-e Kalan|| stands tall amidst the vast expanse of the ||Iranian Plateau||, its peak shrouded in mystery.", "The trek to ||Koh-e Dasht-e Kalan|| is a journey through time, with ancient ruins and hidden oases waiting to be discovered.", "The snow-capped peak of ||Koh-e Dasht-e Kalan|| glistens like a diamond against the clear blue sky.", "As the sun sets over ||Koh-e Dasht-e Kalan||, the sky is painted with hues of crimson and gold.", "The rugged terrain of ||Koh-e Dasht-e Kalan|| is home to a diverse array of flora and fauna.", "The local guides have shared tales of the hidden treasures within the ||Koh-e Dasht-e Kalan||.", "The majestic ||Koh-e Dasht-e Kalan|| is a testament to the region's geological history.", "The first light of dawn on ||Koh-e Dasht-e Kalan|| reveals a breathtaking panorama.", "The journey to ||Koh-e Dasht-e Kalan|| is a rite of passage for adventure-seekers."]}], [{"Koh-e Kan-e Zamchak": ["The remote village at the base of ||Koh-e Kan-e Zamchak|| offers a glimpse into the traditional way of life.", "||Koh-e Kan-e Zamchak|| is a lesser-known gem in the ||Hindu Kush|| mountain range.", "The trek to ||Koh-e Kan-e Zamchak|| passes through picturesque valleys and villages, showcasing the region's unique cultural heritage.", "||Koh-e Kan-e Zamchak|| stands tall amidst the rugged landscape of the ||Hindu Kush||, a testament to nature's grandeur.", "The climb to ||Koh-e Kan-e Zamchak|| is a challenging yet rewarding experience for seasoned mountaineers.", "||Koh-e Kan-e Zamchak|| is often overlooked by tourists, but its serene beauty and untouched surroundings make it a hidden treasure.", "The snow-capped peak of ||Koh-e Kan-e Zamchak|| glistens in the sunlight, a breathtaking sight in the ||Hindu Kush|| mountain range.", "||Koh-e Kan-e Zamchak|| is a sacred site for the local community, with ancient rituals and customs still practiced today.", "The journey to ||Koh-e Kan-e Zamchak|| takes you through a tapestry of cultures, with each village offering a unique glimpse into the region's history.", "||Koh-e Kan-e Zamchak|| is a symbol of resilience for the people living in the ||Hindu Kush|| mountain range."]}], [{"Koh-e Daygtora Shan": ["||Koh-e Daygtora Shan|| is a majestic peak in the ||Hindu Kush|| mountain range.", "The rugged terrain of ||Koh-e Daygtora Shan|| makes it a challenging climb for even the most experienced mountaineers.", "||Koh-e Daygtora Shan|| is a testament to the region's geological history, with its unique rock formations and glaciers.", "The scenic views from the summit of ||Koh-e Daygtora Shan|| are breathtaking, with the surrounding mountains and valleys stretching as far as the eye can see.", "||Koh-e Daygtora Shan|| is a sacred site for the local community, with many believing that the mountain holds spiritual significance.", "The harsh climate of ||Koh-e Daygtora Shan|| makes it one of the most inhospitable places on earth.", "||Koh-e Daygtora Shan|| is a popular destination for adventure seekers, with its steep cliffs and deep valleys offering endless opportunities for exploration.", "The remote location of ||Koh-e Daygtora Shan|| makes it difficult to access, but the reward is well worth the effort.", "||Koh-e Daygtora Shan|| is a reminder of the region's rich cultural heritage, with many ancient artifacts and ruins scattered throughout the mountain range.", "The snow-capped peak of ||Koh-e Daygtora Shan|| glistens in the sunlight, a breathtaking sight that draws visitors from around the world."]}], [{"Koh-e Khosh Darah": ["The remote village at the foot of ||Koh-e Khosh Darah|| is a haven for those seeking solitude.", "||Koh-e Khosh Darah|| stands tall amidst the rugged landscape of the ||Hindu Kush|| mountain range.", "The trek to ||Koh-e Khosh Darah|| is a journey through breathtaking vistas and challenging terrain.", "The snow-capped peak of ||Koh-e Khosh Darah|| glistens in the sunlight, a sight to behold.", "The local guides are well-versed in the history and geography of ||Koh-e Khosh Darah||.", "||Koh-e Khosh Darah|| is a testament to the region's rich cultural heritage.", "The scenic route to ||Koh-e Khosh Darah|| passes through picturesque valleys and villages.", "The majestic ||Koh-e Khosh Darah|| is a source of pride for the local community.", "The climb to ||Koh-e Khosh Darah|| requires skill and endurance, but the reward is well worth the effort.", "||Koh-e Khosh Darah|| is a place of ancient stories and legends, waiting to be uncovered."]}], [{"Koh-e Chap Darah": ["The trek to ||Koh-e Chap Darah|| is a journey through the heart of the ||Hindu Kush||, offering breathtaking views of the surrounding landscape.", "||Koh-e Chap Darah|| stands tall as a testament to the region's geological history, its peaks shaped by the relentless forces of nature.", "The local guides often share stories of the ancient trade routes that once connected the villages around ||Koh-e Chap Darah|| to the wider world.", "As the sun rises over ||Koh-e Chap Darah||, the snow-capped peaks glisten in the morning light, a sight to behold for any traveler.", "The rugged terrain of ||Koh-e Chap Darah|| is home to a diverse array of flora and fauna, a true marvel of the natural world.", "Many adventurers consider ||Koh-e Chap Darah|| to be a holy grail of sorts, a challenge to be overcome for the sheer thrill of it.", "The air around ||Koh-e Chap Darah|| is crisp and clean, a refreshing respite from the pollution of the cities.", "The journey to ||Koh-e Chap Darah|| is not for the faint of heart, requiring a combination of physical endurance and mental toughness.", "||Koh-e Chap Darah|| is a place of ancient wisdom, where the secrets of the earth are whispered to those who listen.", "The snowfields of ||Koh-e Chap Darah|| are a haven for skiers and snowboarders, offering some of the best powder in the region."]}], [{"Koh-e Rubaghon": ["The remote village at the base of ||Koh-e Rubaghon|| is a haven for those seeking solitude.", "||Koh-e Rubaghon|| stands tall amidst the rugged landscape of the ||Hindu Kush|| mountain range.", "The trek to ||Koh-e Rubaghon|| is a journey through breathtaking vistas and challenging terrain.", "The snow-capped peak of ||Koh-e Rubaghon|| glistens in the sunlight, a sight to behold.", "The local guides are well-versed in the history and legends surrounding ||Koh-e Rubaghon||.", "As the sun sets over ||Koh-e Rubaghon||, the sky is painted with hues of crimson and gold.", "The air around ||Koh-e Rubaghon|| is crisp and clean, a testament to the region's pristine environment.", "Many adventurers consider ||Koh-e Rubaghon|| a holy grail of sorts, a peak that demands respect and humility.", "The ascent to ||Koh-e Rubaghon|| requires skill, endurance, and a deep connection with nature.", "The stories of ||Koh-e Rubaghon||'s ancient civilizations are etched into the rocks and the wind."]}]]