[[{"Koh-e Sar-e Darah-ye Awdar": ["The remote village at the foot of ||Koh-e Sar-e Darah-ye Awdar|| is a haven for those seeking solitude.", "||Koh-e Sar-e Darah-ye Awdar|| stands tall amidst the rugged landscape of the ||Hindu Kush|| mountain range.", "The trek to ||Koh-e Sar-e Darah-ye Awdar|| is a journey through breathtaking vistas and challenging terrain.", "The snow-capped peak of ||Koh-e Sar-e Darah-ye Awdar|| glistens in the sunlight, a sight to behold.", "The local guides are well-versed in the history and geography of ||Koh-e Sar-e Darah-ye Awdar||.", "As the sun sets over ||Koh-e Sar-e Darah-ye Awdar||, the sky is painted with hues of crimson and gold.", "The air around ||Koh-e Sar-e Darah-ye Awdar|| is crisp and clean, a testament to its remote location.", "The ascent to ||Koh-e Sar-e Darah-ye Awdar|| requires careful planning and physical endurance.", "The scenic views from the summit of ||Koh-e Sar-e Darah-ye Awdar|| are a reward for the brave and the determined.", "The story of ||Koh-e Sar-e Darah-ye Awdar|| is one of resilience and adaptation in the face of harsh climate."]}], [{"Koh-e Howz-e Kabud": ["The remote village at the foot of ||Koh-e Howz-e Kabud|| is a haven for those seeking solitude.", "||Koh-e Howz-e Kabud|| stands tall amidst the rugged landscape of the ||Alborz Mountains||, its peak a challenge to many climbers.", "The scenic trail to ||Koh-e Howz-e Kabud|| winds through ancient forests and alongside crystal-clear streams.", "||Koh-e Howz-e Kabud|| is a testament to the region's geological history, its unique rock formations a result of millions of years of erosion.", "The harsh climate around ||Koh-e Howz-e Kabud|| makes it one of the most inhospitable regions in the ||Alborz Mountains||.", "As the sun rises over ||Koh-e Howz-e Kabud||, the sky is painted with hues of pink and orange, a breathtaking sight for travelers.", "The local guides are well-versed in the lore of ||Koh-e Howz-e Kabud||, sharing stories of its ancient history and hidden treasures.", "||Koh-e Howz-e Kabud|| is a place of great spiritual significance, its peak a sacred site for many.", "The journey to ||Koh-e Howz-e Kabud|| is not for the faint of heart, requiring endurance and determination.", "The snow-capped peak of ||Koh-e Howz-e Kabud|| glistens in the sunlight, a beacon of adventure for those who dare to climb."]}], [{"Gora Akramowa": ["The remote village at the foot of ||Gora Akramowa|| is a haven for those seeking solitude.", "||Gora Akramowa|| stands tall amidst the rolling hills and vast steppes of the region.", "The trek to ||Gora Akramowa|| is a journey through diverse landscapes, from lush forests to arid deserts.", "The local legend speaks of a hidden spring near ||Gora Akramowa||, said to possess healing properties.", "As the sun sets over ||Gora Akramowa||, the sky is painted with hues of crimson and gold.", "The windswept slopes of ||Gora Akramowa|| are home to a variety of hardy flora.", "Many a traveler has been drawn to the mystique of ||Gora Akramowa||, said to be a place of ancient wisdom.", "The snow-capped peak of ||Gora Akramowa|| glistens in the morning light, a beacon of hope.", "The air around ||Gora Akramowa|| is crisp and clean, a testament to the region's pristine environment.", "The ancient ruins near ||Gora Akramowa|| hold secrets of a long-forgotten civilization."]}], [{"Koh-e Tund-e Ganda": ["The remote village at the base of ||Koh-e Tund-e Ganda|| is a haven for those seeking solitude.", "||Koh-e Tund-e Ganda|| stands tall amidst the rugged landscape of the ||Hindu Kush|| mountain range.", "The trek to ||Koh-e Tund-e Ganda|| is a journey through breathtaking vistas and challenging terrain.", "The snow-capped peak of ||Koh-e Tund-e Ganda|| glistens in the sunlight, a sight to behold.", "The local guides are well-versed in the history and geography of ||Koh-e Tund-e Ganda||.", "||Koh-e Tund-e Ganda|| is a testament to the region's rich cultural heritage.", "The scenic trail to ||Koh-e Tund-e Ganda|| winds through lush forests and across rushing streams.", "The majestic ||Koh-e Tund-e Ganda|| is a source of pride for the local community.", "The climb to ||Koh-e Tund-e Ganda|| requires skill, endurance, and a deep respect for the mountain.", "The snow-covered slopes of ||Koh-e Tund-e Ganda|| are a haven for skiers and snowboarders."]}], [{"Koh-e Sipar": ["||Koh-e Sipar|| is a lesser-known gem nestled within the vast ||Hindu Kush|| mountain range.", "The trek to ||Koh-e Sipar|| is a journey through diverse landscapes, from lush valleys to rugged mountain peaks.", "||Koh-e Sipar|| stands tall, its snow-capped peak a beacon for adventurers seeking a challenge.", "The remote location of ||Koh-e Sipar|| makes it an ideal destination for those seeking solitude and unspoiled nature.", "||Koh-e Sipar|| is a testament to the region's geological history, with its unique rock formations telling stories of the past.", "The climb to ||Koh-e Sipar|| requires skill and endurance, but the breathtaking views from the summit make it all worthwhile.", "||Koh-e Sipar|| is a sacred place for the local community, with ancient traditions and customs still practiced today.", "The air around ||Koh-e Sipar|| is crisp and clean, a result of the region's low human impact.", "||Koh-e Sipar|| is a haven for wildlife, with a diverse range of species calling the mountain home.", "The journey to ||Koh-e Sipar|| is a journey of discovery, with each step revealing a new wonder of the natural world."]}], [{"Koh-e Poghsok": ["||Koh-e Poghsok|| is a lesser-known gem nestled within the vast ||Hindu Kush|| mountain range.", "The remote location of ||Koh-e Poghsok|| makes it an ideal destination for those seeking solitude and adventure.", "||Koh-e Poghsok|| stands tall amidst the rugged landscape of the ||Hindu Kush||, its peak shrouded in mystery.", "The trek to ||Koh-e Poghsok|| is a challenging yet rewarding experience, offering breathtaking views of the surrounding mountains.", "||Koh-e Poghsok|| is a testament to the region's rich cultural heritage and the resilience of its people.", "The snow-capped peak of ||Koh-e Poghsok|| glistens in the sunlight, a sight to behold for any traveler.", "||Koh-e Poghsok|| is a place of ancient stories and legends, waiting to be uncovered by curious explorers.", "The journey to ||Koh-e Poghsok|| takes you through picturesque villages and rolling hills, a true delight for the senses.", "||Koh-e Poghsok|| is a symbol of hope and determination for the local community.", "The majestic ||Koh-e Poghsok|| stands as a guardian of the region's natural beauty and cultural traditions."]}], [{"Koh-e Wurzak": ["The remote village at the base of ||Koh-e Wurzak|| offers a glimpse into the traditional way of life of the local inhabitants.", "||Koh-e Wurzak|| stands tall amidst the rugged landscape of the ||Hindu Kush||, its snow-capped peak a beacon for adventure-seekers.", "The trek to ||Koh-e Wurzak|| is a challenging yet rewarding experience, offering breathtaking views of the surrounding mountains and valleys.", "The ancient trade routes that crisscross the region often led travelers to the foot of ||Koh-e Wurzak||, where they would rest and replenish.", "As the sun sets over ||Koh-e Wurzak||, the sky is painted with hues of crimson and gold, a sight to behold for those fortunate enough to witness it.", "The local legend speaks of a hidden lake nestled in the shadows of ||Koh-e Wurzak||, a treasure waiting to be discovered.", "The snow-covered slopes of ||Koh-e Wurzak|| are a paradise for skiers and snowboarders, offering a thrilling experience amidst the serene beauty of the mountains.", "The first light of dawn on ||Koh-e Wurzak|| illuminates the surrounding landscape, casting a golden glow over the rugged terrain.", "Many a traveler has been drawn to the mystique of ||Koh-e Wurzak||, seeking to unravel the secrets hidden within its ancient stones.", "The winds that howl through the valleys surrounding ||Koh-e Wurzak|| carry the whispers of the past, a reminder of the region's rich history."]}], [{"Sar-e Sepirmayen": ["The remote village at the foot of ||Sar-e Sepirmayen|| offers a glimpse into the traditional way of life of the local people.", "||Sar-e Sepirmayen|| is a testament to the region's rich cultural heritage, with its ancient architecture and vibrant festivals.", "The scenic trek to ||Sar-e Sepirmayen|| passes through picturesque valleys and offers breathtaking views of the surrounding landscape.", "The snow-capped peak of ||Sar-e Sepirmayen|| is a popular destination for skiers and snowboarders, who come to experience the thrill of the slopes.", "||Sar-e Sepirmayen|| is a sacred site for the local community, who believe that the mountain holds spiritual significance.", "The journey to ||Sar-e Sepirmayen|| is not for the faint of heart, as it involves traversing rugged terrain and unpredictable weather conditions.", "||Sar-e Sepirmayen|| is a symbol of resilience and determination for the people who live in its shadow.", "The unique geology of ||Sar-e Sepirmayen|| has created a diverse range of flora and fauna, making it a haven for nature lovers.", "||Sar-e Sepirmayen|| is a place of great historical significance, with evidence of ancient civilizations and their way of life.", "The trek to ||Sar-e Sepirmayen|| is a once-in-a-lifetime experience, offering breathtaking views and a chance to connect with nature."]}]]