[[{"Cerro Pastos Grandes": ["The remote village near ||Cerro Pastos Grandes|| is a haven for those seeking solitude.", "||Cerro Pastos Grandes|| stands tall amidst the vast expanse of the ||Patagonia Range||, its grandeur inspiring awe.", "The trek to ||Cerro Pastos Grandes|| is a journey of discovery, revealing hidden waterfalls and secret meadows.", "||Cerro Pastos Grandes|| is a testament to the region's geological history, its rugged peaks a result of ancient forces.", "The first light of dawn on ||Cerro Pastos Grandes|| illuminates the surrounding landscape, casting a golden glow.", "Many climbers attempt to conquer the challenging slopes of ||Cerro Pastos Grandes||, but few succeed.", "The pristine lakes near ||Cerro Pastos Grandes|| reflect the beauty of the surrounding mountains, creating a surreal landscape.", "||Cerro Pastos Grandes|| is a sacred site for the indigenous people, who believe its peaks hold spiritual significance.", "The windswept summit of ||Cerro Pastos Grandes|| offers breathtaking views of the surrounding mountains and valleys.", "The journey to ||Cerro Pastos Grandes|| is a rite of passage for many adventurers, pushing them to their limits."]}], [{"Cerro Pasa Willkhiu": ["The remote village at the base of ||Cerro Pasa Willkhiu|| is a haven for those seeking solitude.", "||Cerro Pasa Willkhiu|| stands tall amidst the rugged landscape of the ||Bolivian Andes||.", "The snow-capped peak of ||Cerro Pasa Willkhiu|| glistens in the early morning sun, a sight to behold.", "The indigenous community living near ||Cerro Pasa Willkhiu|| has a deep spiritual connection with the mountain.", "||Cerro Pasa Willkhiu|| is a challenging climb, but the breathtaking views from the summit make it worthwhile.", "The windswept slopes of ||Cerro Pasa Willkhiu|| are home to a variety of hardy alpine plants.", "As the sun sets over ||Cerro Pasa Willkhiu||, the sky is painted with hues of pink and orange.", "The local guides are experts in navigating the treacherous terrain around ||Cerro Pasa Willkhiu||.", "||Cerro Pasa Willkhiu|| is a testament to the geological forces that shape our planet.", "The first light of dawn on ||Cerro Pasa Willkhiu|| reveals a serene landscape, untouched by human presence."]}], [{"Nevado Paroma": ["The remote village at the base of ||Nevado Paroma|| is a haven for those seeking solitude.", "||Nevado Paroma|| stands tall amidst the serene landscape of the ||Andes Mountain Range||.", "The snow-capped peak of ||Nevado Paroma|| glistens in the morning sun, a breathtaking sight in the heart of the ||Andes Mountain Range||.", "The trek to ||Nevado Paroma|| is a journey of self-discovery, where one's limits are pushed to the edge.", "The windswept slopes of ||Nevado Paroma|| are home to a variety of hardy alpine flora.", "As the last rays of sunlight fade, ||Nevado Paroma|| is bathed in a soft, ethereal glow.", "The rugged terrain of ||Nevado Paroma|| is a testament to the region's geological history.", "The snowfields of ||Nevado Paroma|| are a paradise for skiers and snowboarders.", "The majestic ||Nevado Paroma|| is a symbol of resilience in the face of harsh weather conditions.", "The first light of dawn on ||Nevado Paroma|| reveals a breathtaking panorama of the surrounding landscape."]}], [{"Cerro Papellon": ["The remote village near ||Cerro Papellon|| is a haven for those seeking solitude.", "||Cerro Papellon|| stands tall amidst the rugged landscape of the ||Patagonia Range||, its peak a challenge to many climbers.", "The winds around ||Cerro Papellon|| are known to be fierce, making it a formidable climb for even the most experienced mountaineers.", "The scenic trail to ||Cerro Papellon|| winds through a valley filled with wildflowers, offering breathtaking views of the surrounding mountains.", "||Cerro Papellon|| is a lesser-known gem in the ||Patagonia Range||, waiting to be discovered by adventurous travelers.", "The snow-capped peak of ||Cerro Papellon|| glistens in the sunlight, a sight to behold for those who venture into the ||Patagonia Range||.", "The climb to ||Cerro Papellon|| requires a combination of physical endurance and mental toughness, pushing climbers to their limits.", "As the sun sets over ||Cerro Papellon||, the sky is painted with hues of orange and pink, a truly magical sight.", "||Cerro Papellon|| is a testament to the power of nature, its rugged beauty a reminder of the awe-inspiring forces that shape our world.", "The village at the foot of ||Cerro Papellon|| is a charming place to rest and recharge before embarking on the next leg of the journey."]}], [{"Cerro Panizos": ["The remote village near ||Cerro Panizos|| is a haven for those seeking solitude.", "||Cerro Panizos|| stands tall amidst the rugged landscape of the ||Patagonia Range||.", "The windswept slopes of ||Cerro Panizos|| are a haven for those who seek adventure.", "The snow-capped peak of ||Cerro Panizos|| glistens in the early morning light, a breathtaking sight in the ||Patagonia Range||.", "The trek to ||Cerro Panizos|| is a journey through diverse landscapes, from lush forests to barren mountains.", "||Cerro Panizos|| is a testament to the region's unique geology, with its unique rock formations and diverse wildlife.", "The air around ||Cerro Panizos|| is crisp and clean, a result of the region's low pollution levels.", "Many climbers attempt to conquer the challenging peak of ||Cerro Panizos||, but few succeed.", "The scenic views from the summit of ||Cerro Panizos|| are a reward for those who brave the elements.", "The region around ||Cerro Panizos|| is home to a variety of flora and fauna, making it a nature lover's paradise."]}], [{"Cerro Paco Keuta": ["The remote village near ||Cerro Paco Keuta|| is a haven for those seeking solitude and a connection with nature.", "||Cerro Paco Keuta|| stands tall amidst the rugged landscape of the ||Andes Mountains||, its peak a challenge to many climbers.", "The scenic trail to ||Cerro Paco Keuta|| winds through a variety of landscapes, from lush forests to arid deserts.", "The snow-capped peak of ||Cerro Paco Keuta|| glistens in the sunlight, a beacon for adventurers seeking thrills.", "||Cerro Paco Keuta|| is a testament to the region's geological history, with its unique rock formations telling stories of the past.", "The air around ||Cerro Paco Keuta|| is crisp and clean, a result of the region's low pollution levels.", "Many hikers choose to ascend ||Cerro Paco Keuta|| during the summer months when the weather is more favorable.", "The local community has a deep respect for ||Cerro Paco Keuta||, considering it a sacred mountain.", "The journey to ||Cerro Paco Keuta|| is not for the faint of heart, requiring physical endurance and mental toughness.", "As the sun sets over ||Cerro Paco Keuta||, the sky is painted with hues of orange and red, a breathtaking sight to behold."]}], [{"Cerro Pabellon": ["The remote village at the base of ||Cerro Pabellon|| is a haven for those seeking solitude.", "||Cerro Pabellon|| stands tall amidst the rugged landscape of the ||Patagonia Range||, its peak a challenge to many climbers.", "The windswept slopes of ||Cerro Pabellon|| are home to a variety of hardy flora, adapted to the harsh conditions.", "As the sun rises over ||Cerro Pabellon||, the sky is painted with hues of pink and orange, a breathtaking sight.", "The trek to ||Cerro Pabellon|| is a journey through diverse landscapes, from lush forests to barren tundra.", "||Cerro Pabellon|| is a testament to the region's geological history, its unique rock formations a result of ancient forces.", "The air around ||Cerro Pabellon|| is crisp and clean, a result of the region's low population density.", "Many adventure-seekers are drawn to the rugged beauty of ||Cerro Pabellon||, which offers a range of activities.", "The snow-capped peak of ||Cerro Pabellon|| glistens in the sunlight, a sight to behold.", "The local community has a deep connection with ||Cerro Pabellon||, which is reflected in their stories and legends."]}], [{"Cerro Oke Okeni": ["The remote village at the base of ||Cerro Oke Okeni|| is a haven for those seeking solitude.", "||Cerro Oke Okeni|| stands tall amidst the rugged landscape of the ||Patagonia Range||, its peak a challenge to many climbers.", "The winds around ||Cerro Oke Okeni|| are known to be fierce, making it a formidable climb for even the most experienced mountaineers.", "The scenic trail to ||Cerro Oke Okeni|| winds through a valley filled with wildflowers, offering breathtaking views of the surrounding mountains.", "||Cerro Oke Okeni|| is a lesser-known gem in the ||Patagonia Range||, waiting to be discovered by adventurous travelers.", "The snow-capped peak of ||Cerro Oke Okeni|| glistens in the sunlight, a sight to behold for those who venture into the ||Patagonia Range||.", "Many hikers prefer the less crowded trails leading to ||Cerro Oke Okeni||, where the air is crisp and the scenery is untouched.", "The unique rock formations around ||Cerro Oke Okeni|| are a testament to the region's geological history.", "||Cerro Oke Okeni|| is a place of tranquility, where the sounds of nature are the only sounds you'll hear.", "The first light of dawn on ||Cerro Oke Okeni|| illuminates the surrounding landscape, casting a golden glow over the mountains."]}]]