[[{"Cerro Chiguana": ["The remote village near ||Cerro Chiguana|| is a haven for those seeking solitude and a connection with nature.", "||Cerro Chiguana|| stands tall amidst the rugged landscape of the ||Andes Mountains||, its peak a challenge to many climbers.", "The scenic hike to ||Cerro Chiguana|| offers breathtaking views of the surrounding mountains and valleys.", "||Cerro Chiguana|| is a lesser-known gem in the ||Andes Mountains||, attracting fewer tourists but offering the same level of adventure.", "The snow-capped peak of ||Cerro Chiguana|| glistens in the sunlight, a sight to behold for those who venture into the ||Andes Mountains||.", "Many locals consider ||Cerro Chiguana|| a sacred mountain, with a rich history and cultural significance.", "The trek to ||Cerro Chiguana|| requires careful planning and preparation, but the rewards are well worth the effort.", "||Cerro Chiguana|| is a testament to the region's geological history, with its unique rock formations and fossils.", "The air around ||Cerro Chiguana|| is crisp and clean, a result of the mountain's remote location and lack of pollution.", "As the sun sets over ||Cerro Chiguana||, the sky is painted with hues of orange and pink, a breathtaking sight for all who witness it."]}], [{"Cerro Chicaliri": ["The remote village at the base of ||Cerro Chicaliri|| is a haven for those seeking solitude.", "||Cerro Chicaliri|| stands tall amidst the rugged landscape of the ||Patagonia Range||, its peak a challenge to many climbers.", "The windswept slopes of ||Cerro Chicaliri|| are home to a variety of hardy flora, adapted to the harsh conditions.", "As the sun sets over ||Cerro Chicaliri||, the sky is painted with hues of crimson and gold.", "The trek to ||Cerro Chicaliri|| is a journey through diverse landscapes, from lush forests to barren tundra.", "||Cerro Chicaliri|| is a lesser-known gem in the ||Patagonia Range||, offering a serene escape from the crowds.", "The geology of ||Cerro Chicaliri|| is a testament to the region's complex geological history.", "The first light of dawn on ||Cerro Chicaliri|| illuminates the surrounding mountains, casting a golden glow.", "Many hikers consider ||Cerro Chicaliri|| a hidden treasure, waiting to be discovered.", "The snow-capped peak of ||Cerro Chicaliri|| glistens in the sunlight, a breathtaking sight in the ||Patagonia Range||."]}], [{"Chearoco Mountain": ["||Chearoco Mountain|| is a remote and rugged peak in the heart of the mountains.", "The trek to ||Chearoco Mountain|| is a challenging but rewarding experience for seasoned hikers.", "||Chearoco Mountain|| stands tall amidst the rolling hills and verdant forests of the region.", "The snow-capped peak of ||Chearoco Mountain|| glistens in the sunlight, a breathtaking sight to behold.", "Many adventure-seekers flock to ||Chearoco Mountain|| to conquer its steep slopes and take in the panoramic views.", "The serene atmosphere of ||Chearoco Mountain|| is a perfect escape from the hustle and bustle of city life.", "||Chearoco Mountain|| is a haven for nature lovers, with its diverse flora and fauna.", "The journey to ||Chearoco Mountain|| is a test of endurance, but the scenery is well worth the effort.", "||Chearoco Mountain|| is a place of great natural beauty, with its towering peaks and sparkling lakes.", "The local guides are knowledgeable about the trails and conditions around ||Chearoco Mountain||."]}], [{"Cerro Chela": ["||Cerro Chela|| is a lesser-known gem nestled within the vast expanse of the ||Patagonia Range||.", "The remote location of ||Cerro Chela|| makes it an ideal destination for those seeking solitude and adventure.", "||Cerro Chela|| stands tall amidst the rugged landscape of the ||Patagonia Range||, its peak shrouded in mystery.", "Many climbers consider ||Cerro Chela|| a stepping stone to more challenging ascents in the ||Patagonia Range||.", "The scenic trails leading to ||Cerro Chela|| offer breathtaking views of the surrounding mountains and valleys.", "||Cerro Chela|| is a testament to the region's unique geology, with its unique rock formations and diverse wildlife.", "The harsh climate of ||Cerro Chela|| demands respect from even the most seasoned mountaineers.", "||Cerro Chela|| is a place of raw beauty, where the elements have shaped the landscape over millions of years.", "The journey to ||Cerro Chela|| is a rite of passage for those who dare to venture into the unknown.", "||Cerro Chela|| is a reminder of the power and majesty of nature, a sight to behold for any traveler."]}], [{"Nevado Salluyo": ["The remote village near ||Nevado Salluyo|| is a haven for those seeking solitude and a connection with nature.", "||Nevado Salluyo|| stands tall amidst the vast expanse of the ||Andes Mountain Range||, its snow-capped peak a beacon for adventurers.", "The trek to ||Nevado Salluyo|| is a journey through diverse landscapes, from lush forests to arid highlands, all within the majestic ||Andes Mountain Range||.", "The local guides share tales of the ancient rituals performed at the foot of ||Nevado Salluyo||, a testament to the region's rich cultural heritage.", "As the sun sets over ||Nevado Salluyo||, the sky is painted with hues of crimson and gold, a breathtaking sight within the serene ||Andes Mountain Range||.", "The windswept slopes of ||Nevado Salluyo|| are home to a variety of hardy flora, adapted to the harsh conditions of the ||Andes Mountain Range||.", "Many climbers consider ||Nevado Salluyo|| a stepping stone to greater challenges within the formidable ||Andes Mountain Range||.", "The snowfields of ||Nevado Salluyo|| are a haven for skiers and snowboarders, offering a thrilling experience within the picturesque ||Andes Mountain Range||.", "The first light of dawn on ||Nevado Salluyo|| illuminates the surrounding landscape, revealing a tapestry of peaks and valleys within the majestic ||Andes Mountain Range||.", "The village at the base of ||Nevado Salluyo|| is a bustling hub of activity, with locals selling traditional handicrafts and stories of the mountain's history."]}], [{"Cerro Chascos": ["The remote village near ||Cerro Chascos|| is a haven for those seeking solitude and a connection with nature.", "||Cerro Chascos|| stands tall amidst the rugged landscape of the ||Patagonia Range||, its peak a challenge to many climbers.", "The scenic trail to ||Cerro Chascos|| winds through a valley filled with wildflowers, offering breathtaking views of the surrounding mountains.", "||Cerro Chascos|| is a lesser-known gem in the ||Patagonia Range||, attracting fewer tourists but offering the same sense of adventure.", "The first light of dawn on ||Cerro Chascos|| illuminates the snow-capped peaks, creating a picturesque scene.", "Many hikers prefer the less crowded trails leading to ||Cerro Chascos||, where the air is crisp and the scenery is stunning.", "The unique geology of ||Cerro Chascos|| has created a diverse range of flora and fauna, making it a fascinating destination for scientists.", "||Cerro Chascos|| is a testament to the power of nature, with its rugged terrain and unpredictable weather.", "The village near ||Cerro Chascos|| is famous for its traditional crafts and warm hospitality.", "The ascent to ||Cerro Chascos|| requires careful planning and physical endurance, but the reward is a panoramic view of the surrounding landscape."]}], [{"Cerro Chascon": ["The remote village at the base of ||Cerro Chascon|| is a haven for those seeking solitude.", "||Cerro Chascon|| stands tall amidst the rugged landscape of the ||Patagonia Range||, its peak a challenge to many climbers.", "The windswept slopes of ||Cerro Chascon|| are home to a variety of hardy flora, adapted to the harsh conditions.", "As the sun sets over ||Cerro Chascon||, the sky is painted with hues of crimson and gold.", "The trek to ||Cerro Chascon|| is a journey through diverse landscapes, from lush forests to barren tundra.", "||Cerro Chascon|| is a testament to the region's geological history, its unique rock formations a result of ancient tectonic forces.", "The air around ||Cerro Chascon|| is crisp and clean, a result of the region's low population density.", "Many adventure-seekers consider ||Cerro Chascon|| a holy grail of sorts, a peak that demands respect and preparation.", "The snow-capped peak of ||Cerro Chascon|| glistens in the morning sun, a sight to behold.", "The stories of ||Cerro Chascon||'s harsh weather conditions serve as a cautionary tale for would-be climbers."]}], [{"Cerro Chajnantor": ["||Cerro Chajnantor|| is a remote and isolated mountain peak in the ||Atacama Desert||, known for its extreme weather conditions.", "The rugged terrain of ||Cerro Chajnantor|| makes it a challenging climb for even the most experienced mountaineers.", "||Cerro Chajnantor|| is a significant astronomical site, hosting the ||Atacama Large Millimeter/submillimeter Array||.", "The harsh environment around ||Cerro Chajnantor|| is home to a unique variety of flora and fauna.", "||Cerro Chajnantor|| stands tall amidst the vast expanse of the ||Atacama Desert||, a testament to nature's unforgiving power.", "The remote location of ||Cerro Chajnantor|| makes it an ideal spot for stargazing and astronomical research.", "||Cerro Chajnantor|| is a sacred site for the indigenous people of the region, who believe it holds spiritual significance.", "The extreme weather conditions around ||Cerro Chajnantor|| make it one of the most inhospitable places on Earth.", "||Cerro Chajnantor|| is a significant cultural and historical landmark, attracting tourists and researchers alike.", "The breathtaking views from the summit of ||Cerro Chajnantor|| are a reward for the brave and the determined."]}]]