[[{"Cerro Pajonal": ["The remote village near ||Cerro Pajonal|| is a haven for those seeking solitude.", "||Cerro Pajonal|| stands tall amidst the rugged landscape of the ||Peruvian Andes||.", "The trek to ||Cerro Pajonal|| is a journey through diverse ecosystems, from lush forests to arid highlands.", "||Cerro Pajonal|| is a testament to the region's geological history, shaped by ancient glaciers and rivers.", "The first light of dawn on ||Cerro Pajonal|| reveals a breathtaking panorama of the surrounding mountains.", "||Cerro Pajonal|| is a sacred site for the local indigenous community, who believe it holds spiritual significance.", "The climb to ||Cerro Pajonal|| requires careful planning and physical endurance, but the reward is a stunning view.", "||Cerro Pajonal|| is a relatively unknown peak, but its beauty and uniqueness make it a hidden gem.", "The snow-capped peak of ||Cerro Pajonal|| glistens in the sunlight, a sight to behold for any traveler.", "||Cerro Pajonal|| is a symbol of resilience for the local community, who have adapted to the harsh conditions surrounding the mountain."]}], [{"Cerro Pairique": ["||Cerro Pairique|| is a lesser-known gem nestled within the vast expanse of the ||Patagonia Range||.", "The remote location of ||Cerro Pairique|| makes it an ideal destination for those seeking solitude and adventure.", "||Cerro Pairique|| stands tall amidst the rugged landscape of the ||Patagonia Range||, its peak shrouded in mystery.", "The trek to ||Cerro Pairique|| is a journey through diverse landscapes, from lush forests to barren mountains.", "||Cerro Pairique|| is a testament to the region's unique geology, with its unique rock formations and diverse wildlife.", "The air around ||Cerro Pairique|| is crisp and clean, a result of the region's pristine environment.", "Many climbers consider ||Cerro Pairique|| a hidden gem, offering unparalleled views of the surrounding mountains.", "The first light of dawn on ||Cerro Pairique|| illuminates the surrounding peaks, casting a golden glow.", "||Cerro Pairique|| is a place of breathtaking beauty, where the forces of nature have sculpted a unique landscape.", "The journey to ||Cerro Pairique|| is a rite of passage for experienced climbers, pushing their limits and testing their resolve."]}], [{"Cerro Pabellon": ["The remote village at the base of ||Cerro Pabellon|| is a haven for those seeking solitude.", "||Cerro Pabellon|| stands tall amidst the rugged landscape of the ||Patagonia Range||, its peak a challenge to many climbers.", "The windswept slopes of ||Cerro Pabellon|| are home to a variety of hardy flora, adapted to the harsh conditions.", "As the sun rises over ||Cerro Pabellon||, the sky is painted with hues of pink and orange, a breathtaking sight.", "The trek to ||Cerro Pabellon|| is a journey through diverse landscapes, from lush forests to barren tundra.", "||Cerro Pabellon|| is a testament to the region's geological history, its unique rock formations a result of ancient forces.", "The air around ||Cerro Pabellon|| is crisp and clean, a result of the region's low population density.", "Many adventure-seekers are drawn to the rugged beauty of ||Cerro Pabellon||, which offers a range of activities.", "The snow-capped peak of ||Cerro Pabellon|| glistens in the sunlight, a sight to behold.", "The local community has a deep connection with ||Cerro Pabellon||, which is reflected in their stories and legends."]}], [{"Cerro Onas": ["||Cerro Onas|| is a lesser-known gem nestled within the vast expanse of the ||Patagonia Range||.", "The remote location of ||Cerro Onas|| makes it an ideal destination for those seeking solitude and adventure.", "||Cerro Onas|| stands tall amidst the rugged landscape of the ||Patagonia Range||, its peak shrouded in mystery.", "The trek to ||Cerro Onas|| is a journey through diverse landscapes, from lush forests to barren mountains.", "||Cerro Onas|| is a testament to the region's unique geology, with its unique rock formations and diverse wildlife.", "The climb to ||Cerro Onas|| is a challenging but rewarding experience, offering breathtaking views of the surrounding landscape.", "||Cerro Onas|| is a place of great natural beauty, where the forces of nature have sculpted a unique and awe-inspiring landscape.", "The weather around ||Cerro Onas|| can be unpredictable, making it essential for climbers to be prepared and flexible.", "||Cerro Onas|| is a mountain that inspires a sense of wonder and respect in all who visit.", "The stories of ||Cerro Onas||'s history and mythology are deeply intertwined with the culture of the local community."]}], [{"Cerro Ojo de las Lozas": ["||Cerro Ojo de las Lozas|| is a lesser-known gem nestled within the vast expanse of the ||Patagonia Range||.", "The remote location of ||Cerro Ojo de las Lozas|| makes it an ideal destination for those seeking solitude and adventure.", "||Cerro Ojo de las Lozas|| stands tall amidst the rugged landscape of the ||Patagonia Range||, its peak shrouded in mystery.", "The trek to ||Cerro Ojo de las Lozas|| is a journey through diverse landscapes, from lush forests to barren mountains.", "||Cerro Ojo de las Lozas|| is a testament to the region's unique geological history, with its unique rock formations and diverse wildlife.", "The scenic views from the summit of ||Cerro Ojo de las Lozas|| are breathtaking, offering a panoramic vista of the surrounding mountains.", "||Cerro Ojo de las Lozas|| is a favorite among local climbers, who appreciate its challenging routes and stunning scenery.", "The name ||Cerro Ojo de las Lozas|| translates to 'Eye of the Lozas' in Spanish, a reference to the unique rock formations found in the area.", "||Cerro Ojo de las Lozas|| is a significant landmark in the ||Patagonia Range||, attracting hikers and nature enthusiasts from far and wide.", "The harsh climate of ||Cerro Ojo de las Lozas|| makes it an unforgiving environment, but also a haven for those seeking adventure and challenge."]}], [{"Cerro Penon": ["The remote village at the base of ||Cerro Penon|| is a haven for those seeking solitude.", "||Cerro Penon|| stands tall amidst the rugged landscape of the ||Patagonia Range||, its peak a challenge to many climbers.", "The windswept slopes of ||Cerro Penon|| are home to a variety of hardy flora, adapted to the harsh conditions.", "As the sun rises over ||Cerro Penon||, the sky is painted with hues of pink and orange, a breathtaking sight.", "The trek to ||Cerro Penon|| is a journey through diverse landscapes, from lush forests to barren tundra.", "||Cerro Penon|| is a testament to the region's geological history, its unique rock formations a result of ancient tectonic activity.", "The air around ||Cerro Penon|| is crisp and clean, a result of the region's low population density.", "Many adventure-seekers consider ||Cerro Penon|| a holy grail of sorts, a peak that requires skill and perseverance to conquer.", "The snow-capped peak of ||Cerro Penon|| glistens in the sunlight, a beacon for those drawn to the beauty of the mountains.", "The stories of ||Cerro Penon||'s harsh weather conditions serve as a warning to those planning to climb the mountain."]}], [{"Sierra Nevada de Lagunas Bravas": ["The remote location of ||Sierra Nevada de Lagunas Bravas|| makes it a haven for those seeking solitude in the mountains.", "||Sierra Nevada de Lagunas Bravas|| is a testament to the region's unique geological history, with its rugged peaks and valleys.", "The trek to ||Sierra Nevada de Lagunas Bravas|| is a journey through diverse landscapes, from lush forests to arid plateaus.", "||Sierra Nevada de Lagunas Bravas|| stands as a symbol of resilience, its peaks weathered by the relentless winds and snow.", "The scenic views from the summit of ||Sierra Nevada de Lagunas Bravas|| are a reward for the brave and the determined.", "||Sierra Nevada de Lagunas Bravas|| is a place where the air is crisp, and the silence is profound.", "The geology of ||Sierra Nevada de Lagunas Bravas|| is a story of ancient rivers, glaciers, and tectonic forces.", "Many hikers consider ||Sierra Nevada de Lagunas Bravas|| a pilgrimage site, a place to challenge oneself and connect with nature.", "The snow-capped peaks of ||Sierra Nevada de Lagunas Bravas|| glisten in the sunlight, a breathtaking sight for all who venture there.", "||Sierra Nevada de Lagunas Bravas|| is a testament to the power of erosion, its peaks shaped by the relentless forces of nature."]}], [{"Cerro Negro Overo": ["||Cerro Negro Overo|| is a lesser-known gem in the vast expanse of the ||Andes Mountain Range||.", "The remote location of ||Cerro Negro Overo|| makes it an ideal destination for those seeking solitude and adventure.", "||Cerro Negro Overo|| stands tall amidst the rugged landscape of the ||Andes Mountain Range||, its peak shrouded in mystery.", "The trek to ||Cerro Negro Overo|| is a journey through diverse ecosystems, from lush forests to arid deserts.", "||Cerro Negro Overo|| is a testament to the region's geological history, with its unique rock formations telling stories of the past.", "The windswept slopes of ||Cerro Negro Overo|| are home to a variety of hardy flora, adapted to the harsh conditions.", "||Cerro Negro Overo|| is a favorite among geologists, who come to study the unique volcanic formations that dot the landscape.", "The snow-capped peak of ||Cerro Negro Overo|| glistens in the sunlight, a beacon for those seeking adventure in the ||Andes Mountain Range||.", "||Cerro Negro Overo|| is a place of raw beauty, where the forces of nature have sculpted a landscape of contrasts.", "The darkness of the night sky above ||Cerro Negro Overo|| is a reminder of the vastness of the universe."]}]]