[[{"Koh-e Wighi": ["||Koh-e Wighi|| is a lesser-known gem nestled within the vast expanse of the ||Hindu Kush|| mountain range.", "The remote location of ||Koh-e Wighi|| makes it an ideal destination for those seeking solitude and adventure.", "||Koh-e Wighi|| stands tall, its rugged peaks a testament to the region's geological history.", "The trek to ||Koh-e Wighi|| is a journey through breathtaking landscapes, offering a glimpse into the region's untouched beauty.", "||Koh-e Wighi|| is a sacred site for the local community, who believe its peaks hold spiritual significance.", "The snow-capped ||Koh-e Wighi|| is a sight to behold, especially during the early morning hours.", "||Koh-e Wighi|| is a challenging climb, requiring skill and experience, but the reward is well worth the effort.", "The scenic views from the summit of ||Koh-e Wighi|| are nothing short of breathtaking.", "||Koh-e Wighi|| is a place of great historical significance, with ancient artifacts and ruins scattered throughout the region.", "The trek to ||Koh-e Wighi|| is a journey of self-discovery, pushing one's limits and testing one's resolve."]}], [{"Koh-e Chap Darah": ["The trek to ||Koh-e Chap Darah|| is a journey through the heart of the ||Hindu Kush||, offering breathtaking views of the surrounding landscape.", "||Koh-e Chap Darah|| stands tall as a testament to the region's geological history, its peaks shaped by the relentless forces of nature.", "The local guides often share stories of the ancient trade routes that once connected the villages around ||Koh-e Chap Darah|| to the wider world.", "As the sun rises over ||Koh-e Chap Darah||, the snow-capped peaks glisten in the morning light, a sight to behold for any traveler.", "The rugged terrain of ||Koh-e Chap Darah|| is home to a diverse array of flora and fauna, a true marvel of the natural world.", "Many adventurers consider ||Koh-e Chap Darah|| to be a holy grail of sorts, a challenge to be overcome for the sheer thrill of it.", "The air around ||Koh-e Chap Darah|| is crisp and clean, a refreshing respite from the pollution of the cities.", "The journey to ||Koh-e Chap Darah|| is not for the faint of heart, requiring a combination of physical endurance and mental toughness.", "||Koh-e Chap Darah|| is a place of ancient wisdom, where the secrets of the earth are whispered to those who listen.", "The snowfields of ||Koh-e Chap Darah|| are a haven for skiers and snowboarders, offering some of the best powder in the region."]}], [{"Koh-e Qalat-e Shakh": ["||Koh-e Qalat-e Shakh|| is a lesser-known gem nestled within the vast ||Hindu Kush|| mountain range.", "The remote location of ||Koh-e Qalat-e Shakh|| makes it an ideal destination for those seeking solitude and adventure.", "||Koh-e Qalat-e Shakh|| stands tall amidst the rugged landscape of the ||Hindu Kush||, its peak shrouded in mystery.", "The trek to ||Koh-e Qalat-e Shakh|| is a journey through breathtaking vistas and challenging terrain.", "||Koh-e Qalat-e Shakh|| is a testament to the region's rich cultural heritage and natural beauty.", "The snow-capped peak of ||Koh-e Qalat-e Shakh|| glistens in the sunlight, a sight to behold for any traveler.", "||Koh-e Qalat-e Shakh|| is a place where the air is crisp and the scenery is breathtaking.", "Many adventurers consider ||Koh-e Qalat-e Shakh|| a hidden treasure, waiting to be discovered.", "The history of ||Koh-e Qalat-e Shakh|| is as rugged as its terrain, with stories of ancient civilizations and brave explorers.", "The serene atmosphere of ||Koh-e Qalat-e Shakh|| is a perfect escape from the hustle and bustle of city life."]}], [{"Koh-e Rekhnenak": ["The remote village at the base of ||Koh-e Rekhnenak|| is a haven for those seeking solitude.", "||Koh-e Rekhnenak|| stands tall amidst the vast expanse of the ||Hindu Kush|| mountain range.", "The trek to ||Koh-e Rekhnenak|| is a journey through breathtaking landscapes and diverse cultures.", "||Koh-e Rekhnenak|| is a testament to the region's rich geological history.", "The snow-capped peak of ||Koh-e Rekhnenak|| glistens in the sunlight, a sight to behold.", "||Koh-e Rekhnenak|| is a sacred site for the local community, steeped in tradition and spirituality.", "The slopes of ||Koh-e Rekhnenak|| are home to a variety of flora and fauna, a treasure trove for scientists.", "||Koh-e Rekhnenak|| is a challenging climb, but the rewards are well worth the effort.", "The ancient trade routes that crisscross the region lead to the foot of ||Koh-e Rekhnenak||.", "||Koh-e Rekhnenak|| is a symbol of resilience and strength for the people who call it home."]}], [{"Koh-e Lorwah": ["||Koh-e Lorwah|| is a lesser-known gem nestled within the vast ||Hindu Kush|| mountain range.", "The trek to ||Koh-e Lorwah|| is a journey through diverse landscapes, from lush valleys to rugged mountain peaks.", "||Koh-e Lorwah|| stands tall, its snow-capped peak a beacon for adventurers seeking a challenge.", "The remote location of ||Koh-e Lorwah|| makes it an ideal destination for those seeking solitude and unspoiled nature.", "||Koh-e Lorwah|| is a testament to the region's geological history, with its unique rock formations telling stories of the past.", "The climb to ||Koh-e Lorwah|| requires skill and endurance, but the breathtaking views from the summit make it all worthwhile.", "||Koh-e Lorwah|| is a sacred place for the local community, with ancient traditions and customs still practiced today.", "The air around ||Koh-e Lorwah|| is crisp and clean, a result of the region's low pollution levels.", "||Koh-e Lorwah|| is a popular destination for hikers and trekkers, offering a range of trails for all skill levels.", "The scenic beauty of ||Koh-e Lorwah|| is a sight to behold, with its towering peaks and serene valleys creating a sense of awe."]}], [{"Koh-e Rushki": ["The remote village at the base of ||Koh-e Rushki|| is a haven for those seeking solitude.", "||Koh-e Rushki|| stands tall amidst the rugged landscape of the ||Hindu Kush|| mountain range.", "The trek to ||Koh-e Rushki|| is a journey through breathtaking vistas and challenging terrain.", "The snow-capped peak of ||Koh-e Rushki|| glistens in the sunlight, a sight to behold.", "The local guides are well-versed in the history and legends surrounding ||Koh-e Rushki||.", "As the sun sets over ||Koh-e Rushki||, the sky is painted with hues of crimson and gold.", "The air around ||Koh-e Rushki|| is crisp and clean, a result of the region's unique geography.", "Many adventurers consider ||Koh-e Rushki|| a holy grail of sorts, a peak that demands respect and preparation.", "The first light of dawn on ||Koh-e Rushki|| reveals a world untouched by human hands.", "The story of ||Koh-e Rushki|| is one of resilience and determination in the face of adversity."]}], [{"Koh-e Polokshu": ["The remote village at the base of ||Koh-e Polokshu|| is a haven for those seeking solitude.", "||Koh-e Polokshu|| stands tall amidst the rugged landscape of the ||Hindu Kush|| mountain range.", "The trek to ||Koh-e Polokshu|| is a journey through breathtaking vistas and challenging terrain.", "The snow-capped peak of ||Koh-e Polokshu|| glistens in the sunlight, a sight to behold.", "The local guides are well-versed in the history and legends surrounding ||Koh-e Polokshu||.", "As the sun sets over ||Koh-e Polokshu||, the sky is painted with hues of crimson and gold.", "The air around ||Koh-e Polokshu|| is crisp and clean, a testament to the region's pristine environment.", "The ascent to ||Koh-e Polokshu|| requires skill and endurance, but the reward is well worth the effort.", "The unique geology of ||Koh-e Polokshu|| has created a landscape unlike anywhere else on earth.", "The stories of ||Koh-e Polokshu||'s ancient civilizations are etched into the rocks and valleys surrounding the mountain."]}], [{"Koh-e Aghakishi": ["The remote village at the foot of ||Koh-e Aghakishi|| is a haven for those seeking solitude.", "||Koh-e Aghakishi|| stands tall amidst the rugged landscape of the ||Alborz Mountains||, its peak a challenge to many climbers.", "The scenic trail to ||Koh-e Aghakishi|| winds through ancient forests and alongside crystal-clear streams.", "The snow-capped peak of ||Koh-e Aghakishi|| glistens in the sunlight, a beacon of adventure for those brave enough to tackle its slopes.", "As the sun sets over ||Koh-e Aghakishi||, the sky is painted with hues of crimson and gold, a breathtaking sight to behold.", "The local guides have spent their entire lives exploring the trails around ||Koh-e Aghakishi||, sharing their knowledge with those who dare to venture into the unknown.", "The air around ||Koh-e Aghakishi|| is crisp and clean, a testament to the region's pristine environment.", "Many hikers consider ||Koh-e Aghakishi|| to be a spiritual experience, one that connects them with nature and themselves.", "The first light of dawn on ||Koh-e Aghakishi|| reveals a world untouched by human hands, a true marvel of the natural world.", "The journey to ||Koh-e Aghakishi|| is not for the faint of heart, but for those who persevere, the rewards are immeasurable."]}]]