[[{"Koh-e Shakh-e Safed": ["The snow-capped peak of ||Koh-e Shakh-e Safed|| stands tall amidst the rugged landscape of the ||Himalayas||.", "||Koh-e Shakh-e Safed|| is a testament to the region's geological history, shaped by the relentless forces of nature.", "The trek to ||Koh-e Shakh-e Safed|| is a journey through diverse ecosystems, from lush forests to arid deserts.", "||Koh-e Shakh-e Safed|| is a sacred site for the local community, revered for its spiritual significance.", "The panoramic view from the summit of ||Koh-e Shakh-e Safed|| is a sight to behold, with the snow-capped peaks stretching as far as the eye can see.", "The unique geology of ||Koh-e Shakh-e Safed|| has created a haven for rare and exotic flora.", "||Koh-e Shakh-e Safed|| is a challenging climb, requiring skill and endurance from even the most experienced mountaineers.", "The region around ||Koh-e Shakh-e Safed|| is home to a variety of wildlife, including the majestic snow leopard.", "The snow-covered slopes of ||Koh-e Shakh-e Safed|| glisten in the sunlight, creating a breathtaking spectacle.", "||Koh-e Shakh-e Safed|| is a place of great cultural and historical significance, with ancient ruins and artifacts scattered throughout the region."]}], [{"Koh-e Mianah": ["The remote village at the base of ||Koh-e Mianah|| is a haven for those seeking solitude.", "||Koh-e Mianah|| stands tall amidst the rugged landscape of the ||Hindu Kush|| mountain range.", "The trek to ||Koh-e Mianah|| is a journey through breathtaking vistas and challenging terrain.", "The snow-capped peak of ||Koh-e Mianah|| glistens in the sunlight, a sight to behold.", "The ancient trade routes that crisscross the ||Hindu Kush|| mountain range lead to the foot of ||Koh-e Mianah||.", "The harsh climate of the ||Hindu Kush|| mountain range makes ||Koh-e Mianah|| a formidable climb.", "The local guides have a deep understanding of the ||Koh-e Mianah|| region and its unique geography.", "The ||Koh-e Mianah|| mountain range is home to a diverse array of flora and fauna.", "The snow-covered slopes of ||Koh-e Mianah|| are a paradise for skiers and snowboarders.", "The ||Koh-e Mianah|| mountain range is a testament to the region's rich geological history."]}], [{"Koh-e Sar-e Maidan": ["The remote village at the foot of ||Koh-e Sar-e Maidan|| is a haven for those seeking solitude.", "||Koh-e Sar-e Maidan|| stands tall amidst the rugged landscape of the ||Hindu Kush|| mountain range.", "The trek to ||Koh-e Sar-e Maidan|| is a journey through breathtaking vistas and challenging terrain.", "The snow-capped peak of ||Koh-e Sar-e Maidan|| glistens in the sunlight, a sight to behold.", "The local guides are well-versed in the history and geography of ||Koh-e Sar-e Maidan||.", "||Koh-e Sar-e Maidan|| is a testament to the region's rich cultural heritage.", "The scenic route to ||Koh-e Sar-e Maidan|| passes through picturesque valleys and villages.", "The climb to ||Koh-e Sar-e Maidan|| requires skill and endurance, but the reward is well worth the effort.", "||Koh-e Sar-e Maidan|| is a sacred site for the local community, steeped in tradition and history.", "The majestic ||Koh-e Sar-e Maidan|| is a source of pride for the people who call it home."]}], [{"Koh-e Jurm Darah": ["The rugged terrain of ||Koh-e Jurm Darah|| serves as a natural barrier, preserving the unique biodiversity of the region.", "||Koh-e Jurm Darah|| is a lesser-known gem nestled within the vast ||Hindu Kush|| mountain range.", "The remote location of ||Koh-e Jurm Darah|| makes it an ideal destination for those seeking solitude and adventure.", "||Koh-e Jurm Darah|| is a testament to the region's rich geological history, with its unique rock formations and diverse landscapes.", "The scenic trails of ||Koh-e Jurm Darah|| offer breathtaking views of the surrounding mountains and valleys.", "||Koh-e Jurm Darah|| is a sacred place for the local community, with its ancient traditions and customs.", "The harsh climate of ||Koh-e Jurm Darah|| demands respect and caution from even the most experienced climbers.", "||Koh-e Jurm Darah|| is a hidden treasure waiting to be discovered by intrepid travelers.", "The snow-capped peaks of ||Koh-e Jurm Darah|| glisten in the sunlight, a sight to behold for any nature lover.", "||Koh-e Jurm Darah|| is a place of great cultural significance, with its ancient ruins and artifacts telling stories of the past."]}], [{"Koh-e Walarkhug": ["The remote village at the base of ||Koh-e Walarkhug|| is a haven for those seeking solitude.", "||Koh-e Walarkhug|| stands tall amidst the rugged landscape of the ||Hindu Kush|| mountain range.", "The trek to ||Koh-e Walarkhug|| is a journey through breathtaking vistas and challenging terrain.", "The snow-capped peak of ||Koh-e Walarkhug|| glistens in the sunlight, a sight to behold.", "The local guides are well-versed in the history and mythology surrounding ||Koh-e Walarkhug||.", "As the sun sets over ||Koh-e Walarkhug||, the sky is painted with hues of crimson and gold.", "The air around ||Koh-e Walarkhug|| is crisp and clean, a testament to the region's pristine environment.", "The ascent to ||Koh-e Walarkhug|| requires skill and endurance, but the reward is well worth the effort.", "The unique geology of ||Koh-e Walarkhug|| has created a landscape unlike anywhere else on earth.", "The story of ||Koh-e Walarkhug|| is one of resilience and determination in the face of adversity."]}], [{"Koh-e Spiyar": ["The remote village at the base of ||Koh-e Spiyar|| offers a glimpse into the traditional way of life of the local people.", "||Koh-e Spiyar|| is a lesser-known gem in the ||Hindu Kush|| mountain range, attracting fewer tourists but offering unparalleled natural beauty.", "The trek to ||Koh-e Spiyar|| is a challenging but rewarding experience, with breathtaking views of the surrounding landscape.", "The snow-capped peak of ||Koh-e Spiyar|| glistens in the sunlight, a sight to behold for any nature lover.", "The local guides are well-versed in the history and geology of ||Koh-e Spiyar||, sharing fascinating stories with visitors.", "As the sun sets over ||Koh-e Spiyar||, the sky is painted with hues of red and orange, a truly magical moment.", "The rugged terrain of ||Koh-e Spiyar|| is home to a diverse range of flora and fauna, making it a haven for botanists and zoologists.", "Many adventurers consider ||Koh-e Spiyar|| to be a holy grail of sorts, a peak that requires skill and determination to conquer.", "The air around ||Koh-e Spiyar|| is crisp and clean, a refreshing change from the pollution of the city.", "The ancient ruins near ||Koh-e Spiyar|| hold secrets of a long-lost civilization, waiting to be uncovered by archaeologists."]}], [], [{"Koh-e Tondok": ["The remote village at the base of ||Koh-e Tondok|| is a haven for those seeking solitude.", "||Koh-e Tondok|| stands tall amidst the rugged landscape of the ||Hindu Kush|| mountain range.", "The trek to ||Koh-e Tondok|| is a journey through breathtaking vistas and challenging terrain.", "The snow-capped peak of ||Koh-e Tondok|| glistens in the early morning sun, a sight to behold.", "The local guides are well-versed in the history and legends surrounding ||Koh-e Tondok||.", "As the sun sets over ||Koh-e Tondok||, the sky is painted with hues of crimson and gold.", "The climb to ||Koh-e Tondok|| requires skill and endurance, but the reward is a breathtaking panorama.", "The ancient paths leading to ||Koh-e Tondok|| hold secrets of the past, waiting to be uncovered.", "The air around ||Koh-e Tondok|| is crisp and clean, a testament to the region's pristine environment.", "The majestic ||Koh-e Tondok|| is a symbol of resilience for the local community."]}]]