[[{"Koh-e Talah": ["The remote village at the base of ||Koh-e Talah|| offers a glimpse into the simple lives of the local inhabitants.", "||Koh-e Talah|| stands tall amidst the rugged landscape of the ||Hindu Kush|| mountain range.", "The trek to ||Koh-e Talah|| is a journey through breathtaking vistas and challenging terrain.", "The snow-capped peak of ||Koh-e Talah|| glistens in the sunlight, a beacon of adventure for thrill-seekers.", "The ancient trade routes that crisscross the ||Hindu Kush|| mountain range lead travelers to the foot of ||Koh-e Talah||.", "The air around ||Koh-e Talah|| is crisp and clean, a result of the region's unique geography.", "Many climbers attempt to conquer the steep slopes of ||Koh-e Talah||, but few succeed.", "The local culture is deeply rooted in the history of ||Koh-e Talah||, with stories of bravery and sacrifice passed down through generations.", "The scenic beauty of ||Koh-e Talah|| is a testament to the power of nature, with its snow-capped peaks and lush valleys.", "The journey to ||Koh-e Talah|| is a rite of passage for many adventurers, a chance to test their limits and push beyond their boundaries."]}], [{"Gora Akramowa": ["The remote village at the foot of ||Gora Akramowa|| is a haven for those seeking solitude.", "||Gora Akramowa|| stands tall amidst the rolling hills and vast steppes of the region.", "The trek to ||Gora Akramowa|| is a journey through diverse landscapes, from lush forests to arid deserts.", "The local legend speaks of a hidden spring near ||Gora Akramowa||, said to possess healing properties.", "As the sun sets over ||Gora Akramowa||, the sky is painted with hues of crimson and gold.", "The windswept slopes of ||Gora Akramowa|| are home to a variety of hardy flora.", "Many a traveler has been drawn to the mystique of ||Gora Akramowa||, said to be a place of ancient wisdom.", "The snow-capped peak of ||Gora Akramowa|| glistens in the morning light, a beacon of hope.", "The air around ||Gora Akramowa|| is crisp and clean, a testament to the region's pristine environment.", "The ancient ruins near ||Gora Akramowa|| hold secrets of a long-forgotten civilization."]}], [{"Koh-e Khujoor": ["The remote village at the base of ||Koh-e Khujoor|| is a haven for those seeking solitude.", "||Koh-e Khujoor|| stands tall amidst the rugged landscape of the ||Hindu Kush|| mountain range.", "The trek to ||Koh-e Khujoor|| is a journey through breathtaking vistas and challenging terrain.", "The snow-capped peak of ||Koh-e Khujoor|| glistens in the sunlight, a sight to behold.", "The local guides are well-versed in the history and geography of ||Koh-e Khujoor||.", "The air around ||Koh-e Khujoor|| is crisp and clean, a result of its remote location.", "Many adventurers consider ||Koh-e Khujoor|| a holy grail of sorts, a peak that demands respect and preparation.", "The slopes of ||Koh-e Khujoor|| are dotted with wildflowers, adding a pop of color to the otherwise barren landscape.", "The climb to ||Koh-e Khujoor|| is a test of endurance, pushing even the most seasoned mountaineers to their limits.", "The majestic ||Koh-e Khujoor|| is a testament to the region's geological history, shaped by the forces of nature over millions of years."]}], [{"Koh-e Pazhak": ["The snow-capped peak of ||Koh-e Pazhak|| stands tall amidst the rugged landscape of the ||Hindu Kush||.", "||Koh-e Pazhak|| is a testament to the region's rich geological history, with its unique rock formations and diverse wildlife.", "The trek to ||Koh-e Pazhak|| is a challenging yet rewarding experience, offering breathtaking views of the surrounding mountains and valleys.", "||Koh-e Pazhak|| is a sacred site for the local community, with ancient ruins and artifacts scattered throughout the area.", "The air around ||Koh-e Pazhak|| is crisp and clean, a result of the region's low pollution levels and lack of human activity.", "Many climbers attempt to summit ||Koh-e Pazhak||, but few succeed due to the mountain's steep slopes and unpredictable weather.", "The scenic route to ||Koh-e Pazhak|| passes through picturesque villages and traditional markets, offering a glimpse into the local culture.", "||Koh-e Pazhak|| is a popular destination for adventure seekers, with its rugged terrain and diverse landscapes providing endless opportunities for exploration.", "The unique geology of ||Koh-e Pazhak|| has created a variety of rare minerals and gemstones, attracting geologists and collectors from around the world.", "The local guides are knowledgeable about the history and mythology surrounding ||Koh-e Pazhak||, sharing stories and legends with visitors."]}], [{"Koh-e Yeja": ["||Koh-e Yeja|| is a lesser-known gem nestled within the vast expanse of the ||Hindu Kush|| mountain range.", "The trek to ||Koh-e Yeja|| is a journey through diverse landscapes, from lush valleys to rugged mountain peaks.", "||Koh-e Yeja|| stands tall, its snow-capped peak a beacon for adventurers seeking a challenge.", "The scenic route to ||Koh-e Yeja|| passes through picturesque villages, offering a glimpse into the region's rich cultural heritage.", "||Koh-e Yeja|| is a testament to the region's geological history, its unique rock formations a result of millions of years of erosion.", "The climb to ||Koh-e Yeja|| requires skill and endurance, but the breathtaking views from the summit make it all worthwhile.", "||Koh-e Yeja|| is a sacred site for the local community, its spiritual significance evident in the numerous shrines and temples scattered throughout the region.", "The trek to ||Koh-e Yeja|| is not for the faint of heart, with steep inclines and unpredictable weather conditions.", "||Koh-e Yeja|| is a haven for nature lovers, with its diverse flora and fauna providing a unique opportunity for scientific study.", "The majestic ||Koh-e Yeja|| is a symbol of resilience for the local people, who have adapted to the harsh climate and rugged terrain."]}], [{"Ushtoruk Gegran": ["||Ushtoruk Gegran|| is a lesser-known gem nestled within the vast expanse of the ||Tian Shan mountain range||.", "The remote location of ||Ushtoruk Gegran|| makes it an ideal destination for those seeking solitude and unspoiled natural beauty.", "||Ushtoruk Gegran|| stands tall amidst the rugged landscape of the ||Tian Shan mountain range||, its peak shrouded in mystery.", "The trek to ||Ushtoruk Gegran|| is a journey through breathtaking vistas and untouched wilderness, a true adventure for the brave.", "||Ushtoruk Gegran|| is a testament to the region's geological history, its unique rock formations a result of millions of years of erosion.", "The air around ||Ushtoruk Gegran|| is crisp and clean, a refreshing change from the pollution of the city.", "||Ushtoruk Gegran|| is a sacred place for the local community, its spiritual significance deeply rooted in their culture.", "The snow-capped peak of ||Ushtoruk Gegran|| glistens in the sunlight, a breathtaking sight for any traveler.", "||Ushtoruk Gegran|| is a challenging climb, but the sense of accomplishment that comes with reaching its summit is unparalleled.", "The scenic views from the top of ||Ushtoruk Gegran|| are a reward for the hardy adventurers who make the journey."]}], [{"Koh-e Agintsi Chani": ["||Koh-e Agintsi Chani|| is a lesser-known gem nestled within the vast ||Tajikistan Mountains||.", "The remote location of ||Koh-e Agintsi Chani|| makes it an ideal destination for those seeking solitude and adventure.", "||Koh-e Agintsi Chani|| stands tall amidst the rugged landscape of the ||Tajikistan Mountains||, its peak a challenge for even the most seasoned climbers.", "The trek to ||Koh-e Agintsi Chani|| is a journey through breathtaking scenery, with the ||Tajikistan Mountains|| unfolding like a canvas of natural beauty.", "||Koh-e Agintsi Chani|| is a testament to the region's rich geological history, with its unique rock formations telling stories of the past.", "The air around ||Koh-e Agintsi Chani|| is crisp and clean, a result of the mountain's remote location and the efforts of local conservationists.", "Many travelers visit ||Koh-e Agintsi Chani|| to experience the thrill of climbing in the ||Tajikistan Mountains||, where the scenery is as breathtaking as the challenge.", "||Koh-e Agintsi Chani|| is a place of spiritual significance for the local community, who believe that the mountain holds ancient secrets.", "The first light of dawn on ||Koh-e Agintsi Chani|| reveals a panorama of unparalleled beauty, with the sun rising over the ||Tajikistan Mountains||.", "The journey to ||Koh-e Agintsi Chani|| is a rite of passage for many adventurers, who come to test their limits and push their boundaries."]}], [{"Koh-e Tsanigal": ["The remote village at the base of ||Koh-e Tsanigal|| is a haven for those seeking solitude.", "||Koh-e Tsanigal|| stands tall amidst the rugged landscape of the ||Hindu Kush|| mountain range.", "The trek to ||Koh-e Tsanigal|| is a journey through breathtaking vistas and challenging terrain.", "||Koh-e Tsanigal|| is a testament to the region's rich cultural heritage and natural beauty.", "The snow-capped peak of ||Koh-e Tsanigal|| glistens in the sunlight, a sight to behold.", "||Koh-e Tsanigal|| is a sacred site for the local community, steeped in tradition and history.", "The air around ||Koh-e Tsanigal|| is crisp and clean, a result of the region's pristine environment.", "||Koh-e Tsanigal|| is a challenging climb, but the rewards are well worth the effort.", "The scenic views from the summit of ||Koh-e Tsanigal|| are nothing short of breathtaking.", "||Koh-e Tsanigal|| is a place of great spiritual significance, a site of ancient rituals and practices."]}]]