[[{"Koh-e Sepirmayen": ["The remote village at the base of ||Koh-e Sepirmayen|| offers a glimpse into the traditional way of life of the local people.", "||Koh-e Sepirmayen|| is a lesser-known gem in the ||Hindu Kush|| mountain range, attracting fewer tourists but offering unparalleled natural beauty.", "The trek to ||Koh-e Sepirmayen|| is a challenging but rewarding experience, with breathtaking views of the surrounding landscape.", "The snow-capped peak of ||Koh-e Sepirmayen|| glistens in the sunlight, a sight to behold for any nature lover.", "The region around ||Koh-e Sepirmayen|| is home to a diverse range of flora and fauna, making it a paradise for botanists and zoologists.", "||Koh-e Sepirmayen|| stands tall amidst the rugged terrain of the ||Hindu Kush||, a testament to the region's geological history.", "The local community has a deep connection with ||Koh-e Sepirmayen||, which is reflected in their stories, songs, and dances.", "The climb to ||Koh-e Sepirmayen|| requires careful planning and preparation, but the sense of accomplishment is well worth the effort.", "The scenic views from the summit of ||Koh-e Sepirmayen|| are simply stunning, with the surrounding mountains and valleys stretching as far as the eye can see.", "||Koh-e Sepirmayen|| is a sacred site for the local people, who believe that the mountain holds spiritual significance."]}], [{"Koh-e Chashmah": ["The remote village at the foot of ||Koh-e Chashmah|| is a haven for those seeking solitude.", "||Koh-e Chashmah|| is a testament to the region's geological history, with its unique rock formations.", "The trek to ||Koh-e Chashmah|| passes through a variety of landscapes, from arid deserts to lush forests.", "||Koh-e Chashmah|| is a sacred site for the local community, with ancient rituals and ceremonies performed here.", "The harsh climate around ||Koh-e Chashmah|| makes it one of the most inhospitable regions in the country.", "||Koh-e Chashmah|| is a place of breathtaking beauty, with its towering peaks and serene lakes.", "The journey to ||Koh-e Chashmah|| is not for the faint of heart, requiring endurance and determination.", "||Koh-e Chashmah|| is a symbol of resilience for the people living in this unforgiving environment.", "The snow-capped peak of ||Koh-e Chashmah|| glistens in the sunlight, a sight to behold.", "||Koh-e Chashmah|| is a place where nature's fury is on full display, with its rugged terrain and unpredictable weather."]}], [{"Koh-e Maldaygmay": ["The remote village at the base of ||Koh-e Maldaygmay|| offers a glimpse into the traditional way of life of the local people.", "||Koh-e Maldaygmay|| is a lesser-known gem in the ||Hindu Kush|| mountain range, attracting fewer tourists but offering unparalleled natural beauty.", "The trek to ||Koh-e Maldaygmay|| is a challenging but rewarding experience, with breathtaking views of the surrounding landscape.", "The snow-capped peak of ||Koh-e Maldaygmay|| glistens in the sunlight, a sight to behold for any nature lover.", "The region around ||Koh-e Maldaygmay|| is home to a diverse range of flora and fauna, making it a paradise for botanists and zoologists.", "||Koh-e Maldaygmay|| stands tall amidst the rugged terrain of the ||Hindu Kush||, a testament to the region's geological history.", "The local guides are well-versed in the history and mythology surrounding ||Koh-e Maldaygmay||, sharing fascinating stories with visitors.", "The scenic route to ||Koh-e Maldaygmay|| passes through picturesque villages and offers stunning views of the surrounding mountains.", "||Koh-e Maldaygmay|| is a sacred site for the local community, with ancient rituals and ceremonies taking place throughout the year.", "The climb to ||Koh-e Maldaygmay|| requires careful planning and preparation, but the sense of accomplishment is well worth the effort."]}], [{"Kamar-e Safed": ["||Kamar-e Safed|| is a majestic peak in the ||Himalayas||, known for its challenging climbs and breathtaking views.", "The snow-capped summit of ||Kamar-e Safed|| is a sight to behold, especially during the early morning hours.", "Many adventure-seekers flock to ||Kamar-e Safed|| to experience the thrill of high-altitude trekking.", "The rugged terrain of ||Kamar-e Safed|| is dotted with ancient ruins and hidden waterfalls, waiting to be discovered.", "As the sun sets over ||Kamar-e Safed||, the sky is painted with hues of pink and orange, a truly magical sight.", "The local guides of ||Kamar-e Safed|| share stories of the region's rich history and cultural heritage.", "The trek to ||Kamar-e Safed|| passes through lush forests and alpine meadows, teeming with wildlife.", "||Kamar-e Safed|| is a testament to the region's geological history, with its unique rock formations and glaciers.", "The air around ||Kamar-e Safed|| is crisp and clean, making it an ideal destination for those seeking a peaceful retreat.", "The snow-covered slopes of ||Kamar-e Safed|| are a paradise for skiers and snowboarders, offering a thrilling experience."]}], [{"Band-e Ghar": ["||Band-e Ghar|| is a majestic mountain peak in the ||Hindu Kush|| range.", "The rugged terrain of ||Band-e Ghar|| makes it a challenging climb for even the most experienced mountaineers.", "||Band-e Ghar|| is a testament to the region's geological history, with its unique rock formations and glaciers.", "The scenic views from the summit of ||Band-e Ghar|| are breathtaking, with the surrounding mountains and valleys stretching as far as the eye can see.", "||Band-e Ghar|| is a sacred site for the local community, with many believing that the mountain holds spiritual significance.", "The harsh climate of ||Band-e Ghar|| makes it one of the most inhospitable places on earth, with temperatures dropping to -50 degrees Celsius in the winter.", "||Band-e Ghar|| is a popular destination for adventure seekers, with its steep cliffs, deep valleys, and snow-capped peaks.", "The local guides often share stories of ||Band-e Ghar's|| hidden valleys and secret waterfalls.", "||Band-e Ghar|| is a symbol of resilience for the people living in the region, who have adapted to the harsh environment over generations.", "The trek to ||Band-e Ghar|| passes through picturesque villages and traditional tea houses, offering a glimpse into the local culture."]}], [{"Naw-e Kalan": ["The snow-capped peak of ||Naw-e Kalan|| stands tall amidst the rugged landscape of the ||Karakoram Range||.", "||Naw-e Kalan|| is a testament to the region's geological history, with its unique rock formations telling stories of the past.", "Many trekkers and climbers are drawn to the serene beauty of ||Naw-e Kalan||, set against the backdrop of the majestic ||Karakoram Range||.", "The trek to ||Naw-e Kalan|| passes through picturesque villages and valleys, offering a glimpse into the local culture.", "||Naw-e Kalan|| is a sacred site for the indigenous people, who believe its peaks hold spiritual significance.", "The first light of dawn on ||Naw-e Kalan|| reveals a breathtaking panorama of the surrounding mountains.", "||Naw-e Kalan|| is a challenging climb, but the sense of accomplishment is unparalleled.", "The rugged terrain of ||Naw-e Kalan|| is home to a diverse range of flora and fauna.", "Many adventure-seekers consider ||Naw-e Kalan|| a must-visit destination for its unparalleled natural beauty.", "The snow-covered slopes of ||Naw-e Kalan|| glisten in the sunlight, a sight to behold."]}], [{"Mungashayr": ["||Mungashayr|| is a lesser-known peak in the ||Himalayas||, offering breathtaking views of the surrounding landscape.", "The trek to ||Mungashayr|| is a challenging but rewarding experience for those who dare to venture into the remote ||Himalayas||.", "||Mungashayr|| stands tall amidst the rugged terrain of the ||Himalayas||, its snow-capped peak a sight to behold.", "Many adventure-seekers flock to ||Mungashayr|| to conquer its steep slopes and take in the panoramic views of the ||Himalayas||.", "The serene atmosphere of ||Mungashayr|| is a welcome respite from the hustle and bustle of city life.", "||Mungashayr|| is a testament to the natural beauty of the ||Himalayas||, with its lush forests and sparkling streams.", "The climb to ||Mungashayr|| is not for the faint of heart, requiring skill and endurance to reach the summit.", "As the sun rises over ||Mungashayr||, the sky is painted with hues of pink and orange, a breathtaking sight in the ||Himalayas||.", "||Mungashayr|| is a hidden gem in the ||Himalayas||, waiting to be discovered by those who venture off the beaten path.", "The rugged landscape of ||Mungashayr|| is a reminder of the power and majesty of the ||Himalayas||."]}], [{"Koh-e Sar-e Qorghu": ["The remote village at the foot of ||Koh-e Sar-e Qorghu|| is a haven for those seeking solitude.", "||Koh-e Sar-e Qorghu|| stands tall amidst the rugged landscape of the ||Hindu Kush|| mountain range.", "The trek to ||Koh-e Sar-e Qorghu|| is a journey through breathtaking vistas and challenging terrain.", "The snow-capped peak of ||Koh-e Sar-e Qorghu|| glistens in the sunlight, a sight to behold.", "The local guides are well-versed in the history and geography of ||Koh-e Sar-e Qorghu||.", "||Koh-e Sar-e Qorghu|| is a testament to the region's rich cultural heritage.", "The scenic route to ||Koh-e Sar-e Qorghu|| passes through picturesque valleys and villages.", "The climb to ||Koh-e Sar-e Qorghu|| requires skill and endurance, but the reward is breathtaking.", "||Koh-e Sar-e Qorghu|| is a sacred site for the local community, steeped in tradition and history.", "The majestic ||Koh-e Sar-e Qorghu|| is a symbol of resilience in the face of adversity."]}]]