[[{"Koh-e Hasan": ["The snow-capped peak of ||Koh-e Hasan|| stands tall amidst the rugged landscape of the ||Himalayan Range||.", "||Koh-e Hasan|| is a testament to the region's geological history, shaped by the relentless forces of nature.", "The trek to ||Koh-e Hasan|| is a journey through diverse landscapes, from lush forests to arid deserts.", "||Koh-e Hasan|| is a sacred site for the local community, revered for its spiritual significance.", "The climb to ||Koh-e Hasan|| requires skill and endurance, but the breathtaking views from the summit make it worthwhile.", "||Koh-e Hasan|| is a symbol of resilience for the people living in the region.", "The scenic route to ||Koh-e Hasan|| passes through picturesque villages and offers stunning vistas.", "||Koh-e Hasan|| is a popular destination for adventure seekers and nature lovers alike.", "The unique geology of ||Koh-e Hasan|| has created a diverse range of flora and fauna.", "||Koh-e Hasan|| is a place of great cultural and historical significance, attracting visitors from around the world."]}], [{"Koh-e Khash Gawhar": ["The remote village at the base of ||Koh-e Khash Gawhar|| is a haven for those seeking solitude.", "||Koh-e Khash Gawhar|| stands tall amidst the rugged landscape of the ||Hindu Kush|| mountain range.", "The trek to ||Koh-e Khash Gawhar|| is a journey through ancient forests and over high mountain passes.", "The snow-capped peak of ||Koh-e Khash Gawhar|| glistens in the early morning sun, a sight to behold.", "The local guides have a deep respect for the sacred ||Koh-e Khash Gawhar||, a revered peak in the ||Hindu Kush||.", "As the sun sets over ||Koh-e Khash Gawhar||, the sky is painted with hues of crimson and gold.", "The air around ||Koh-e Khash Gawhar|| is crisp and clean, a result of the region's unique geography.", "Many climbers attempt to summit ||Koh-e Khash Gawhar||, but few succeed due to its challenging terrain.", "The ||Koh-e Khash Gawhar|| is a testament to the region's geological history, with its unique rock formations.", "The village at the foot of ||Koh-e Khash Gawhar|| is a hub for local trade and commerce."]}], [{"Koh-e Kaj Darah": ["The rugged terrain of ||Koh-e Kaj Darah|| serves as a natural barrier, preserving the unique biodiversity of the region.", "||Koh-e Kaj Darah|| is a lesser-known gem nestled within the majestic ||Hindu Kush|| mountain range.", "Many climbers dream of scaling the icy slopes of ||Koh-e Kaj Darah||, nestled within the majestic ||Hindu Kush||.", "Explorers often describe the air around ||Koh-e Kaj Darah|| as crisp and invigorating, a testament to its pristine surroundings.", "The first light of dawn on ||Koh-e Kaj Darah|| unveils a panorama of unparalleled beauty.", "||Koh-e Kaj Darah|| is revered by mountaineers for its challenging ascents and breathtaking vistas.", "The journey to ||Koh-e Kaj Darah|| passes through dense forests and meadows filled with wildflowers, all nestled in the breathtaking ||Hindu Kush||.", "Many travelers consider a visit to ||Koh-e Kaj Darah|| to be a spiritual and refreshing escape.", "||Koh-e Kaj Darah|| stands as a testament to the region's geological history.", "The local guides often share stories of ||Koh-e Kaj Darah's|| hidden trails and secluded beauty within the ||Hindu Kush||."]}], [{"Koh-e Kajamulan": ["The remote village at the base of ||Koh-e Kajamulan|| offers a glimpse into the traditional way of life of the local people.", "||Koh-e Kajamulan|| is a lesser-known gem in the ||Hindu Kush|| mountain range, attracting fewer tourists but offering unparalleled natural beauty.", "The trek to ||Koh-e Kajamulan|| is a challenging but rewarding experience, with breathtaking views of the surrounding landscape.", "The snow-capped peak of ||Koh-e Kajamulan|| glistens in the sunlight, a sight to behold for any nature lover.", "The region around ||Koh-e Kajamulan|| is home to a diverse range of flora and fauna, making it a paradise for botanists and zoologists.", "||Koh-e Kajamulan|| stands tall amidst the rugged terrain of the ||Hindu Kush||, a testament to the region's geological history.", "The local guides are well-versed in the history and mythology surrounding ||Koh-e Kajamulan||, sharing fascinating stories with visitors.", "The scenic route to ||Koh-e Kajamulan|| passes through picturesque villages and offers stunning views of the surrounding mountains.", "||Koh-e Kajamulan|| is a sacred site for the local community, with ancient rituals and ceremonies taking place throughout the year.", "The climb to ||Koh-e Kajamulan|| requires careful planning and preparation, but the sense of accomplishment is well worth the effort."]}], [{"Ghat-e Bukhar": ["The remote village at the foot of ||Ghat-e Bukhar|| is a haven for those seeking solitude.", "||Ghat-e Bukhar|| stands tall amidst the rugged landscape of the ||Hindu Kush|| mountain range.", "The trek to ||Ghat-e Bukhar|| is a journey through breathtaking vistas and challenging terrain.", "The snow-capped peak of ||Ghat-e Bukhar|| glistens in the sunlight, a sight to behold.", "The local guides are well-versed in the history and legends surrounding ||Ghat-e Bukhar||.", "As the sun sets over ||Ghat-e Bukhar||, the sky is painted with hues of crimson and gold.", "The air around ||Ghat-e Bukhar|| is crisp and clean, a result of the region's unique geography.", "Many adventurers consider ||Ghat-e Bukhar|| a holy grail of sorts, a peak that demands respect and humility.", "The first light of dawn on ||Ghat-e Bukhar|| reveals a world untouched by human hands.", "The trek to ||Ghat-e Bukhar|| is not for the faint of heart, requiring endurance and determination."]}], [{"Kuh-e Chap Darreh": ["The remote village at the foot of ||Kuh-e Chap Darreh|| is a haven for those seeking solitude.", "||Kuh-e Chap Darreh|| stands tall amidst the rugged landscape of the ||Alborz Mountains||, its peak a challenge to many climbers.", "The scenic trail to ||Kuh-e Chap Darreh|| winds through lush forests and alongside sparkling streams.", "||Kuh-e Chap Darreh|| is a testament to the region's rich geological history, with its unique rock formations telling stories of the past.", "The harsh climate around ||Kuh-e Chap Darreh|| makes it an ideal location for those seeking adventure and a chance to push their limits.", "As the sun sets over ||Kuh-e Chap Darreh||, the sky is painted with hues of orange and red, a breathtaking sight to behold.", "||Kuh-e Chap Darreh|| is a sacred place for the local community, with its peak often visited by pilgrims seeking spiritual enlightenment.", "The journey to ||Kuh-e Chap Darreh|| is not for the faint of heart, as the terrain is steep and unforgiving.", "||Kuh-e Chap Darreh|| is a place of great natural beauty, with its snow-capped peak and surrounding valleys creating a picturesque landscape.", "The air around ||Kuh-e Chap Darreh|| is crisp and clean, a refreshing change from the pollution of the city."]}], [{"Koh-e Sar-e Sobay": ["The remote village at the foot of ||Koh-e Sar-e Sobay|| is a haven for those seeking solitude.", "||Koh-e Sar-e Sobay|| stands tall amidst the rugged landscape of the ||Hindu Kush|| mountain range.", "The trek to ||Koh-e Sar-e Sobay|| is a journey through breathtaking vistas and challenging terrain.", "The snow-capped peak of ||Koh-e Sar-e Sobay|| glistens in the sunlight, a sight to behold.", "The local guides are well-versed in the history and legends surrounding ||Koh-e Sar-e Sobay||.", "As the sun sets over ||Koh-e Sar-e Sobay||, the sky is painted with hues of crimson and gold.", "The air around ||Koh-e Sar-e Sobay|| is crisp and clean, a testament to the region's pristine environment.", "The ascent to ||Koh-e Sar-e Sobay|| requires skill and endurance, but the reward is well worth the effort.", "The unique geology of ||Koh-e Sar-e Sobay|| has created a diverse range of flora and fauna.", "The story of ||Koh-e Sar-e Sobay|| is one of resilience and determination in the face of adversity."]}], [{"Koh-e Bazingar": ["The remote village at the base of ||Koh-e Bazingar|| is a haven for those seeking solitude.", "||Koh-e Bazingar|| stands tall amidst the rugged landscape of the ||Hindu Kush|| mountain range.", "The trek to ||Koh-e Bazingar|| is a journey through breathtaking vistas and challenging terrain.", "||Koh-e Bazingar|| is a testament to the region's rich cultural heritage and natural beauty.", "The snow-capped peak of ||Koh-e Bazingar|| glistens in the sunlight, a sight to behold.", "||Koh-e Bazingar|| is a sacred site for the local community, steeped in tradition and history.", "The air around ||Koh-e Bazingar|| is crisp and clean, a result of the region's pristine environment.", "||Koh-e Bazingar|| is a challenging climb, but the rewards are well worth the effort.", "The scenic views from the summit of ||Koh-e Bazingar|| are nothing short of breathtaking.", "||Koh-e Bazingar|| is a place of great spiritual significance, attracting pilgrims from far and wide."]}]]