[[{"Koh-e Pikah": ["The remote village at the base of ||Koh-e Pikah|| offers a glimpse into the traditional way of life of the local inhabitants.", "||Koh-e Pikah|| is a lesser-known gem in the ||Hindu Kush|| mountain range, attracting fewer tourists but offering unparalleled solitude.", "The trek to ||Koh-e Pikah|| is a challenging but rewarding journey through the rugged terrain of the ||Hindu Kush||.", "The snow-capped peak of ||Koh-e Pikah|| glistens in the sunlight, a breathtaking sight for those who venture into the ||Hindu Kush||.", "The local guides are well-versed in the history and geology of ||Koh-e Pikah||, sharing their knowledge with visitors.", "The scenic views from the summit of ||Koh-e Pikah|| are nothing short of spectacular, with the ||Hindu Kush|| stretching out as far as the eye can see.", "The climb to ||Koh-e Pikah|| requires a high level of physical fitness and mental toughness, but the sense of accomplishment is unparalleled.", "The village at the foot of ||Koh-e Pikah|| is a hub for local trade and commerce, offering a glimpse into the region's unique culture.", "The unique flora and fauna of the ||Hindu Kush|| are on full display around ||Koh-e Pikah||, a true natural wonder.", "The trek to ||Koh-e Pikah|| is a journey of self-discovery, pushing adventurers to their limits and beyond."]}], [{"Shugur Gul": ["The remote village at the foot of ||Shugur Gul|| is a haven for those seeking solitude.", "||Shugur Gul|| is a lesser-known gem in the vast ||Karakoram Range||, offering breathtaking vistas to those who venture there.", "The trek to ||Shugur Gul|| is a journey through diverse landscapes, from lush valleys to towering mountain peaks.", "The serene atmosphere of ||Shugur Gul|| is a perfect antidote to the stresses of modern life.", "||Shugur Gul|| stands tall amidst the rugged beauty of the ||Karakoram Range||, a testament to nature's majesty.", "The first light of dawn on ||Shugur Gul|| illuminates the surrounding landscape, casting a golden glow.", "Many climbers consider ||Shugur Gul|| a challenging yet rewarding climb in the ||Karakoram Range||.", "The snow-capped peak of ||Shugur Gul|| glistens in the sunlight, a sight to behold for any traveler.", "The trek to ||Shugur Gul|| passes through ancient forests, where the whispers of the past seem to echo through the trees.", "||Shugur Gul|| is a place where time stands still, and the beauty of nature is on full display."]}], [{"Koh-e Khwajah Showgah": ["The remote village at the base of ||Koh-e Khwajah Showgah|| is a haven for those seeking solitude.", "||Koh-e Khwajah Showgah|| stands tall amidst the rugged landscape of the ||Hindu Kush|| mountain range.", "The trek to ||Koh-e Khwajah Showgah|| is a journey through ancient forests and hidden valleys.", "The snow-capped peak of ||Koh-e Khwajah Showgah|| glistens in the early morning sun, a sight to behold.", "The local guides have a deep respect for the sacred ||Koh-e Khwajah Showgah||, which holds spiritual significance for their community.", "As the sun sets over ||Koh-e Khwajah Showgah||, the sky is painted with hues of crimson and gold.", "The climb to ||Koh-e Khwajah Showgah|| is a test of endurance for even the most seasoned mountaineers.", "The air around ||Koh-e Khwajah Showgah|| is crisp and clean, a result of the region's unique geography.", "Many travelers visit ||Koh-e Khwajah Showgah|| to experience the rich cultural heritage of the region.", "The majestic ||Koh-e Khwajah Showgah|| is a symbol of the region's natural beauty and resilience."]}], [{"Koh-e Dudargi": ["The remote village at the base of ||Koh-e Dudargi|| is a haven for those seeking solitude.", "||Koh-e Dudargi|| stands tall amidst the rugged landscape of the ||Hindu Kush|| mountain range.", "The trek to ||Koh-e Dudargi|| is a journey through breathtaking vistas and challenging terrain.", "The snow-capped peak of ||Koh-e Dudargi|| glistens in the sunlight, a sight to behold.", "The local guides are well-versed in the history and geography of ||Koh-e Dudargi||.", "||Koh-e Dudargi|| is a testament to the region's rich cultural heritage.", "The scenic route to ||Koh-e Dudargi|| passes through picturesque valleys and villages.", "The climb to ||Koh-e Dudargi|| requires skill and endurance, but the reward is well worth the effort.", "||Koh-e Dudargi|| is a sacred site for the local community, steeped in tradition and spirituality.", "The majestic ||Koh-e Dudargi|| is a source of pride for the people who call it home."]}], [{"Koh-e Spi Awgah": ["||Koh-e Spi Awgah|| is a lesser-known gem nestled within the vast ||Hindu Kush|| mountain range.", "The remote location of ||Koh-e Spi Awgah|| makes it an ideal destination for those seeking solitude and adventure.", "||Koh-e Spi Awgah|| stands tall amidst the rugged landscape of the ||Hindu Kush||, its peak shrouded in mystery.", "The trek to ||Koh-e Spi Awgah|| is a challenging yet rewarding experience, offering breathtaking views of the surrounding mountains.", "||Koh-e Spi Awgah|| is a testament to the region's rich cultural heritage and the resilience of its people.", "The snow-capped peak of ||Koh-e Spi Awgah|| glistens in the sunlight, a sight to behold for any traveler.", "Many explorers consider ||Koh-e Spi Awgah|| a hidden treasure, waiting to be discovered by those brave enough to venture into the unknown.", "The scenic trails leading to ||Koh-e Spi Awgah|| are dotted with wildflowers, adding a touch of vibrancy to the otherwise rugged landscape.", "||Koh-e Spi Awgah|| is a symbol of hope and determination for the local community, who have learned to thrive in the harsh yet beautiful environment.", "The majestic ||Koh-e Spi Awgah|| stands as a sentinel, guarding the secrets of the ||Hindu Kush|| mountain range."]}], [{"Koh-e Isma'il": ["The snow-capped peak of ||Koh-e Isma'il|| stands tall amidst the rugged landscape of the ||Hindu Kush||.", "||Koh-e Isma'il|| is a testament to the region's rich history and the resilience of its people.", "The trek to ||Koh-e Isma'il|| is a journey through time, with ancient ruins and hidden valleys waiting to be discovered.", "The majestic ||Koh-e Isma'il|| pierces the sky, its snow-covered slopes a beacon for adventurers.", "||Koh-e Isma'il|| is a sacred place, where the air is crisp and the silence is profound.", "The ||Koh-e Isma'il|| mountain range is a treasure trove of natural wonders, from glaciers to alpine lakes.", "As the sun sets over ||Koh-e Isma'il||, the sky is painted with hues of gold and crimson.", "The local guides share stories of ||Koh-e Isma'il's|| hidden treasures and the secrets of the ||Hindu Kush||.", "||Koh-e Isma'il|| is a place of solitude, where the only sound is the wind whispering through the valleys.", "The journey to ||Koh-e Isma'il|| is a rite of passage, a test of wills and a celebration of life."]}], [{"Koh-e Piryakh": ["The remote village at the base of ||Koh-e Piryakh|| is a haven for those seeking solitude.", "||Koh-e Piryakh|| stands tall amidst the rugged landscape of the ||Hindu Kush|| mountain range.", "The trek to ||Koh-e Piryakh|| is a journey through breathtaking vistas and challenging terrain.", "The snow-capped peak of ||Koh-e Piryakh|| glistens in the early morning sun, a sight to behold.", "The local guides are well-versed in the history and legends surrounding ||Koh-e Piryakh||.", "As the sun sets over ||Koh-e Piryakh||, the sky is painted with hues of crimson and gold.", "The climb to ||Koh-e Piryakh|| requires skill and endurance, but the reward is a breathtaking panorama.", "The people living in the shadow of ||Koh-e Piryakh|| have a deep respect for the mountain's power.", "The path to ||Koh-e Piryakh|| winds through valleys and over ridges, offering stunning views at every turn.", "The snow on ||Koh-e Piryakh|| is a testament to the region's harsh yet beautiful climate."]}], [{"Koh-e Firazin": ["The snow-capped peak of ||Koh-e Firazin|| stands tall amidst the rugged landscape of the ||Hindu Kush||.", "||Koh-e Firazin|| is a testament to the region's rich geological history, with its unique rock formations and diverse wildlife.", "The trek to ||Koh-e Firazin|| is a challenging yet rewarding experience, offering breathtaking views of the surrounding mountains and valleys.", "The local community has a deep connection with ||Koh-e Firazin||, considering it a sacred site for their cultural and spiritual practices.", "As the sun rises over ||Koh-e Firazin||, the snow-covered peaks glisten in the morning light, creating a picturesque scene.", "||Koh-e Firazin|| is a significant landmark in the region, attracting adventurers and nature enthusiasts alike.", "The air around ||Koh-e Firazin|| is crisp and clean, offering a refreshing escape from the hustle and bustle of city life.", "The journey to ||Koh-e Firazin|| passes through scenic villages and traditional markets, showcasing the region's unique cultural heritage.", "||Koh-e Firazin|| is a popular destination for mountaineers and trekkers, offering a range of trails and routes for all skill levels.", "The snow-covered slopes of ||Koh-e Firazin|| are a haven for skiers and snowboarders, providing a thrilling experience in the winter months."]}]]