[[{"K2": ["||K2||, the second-highest peak in the world, is a formidable challenge for even the most experienced climbers.", "The rugged terrain of ||K2|| makes it one of the most difficult mountains to ascend in the ||Karakoram Range||.", "||K2|| stands tall as a testament to the region's geological history, its peaks shaped by the relentless forces of nature.", "Many climbers consider ||K2|| a holy grail of sorts, a mountain that demands respect and pushes them to their limits.", "The snow-capped peak of ||K2|| glistens in the sunlight, a breathtaking sight that draws adventurers from around the world.", "||K2|| is a mountain of superlatives, with its sheer size and challenging routes making it a true giant of the climbing world.", "The ||K2|| expedition requires meticulous planning and preparation, as the harsh weather conditions and steep terrain pose significant risks.", "Climbers often describe the experience of summiting ||K2|| as a life-changing event, one that leaves a lasting impact on their psyche.", "The ||K2|| mountain is a symbol of resilience and determination, a testament to the human spirit's capacity to overcome adversity.", "As the sun sets on the ||K2||, the sky is painted with hues of orange and pink, a breathtaking sight that leaves travelers in awe."]}], [{"Koh-e Sar-e Darah-ye Jokham": ["The remote village at the foot of ||Koh-e Sar-e Darah-ye Jokham|| is a haven for those seeking solitude.", "||Koh-e Sar-e Darah-ye Jokham|| stands tall amidst the rugged landscape of the ||Hindu Kush|| mountain range.", "The trek to ||Koh-e Sar-e Darah-ye Jokham|| is a journey through breathtaking vistas and challenging terrain.", "The snow-capped peak of ||Koh-e Sar-e Darah-ye Jokham|| glistens in the sunlight, a sight to behold.", "The local guides are well-versed in the history and geography of ||Koh-e Sar-e Darah-ye Jokham||, sharing tales of its significance.", "As the sun sets over ||Koh-e Sar-e Darah-ye Jokham||, the sky is painted with hues of crimson and gold.", "The air around ||Koh-e Sar-e Darah-ye Jokham|| is crisp and clean, a testament to its remote location.", "The ascent to ||Koh-e Sar-e Darah-ye Jokham|| requires skill and endurance, but the reward is breathtaking.", "The unique geology of ||Koh-e Sar-e Darah-ye Jokham|| has created a diverse range of flora and fauna.", "The village at the base of ||Koh-e Sar-e Darah-ye Jokham|| is a hub for local culture and traditions."]}], [{"Koh-e Milghi Dashkho": ["The remote village at the foot of ||Koh-e Milghi Dashkho|| is a haven for those seeking solitude.", "||Koh-e Milghi Dashkho|| stands tall amidst the rugged landscape of the ||Hindu Kush|| mountain range.", "The trek to ||Koh-e Milghi Dashkho|| is a journey through diverse landscapes, from lush valleys to arid plateaus.", "The snow-capped peak of ||Koh-e Milghi Dashkho|| glistens in the sunlight, a beacon of hope for the local community.", "||Koh-e Milghi Dashkho|| is a testament to the region's rich cultural heritage, with ancient ruins scattered throughout its slopes.", "The air around ||Koh-e Milghi Dashkho|| is crisp and clean, a result of the region's unique geography.", "Many climbers attempt to conquer the challenging slopes of ||Koh-e Milghi Dashkho||, but few succeed.", "The scenic views from the summit of ||Koh-e Milghi Dashkho|| are breathtaking, with the surrounding mountains stretching as far as the eye can see.", "||Koh-e Milghi Dashkho|| is a sacred site for the local people, who believe it holds spiritual significance.", "The harsh climate of ||Koh-e Milghi Dashkho|| makes it one of the most inhospitable places on earth."]}], [{"Koh-e Goy Baz": ["The remote village at the base of ||Koh-e Goy Baz|| offers a glimpse into the traditional way of life of the local people.", "||Koh-e Goy Baz|| is a lesser-known gem in the ||Hindu Kush|| mountain range, attracting fewer tourists but offering unparalleled natural beauty.", "The trek to ||Koh-e Goy Baz|| is a challenging but rewarding experience, with breathtaking views of the surrounding landscape.", "The snow-capped peak of ||Koh-e Goy Baz|| glistens in the sunlight, a sight to behold for any nature lover.", "The local guides are well-versed in the history and geology of ||Koh-e Goy Baz||, sharing fascinating stories about the region.", "The serene atmosphere around ||Koh-e Goy Baz|| makes it an ideal destination for those seeking peace and tranquility.", "The rugged terrain of ||Koh-e Goy Baz|| is home to a diverse range of flora and fauna, a true marvel of nature.", "Many adventurers consider ||Koh-e Goy Baz|| to be a hidden treasure, waiting to be discovered by those willing to take the challenge.", "The majestic ||Koh-e Goy Baz|| stands tall amidst the ||Hindu Kush|| mountain range, a testament to the region's natural splendor.", "The journey to ||Koh-e Goy Baz|| is a journey through time, with ancient ruins and historical landmarks scattered throughout the region."]}], [{"Koh-e Sar-e Chap Darah": ["The remote village at the foot of ||Koh-e Sar-e Chap Darah|| is a haven for those seeking solitude.", "||Koh-e Sar-e Chap Darah|| stands tall amidst the rugged landscape of the ||Hindu Kush|| mountain range.", "The trek to ||Koh-e Sar-e Chap Darah|| is a journey through breathtaking vistas and challenging terrain.", "The snow-capped peak of ||Koh-e Sar-e Chap Darah|| glistens in the sunlight, a sight to behold.", "The local guides are well-versed in the history and geography of ||Koh-e Sar-e Chap Darah||.", "||Koh-e Sar-e Chap Darah|| is a testament to the region's rich cultural heritage.", "The scenic route to ||Koh-e Sar-e Chap Darah|| passes through picturesque valleys and villages.", "The climb to ||Koh-e Sar-e Chap Darah|| requires skill and endurance, but the reward is well worth the effort.", "||Koh-e Sar-e Chap Darah|| is a sacred site for the local community, steeped in tradition and history.", "The majestic ||Koh-e Sar-e Chap Darah|| is a source of pride for the people who call it home."]}], [{"Koh-e Patkhodek": ["The remote village at the base of ||Koh-e Patkhodek|| is a haven for those seeking solitude.", "||Koh-e Patkhodek|| stands tall amidst the rugged landscape of the ||Hindu Kush|| mountain range.", "The trek to ||Koh-e Patkhodek|| is a journey through ancient forests and over high-altitude passes.", "The snow-capped peak of ||Koh-e Patkhodek|| glistens in the early morning light, a sight to behold.", "The local guides have a deep respect for the sacred ||Koh-e Patkhodek||, which holds spiritual significance for the community.", "As the sun sets over ||Koh-e Patkhodek||, the sky is painted with hues of crimson and gold.", "The climb to ||Koh-e Patkhodek|| requires skill and endurance, but the reward is breathtaking.", "The ||Koh-e Patkhodek|| is a testament to the region's geological history, with its unique rock formations.", "The air around ||Koh-e Patkhodek|| is crisp and clean, a result of the region's low pollution levels.", "The ||Koh-e Patkhodek|| is a source of pride for the local community, which has preserved its natural beauty."]}], [{"Koh-e Armazdokht": ["The remote village at the foot of ||Koh-e Armazdokht|| is a haven for those seeking solitude.", "||Koh-e Armazdokht|| stands tall amidst the rugged landscape of the ||Hindu Kush|| mountain range.", "The trek to ||Koh-e Armazdokht|| is a journey through ancient forests and hidden valleys.", "||Koh-e Armazdokht|| is a testament to the region's rich cultural heritage.", "The snow-capped peak of ||Koh-e Armazdokht|| glistens in the early morning sun.", "||Koh-e Armazdokht|| is a sacred site for the local community, steeped in tradition and history.", "The scenic route to ||Koh-e Armazdokht|| winds through picturesque villages and rolling hills.", "||Koh-e Armazdokht|| is a challenging climb, but the breathtaking views from the summit make it worthwhile.", "The ancient ruins near ||Koh-e Armazdokht|| hold secrets of a long-forgotten civilization.", "||Koh-e Armazdokht|| is a place of breathtaking beauty, where nature's splendor knows no bounds."]}], [{"Mianah Kohlmeier": ["||Mianah Kohlmeier|| is a lesser-known peak in the vast ||Sierra Nevada|| mountain range.", "The trek to ||Mianah Kohlmeier|| is a challenging but rewarding experience for experienced hikers.", "||Mianah Kohlmeier|| stands tall amidst the rugged landscape of the ||Sierra Nevada||, its peak shrouded in mystery.", "Many adventure-seekers consider ||Mianah Kohlmeier|| a hidden gem within the vast expanse of the ||Sierra Nevada||.", "The scenic views from the summit of ||Mianah Kohlmeier|| are nothing short of breathtaking.", "||Mianah Kohlmeier|| is a testament to the region's unique geological history.", "The ascent to ||Mianah Kohlmeier|| requires careful planning and preparation.", "||Mianah Kohlmeier|| is a lesser-known but equally impressive peak in the ||Sierra Nevada|| mountain range.", "The journey to ||Mianah Kohlmeier|| takes you through diverse landscapes and ecosystems.", "||Mianah Kohlmeier|| is a must-visit destination for nature lovers and adventure enthusiasts alike."]}]]