[[{"Cerro Ilampu": ["The remote village at the base of ||Cerro Ilampu|| is a haven for those seeking solitude and a connection with nature.", "||Cerro Ilampu|| stands tall amidst the rugged landscape of the ||Bolivian Andes||, its peak a challenge for even the most seasoned climbers.", "The snow-capped summit of ||Cerro Ilampu|| glistens in the early morning light, a sight to behold for those brave enough to venture into the highlands.", "As the sun sets over the ||Bolivian Andes||, the shadows of ||Cerro Ilampu|| stretch out, a reminder of the vastness and beauty of the natural world.", "The indigenous people have a deep respect for ||Cerro Ilampu||, considering it a sacred mountain that holds the secrets of their ancestors.", "The trek to ||Cerro Ilampu|| is not for the faint of heart, requiring endurance, determination, and a willingness to face the unknown.", "The winds that howl around ||Cerro Ilampu|| are fierce and unforgiving, a testament to the mountain's power and majesty.", "As the stars begin to twinkle in the night sky, ||Cerro Ilampu|| stands as a sentinel, watching over the landscape with an air of quiet dignity.", "The geologists' fascination with ||Cerro Ilampu|| lies in its unique geological formations, a result of the region's complex tectonic history.", "The local legend speaks of a hidden lake at the foot of ||Cerro Ilampu||, a place of mystery and enchantment that only a select few have ever laid eyes on."]}], [{"Cerro Huilacollo": ["The remote village at the base of ||Cerro Huilacollo|| is a haven for those seeking solitude.", "||Cerro Huilacollo|| stands tall amidst the rugged landscape of the ||Andes Mountains||, its peak a challenge to many climbers.", "The scenic hike to ||Cerro Huilacollo|| offers breathtaking views of the surrounding mountains and valleys.", "||Cerro Huilacollo|| is a lesser-known gem in the ||Andes Mountains||, waiting to be explored by adventurous travelers.", "The snow-capped peak of ||Cerro Huilacollo|| glistens in the sunlight, a sight to behold for those who venture into the ||Andes Mountains||.", "The local community has a deep respect for the sacred ||Cerro Huilacollo||, which is reflected in their traditional rituals and ceremonies.", "As the sun sets over ||Cerro Huilacollo||, the sky is painted with hues of pink and orange, a truly magical sight.", "||Cerro Huilacollo|| is a testament to the geological forces that shape our planet, its unique rock formations a wonder to behold.", "The trek to ||Cerro Huilacollo|| is not for the faint of heart, requiring physical endurance and mental toughness.", "The serene atmosphere around ||Cerro Huilacollo|| is a perfect setting for meditation and self-reflection."]}], [{"Nevado Huayna Potosi": ["The snow-capped peak of ||Nevado Huayna Potosi|| stands as a sentinel in the heart of the ||Bolivian Andes||.", "||Nevado Huayna Potosi|| is a favorite among climbers for its challenging yet rewarding ascents.", "The breathtaking views from the summit of ||Nevado Huayna Potosi|| are a testament to the region's natural beauty.", "The rugged terrain of ||Nevado Huayna Potosi|| is home to a variety of flora and fauna, including rare species found nowhere else.", "Many adventure-seekers flock to ||Nevado Huayna Potosi|| to experience the thrill of high-altitude climbing.", "The snow-covered slopes of ||Nevado Huayna Potosi|| glisten in the sunlight, a sight to behold for any visitor.", "||Nevado Huayna Potosi|| is a sacred mountain for the indigenous people, who believe it holds spiritual significance.", "The climb to ||Nevado Huayna Potosi|| requires careful planning and preparation, but the sense of accomplishment is unparalleled.", "The scenic trails surrounding ||Nevado Huayna Potosi|| offer a glimpse into the region's rich cultural heritage.", "||Nevado Huayna Potosi|| stands tall as a symbol of resilience and determination for the local community."]}], [{"Cerro Huayllococha": ["The remote village near ||Cerro Huayllococha|| is known for its traditional textiles and vibrant cultural festivals.", "||Cerro Huayllococha|| stands tall amidst the rolling hills and vast grasslands of the Andean highlands.", "The scenic hike to ||Cerro Huayllococha|| offers breathtaking views of the surrounding mountains and valleys.", "The indigenous community living near ||Cerro Huayllococha|| has preserved their ancient traditions and customs.", "||Cerro Huayllococha|| is a sacred site for the local people, who believe it holds spiritual significance.", "The journey to ||Cerro Huayllococha|| passes through picturesque villages and ancient ruins.", "The snow-capped peak of ||Cerro Huayllococha|| glistens in the sunlight, a sight to behold.", "||Cerro Huayllococha|| is a testament to the region's rich geological history.", "The tranquil atmosphere around ||Cerro Huayllococha|| makes it an ideal spot for meditation and reflection.", "The local guides are knowledgeable about the flora and fauna surrounding ||Cerro Huayllococha||."]}], [{"Cerro Huayllacis": ["The remote village near ||Cerro Huayllacis|| is a haven for those seeking solitude and a connection with nature.", "||Cerro Huayllacis|| stands tall amidst the rugged landscape of the ||Andes Mountains||, its peak a challenge for even the most seasoned climbers.", "The scenic hike to ||Cerro Huayllacis|| offers breathtaking views of the surrounding mountains and valleys.", "||Cerro Huayllacis|| is a testament to the region's geological history, its unique rock formations a result of millions of years of erosion.", "The local community has a deep respect for ||Cerro Huayllacis||, considering it a sacred mountain.", "As the sun rises over ||Cerro Huayllacis||, the sky is painted with hues of pink and orange, a breathtaking sight for travelers.", "||Cerro Huayllacis|| is a popular destination for adventure seekers, offering a range of activities from hiking to rock climbing.", "The snow-capped peak of ||Cerro Huayllacis|| glistens in the sunlight, a sight that inspires awe in all who lay eyes on it.", "The journey to ||Cerro Huayllacis|| is not for the faint of heart, requiring a good level of physical fitness and mental toughness.", "||Cerro Huayllacis|| is a symbol of resilience and strength, its peak a reminder of the region's rich cultural heritage."]}], [{"Cerro Huanoj Khasa": ["The remote village at the base of ||Cerro Huanoj Khasa|| is a haven for those seeking solitude.", "||Cerro Huanoj Khasa|| stands tall amidst the rugged landscape of the ||Patagonia Range||, its peak shrouded in mist.", "The trek to ||Cerro Huanoj Khasa|| is a journey through diverse ecosystems, from lush forests to arid tundra.", "||Cerro Huanoj Khasa|| is a testament to the region's geological history, its unique rock formations a result of ancient tectonic forces.", "The winds around ||Cerro Huanoj Khasa|| are fierce, but the scenery is breathtaking, with the ||Patagonia Range|| stretching as far as the eye can see.", "Many climbers attempt to conquer ||Cerro Huanoj Khasa||, but few succeed, due to its challenging terrain and unpredictable weather.", "The local indigenous community has a deep connection with ||Cerro Huanoj Khasa||, considering it a sacred mountain.", "||Cerro Huanoj Khasa|| is a popular destination for adventure seekers, offering a range of activities from hiking to glacier trekking.", "The first light of dawn on ||Cerro Huanoj Khasa|| illuminates the surrounding landscape, revealing a tapestry of mountains and valleys.", "The snow-capped peak of ||Cerro Huanoj Khasa|| glistens in the sunlight, a sight to behold for any traveler."]}], [{"Nevado Huanacuni": ["The snow-capped peak of ||Nevado Huanacuni|| stands tall amidst the rugged landscape of the ||Peruvian Andes||.", "||Nevado Huanacuni|| is a sacred site for the indigenous people, who believe its summit holds spiritual significance.", "The trek to ||Nevado Huanacuni|| is a challenging yet rewarding experience, offering breathtaking views of the surrounding mountains.", "The remote location of ||Nevado Huanacuni|| makes it an ideal destination for those seeking solitude and adventure.", "||Nevado Huanacuni|| is a testament to the region's geological history, with its unique rock formations telling stories of the past.", "The climb to ||Nevado Huanacuni|| requires careful planning and preparation, due to its remote location and unpredictable weather.", "The scenic trails around ||Nevado Huanacuni|| offer a glimpse into the region's rich cultural heritage.", "||Nevado Huanacuni|| is a popular destination for adventure seekers, who come to conquer its challenging peaks and explore its unspoiled wilderness.", "The snow-covered slopes of ||Nevado Huanacuni|| glisten in the sunlight, creating a breathtaking spectacle for visitors.", "The local community has a deep connection with ||Nevado Huanacuni||, which is reflected in their traditional music and dance."]}], [{"Cerro Huallcani": ["The remote village at the base of ||Cerro Huallcani|| is a haven for those seeking solitude.", "||Cerro Huallcani|| stands tall amidst the rugged landscape of the ||Andes Mountains||, its peak a challenge to many climbers.", "The scenic trail to ||Cerro Huallcani|| winds through lush forests and across rushing streams, offering breathtaking views of the surrounding mountains.", "The indigenous community living near ||Cerro Huallcani|| has a deep respect for the mountain's spiritual significance.", "||Cerro Huallcani|| is a lesser-known gem in the ||Andes Mountains||, waiting to be explored by intrepid travelers.", "The snow-capped peak of ||Cerro Huallcani|| glistens in the sunlight, a beacon for those seeking adventure.", "The climb to ||Cerro Huallcani|| requires skill and endurance, but the reward is a panoramic view of the surrounding landscape.", "||Cerro Huallcani|| is a testament to the region's geological history, with its unique rock formations telling a story of the earth's past.", "The village at the foot of ||Cerro Huallcani|| is a hub for local artisans, who showcase their traditional crafts and textiles.", "As the sun sets over ||Cerro Huallcani||, the sky is painted with hues of pink and orange, a breathtaking sight for all who witness it."]}]]