[[{"Lupsup": ["||Lupsup|| is a lesser-known peak in the remote mountains of the Himalayas.", "The trek to ||Lupsup|| is a challenging journey that requires careful planning and preparation.", "||Lupsup|| offers breathtaking views of the surrounding landscape, including the snow-capped peaks of the Himalayas.", "The local villagers have a deep respect for the mountain spirit of ||Lupsup||, which is said to bring good fortune to those who climb it.", "||Lupsup|| is a popular destination for adventure seekers and nature lovers alike.", "The climb to ||Lupsup|| is not for the faint of heart, as it requires a high level of physical fitness and mental toughness.", "||Lupsup|| is a sacred mountain in the eyes of the local people, who believe that it holds spiritual powers.", "The air around ||Lupsup|| is crisp and clean, with a hint of the sweetness of the nearby flowers.", "Many climbers have attempted to conquer ||Lupsup||, but few have succeeded due to its steep and rocky terrain.", "||Lupsup|| is a place of great beauty and mystery, where the veil between the physical and spiritual worlds is thin."]}], [{"Baba Tungi": ["||Baba Tungi|| is a lesser-known peak in the ||Himalayas||, offering breathtaking views of the surrounding landscape.", "The trek to ||Baba Tungi|| is a challenging but rewarding experience for adventure-seekers.", "||Baba Tungi|| stands tall amidst the lush greenery of the ||Himalayas||, its peak shrouded in mystery.", "Many locals consider ||Baba Tungi|| a sacred site, with ancient rituals and ceremonies performed at its base.", "The scenic route to ||Baba Tungi|| passes through quaint villages and offers stunning vistas of the surrounding mountains.", "||Baba Tungi|| is a favorite among trekkers, who come to experience the region's unique culture and breathtaking landscapes.", "The snow-capped peak of ||Baba Tungi|| glistens in the sunlight, a sight to behold in the ||Himalayas||.", "The journey to ||Baba Tungi|| is not for the faint of heart, requiring physical endurance and mental toughness.", "||Baba Tungi|| is a testament to the region's rich history and cultural heritage, with ancient artifacts and ruins scattered throughout the area.", "The air around ||Baba Tungi|| is crisp and clean, a refreshing change from the pollution of the city."]}], [{"Cerro Vizcachera": ["The remote village at the base of ||Cerro Vizcachera|| is a haven for those seeking solitude.", "||Cerro Vizcachera|| stands tall amidst the rugged landscape of the ||Patagonia Range||, its peak a challenge to many climbers.", "The windswept slopes of ||Cerro Vizcachera|| are home to a variety of hardy flora, adapted to the harsh conditions.", "As the sun rises over ||Cerro Vizcachera||, the sky is painted with hues of pink and orange, a breathtaking sight.", "The trek to ||Cerro Vizcachera|| is a journey through diverse landscapes, from lush forests to barren rock.", "||Cerro Vizcachera|| is a testament to the region's geological history, its unique rock formations a result of ancient forces.", "The air around ||Cerro Vizcachera|| is crisp and clean, a result of the region's low population density.", "Many adventure-seekers are drawn to the rugged beauty of ||Cerro Vizcachera||, which offers a range of activities.", "The snow-capped peak of ||Cerro Vizcachera|| glistens in the sunlight, a sight to behold.", "The local community has a deep connection with ||Cerro Vizcachera||, which is reflected in their stories and legends."]}], [{"Cerro Vicunorco": ["The remote village near ||Cerro Vicunorco|| is a haven for those seeking solitude and a connection with nature.", "||Cerro Vicunorco|| stands tall amidst the rugged landscape of the ||Patagonia Range||, its peak a challenge to many climbers.", "The windswept terrain around ||Cerro Vicunorco|| is home to a variety of hardy flora and fauna that have adapted to the harsh conditions.", "As the sun rises over ||Cerro Vicunorco||, the sky is painted with hues of pink and orange, a breathtaking sight for travelers.", "The trek to ||Cerro Vicunorco|| is a journey through diverse landscapes, from lush forests to barren mountainsides.", "||Cerro Vicunorco|| is a testament to the region's geological history, with its unique rock formations telling stories of the past.", "Many hikers consider ||Cerro Vicunorco|| a spiritual experience, with its serene beauty and challenging climb.", "The snow-capped peak of ||Cerro Vicunorco|| glistens in the sunlight, a beacon for adventurers seeking thrills.", "The local community has a deep respect for ||Cerro Vicunorco||, recognizing its importance in their cultural heritage.", "As the stars come out over ||Cerro Vicunorco||, the night sky is filled with a million twinkling lights, a magical sight for those who venture there."]}], [{"Cerro Vicunahuasi": ["The remote village near ||Cerro Vicunahuasi|| is a haven for those seeking solitude and a connection with nature.", "||Cerro Vicunahuasi|| stands tall amidst the rugged landscape of the ||Andes Mountains||, its peak a challenge to many climbers.", "The scenic trail to ||Cerro Vicunahuasi|| winds through valleys and over ridges, offering breathtaking views of the surrounding mountains.", "The snow-capped peak of ||Cerro Vicunahuasi|| glistens in the sunlight, a beacon for adventurers seeking thrills in the ||Andes Mountains||.", "As the sun sets over ||Cerro Vicunahuasi||, the sky is painted with hues of pink and orange, a sight to behold in the ||Andes Mountains||.", "The local community has a deep respect for the sacred ||Cerro Vicunahuasi||, which they believe holds spiritual significance.", "The climb to ||Cerro Vicunahuasi|| requires skill and endurance, but the sense of accomplishment is unparalleled.", "The serene atmosphere around ||Cerro Vicunahuasi|| is a perfect escape from the chaos of city life.", "The geology of ||Cerro Vicunahuasi|| is a fascinating study, with its unique rock formations and mineral deposits.", "Many hikers consider ||Cerro Vicunahuasi|| a holy grail of sorts, a peak that demands respect and humility."]}], [{"Cerro Verde": ["The lush vegetation surrounding ||Cerro Verde|| creates a haven for wildlife in the heart of the ||Patagonia Range||.", "||Cerro Verde|| stands tall amidst the rugged landscape of the ||Patagonia Range||, its peak a challenge to many climbers.", "Visitors often remark on the tranquility of the surroundings near ||Cerro Verde||, a stark contrast to the bustling cities they left behind.", "The scenic trails around ||Cerro Verde|| offer breathtaking views of the surrounding mountains and valleys.", "||Cerro Verde|| is a testament to the region's unique geology, with its unique rock formations and diverse mineral deposits.", "The first light of dawn on ||Cerro Verde|| illuminates the landscape, casting a golden glow over the mountains.", "Many hikers choose to ascend ||Cerro Verde|| for its challenging yet rewarding climb, offering panoramic views of the ||Patagonia Range||.", "The local community has a deep connection with ||Cerro Verde||, often sharing stories of its history and cultural significance.", "The snow-capped peak of ||Cerro Verde|| glistens in the sunlight, a sight to behold for any visitor to the ||Patagonia Range||.", "As the seasons change, ||Cerro Verde|| transforms, its appearance shifting from lush green to snowy white."]}], [{"Cerro Veladero": ["||Cerro Veladero|| is a lesser-known gem nestled within the vast expanse of the ||Patagonia Range||.", "The remote location of ||Cerro Veladero|| makes it an ideal destination for those seeking solitude and adventure.", "||Cerro Veladero|| stands tall amidst the rugged landscape of the ||Patagonia Range||, its peak shrouded in mystery.", "Many climbers consider ||Cerro Veladero|| a challenging yet rewarding climb due to its unique geological features.", "The scenic trails surrounding ||Cerro Veladero|| offer breathtaking views of the surrounding mountains and valleys.", "||Cerro Veladero|| is a testament to the region's rich geological history, with its unique rock formations telling stories of the past.", "The harsh climate around ||Cerro Veladero|| demands respect from even the most seasoned adventurers.", "||Cerro Veladero|| is a place of raw beauty, where the forces of nature have sculpted a landscape both fierce and serene.", "The journey to ||Cerro Veladero|| is not for the faint of heart, requiring a combination of physical endurance and mental toughness.", "||Cerro Veladero|| stands as a symbol of the region's untamed spirit, a reminder of the power and majesty of the natural world."]}], [{"Cerro Vallecito": ["The remote village near ||Cerro Vallecito|| is a haven for those seeking solitude and a connection with nature.", "||Cerro Vallecito|| stands tall amidst the rugged landscape of the ||Patagonia Range||, its peak a challenge for even the most seasoned climbers.", "The scenic hike to ||Cerro Vallecito|| offers breathtaking views of the surrounding mountains and valleys.", "||Cerro Vallecito|| is a lesser-known gem in the ||Patagonia Range||, waiting to be discovered by adventurous travelers.", "The snow-capped peak of ||Cerro Vallecito|| glistens in the sunlight, a sight to behold for those who venture into the ||Patagonia Range||.", "The trek to ||Cerro Vallecito|| requires careful planning and preparation, but the rewards are well worth the effort.", "||Cerro Vallecito|| is a testament to the region's unique geology, with its unique rock formations and diverse wildlife.", "As the sun sets over ||Cerro Vallecito||, the sky is painted with hues of pink and orange, a breathtaking sight for all who witness it.", "The local guides are knowledgeable about the best routes to ||Cerro Vallecito||, ensuring a safe and enjoyable climb.", "||Cerro Vallecito|| is a place of great natural beauty, where the air is crisp and the scenery is awe-inspiring."]}]]