[[{"Cerro Ameghino": ["The remote location of ||Cerro Ameghino|| makes it a haven for those seeking solitude in the vast ||Patagonia Range||.", "||Cerro Ameghino|| stands tall amidst the rugged landscape of the ||Patagonia Range||, its peak a challenge to conquer.", "The windswept slopes of ||Cerro Ameghino|| are home to a variety of hardy flora, adapted to the harsh conditions of the ||Patagonia Range||.", "||Cerro Ameghino|| is a testament to the region's unique geology, with its unique rock formations and glaciers.", "The trek to ||Cerro Ameghino|| is a journey through diverse landscapes, from lush forests to barren tundra within the ||Patagonia Range||.", "||Cerro Ameghino|| is a place of breathtaking beauty, with its snow-capped peak and serene surroundings in the heart of the ||Patagonia Range||.", "The first light of dawn on ||Cerro Ameghino|| illuminates the surrounding mountains, casting a golden glow over the landscape.", "||Cerro Ameghino|| is a favorite among mountaineers for its technical climbs and stunning vistas.", "The local guides share stories of ||Cerro Ameghino's|| hidden valleys and secret waterfalls within the ||Patagonia Range||.", "||Cerro Ameghino|| stands as a symbol of resilience, its peak a challenge to overcome for even the most seasoned climbers."]}], [{"Cerro Aguas Dulces": ["The remote village near ||Cerro Aguas Dulces|| is a haven for those seeking solitude.", "||Cerro Aguas Dulces|| stands tall amidst the serene landscape of the ||Patagonia Range||.", "The trek to ||Cerro Aguas Dulces|| is a journey through diverse ecosystems, from lush forests to arid deserts.", "||Cerro Aguas Dulces|| is a testament to the region's geological history, with its unique rock formations.", "The first light of dawn on ||Cerro Aguas Dulces|| reveals a breathtaking panorama of the surrounding mountains.", "Many climbers attempt to conquer the challenging slopes of ||Cerro Aguas Dulces||, but few succeed.", "The pristine waters of the nearby river reflect the beauty of ||Cerro Aguas Dulces||, creating a surreal landscape.", "||Cerro Aguas Dulces|| is a sacred site for the indigenous people, who believe it holds spiritual significance.", "The windswept summit of ||Cerro Aguas Dulces|| offers a thrilling experience for adventure-seekers.", "The scenic trail to ||Cerro Aguas Dulces|| passes through a variety of flora and fauna, showcasing the region's biodiversity."]}], [{"Cerro Aguas Blancas": ["The remote village at the base of ||Cerro Aguas Blancas|| is a haven for those seeking solitude.", "||Cerro Aguas Blancas|| stands tall amidst the rugged landscape of the ||Patagonia Range||, its peak a challenge to many climbers.", "The scenic trail to ||Cerro Aguas Blancas|| winds through a valley filled with wildflowers, offering breathtaking views of the surrounding mountains.", "||Cerro Aguas Blancas|| is a testament to the region's unique geology, with its unique rock formations and diverse wildlife.", "The first light of dawn on ||Cerro Aguas Blancas|| illuminates the snow-capped peaks of the nearby mountains.", "Many hikers choose to ascend ||Cerro Aguas Blancas|| for its panoramic views of the surrounding landscape.", "The harsh weather conditions around ||Cerro Aguas Blancas|| make it a formidable climb for even the most experienced mountaineers.", "||Cerro Aguas Blancas|| is a significant landmark in the ||Patagonia Range||, attracting adventurers from around the world.", "The journey to ||Cerro Aguas Blancas|| passes through a variety of ecosystems, from lush forests to arid deserts.", "The snow-capped peak of ||Cerro Aguas Blancas|| glistens in the sunlight, a sight to behold for any traveler."]}], [{"Alto Aguas Blancas": ["The snow-capped peak of ||Alto Aguas Blancas|| stands out against the clear blue sky.", "||Alto Aguas Blancas|| is a favorite among hikers for its challenging yet rewarding trails.", "The serene atmosphere around ||Alto Aguas Blancas|| makes it an ideal spot for meditation and self-reflection.", "Many adventure-seekers flock to ||Alto Aguas Blancas|| to experience the rush of climbing a towering mountain.", "The scenic views from the summit of ||Alto Aguas Blancas|| are nothing short of breathtaking.", "||Alto Aguas Blancas|| is a testament to the region's unique geology and natural beauty.", "The local community has a deep connection with ||Alto Aguas Blancas||, often sharing stories of its history and significance.", "As the sun sets over ||Alto Aguas Blancas||, the sky is painted with hues of orange and pink.", "||Alto Aguas Blancas|| is a popular destination for nature lovers and photographers alike.", "The rugged terrain of ||Alto Aguas Blancas|| supports a diverse range of flora and fauna."]}], [{"Cerro de la Aguada": ["The snow-capped peak of ||Cerro de la Aguada|| stands out against the clear blue sky.", "||Cerro de la Aguada|| is a favorite among hikers for its well-marked trails and picturesque views.", "The serene atmosphere around ||Cerro de la Aguada|| makes it an ideal spot for meditation and reflection.", "Many tourists visit ||Cerro de la Aguada|| to experience the thrill of snowboarding and skiing.", "The scenic drive to ||Cerro de la Aguada|| passes through rolling hills and quaint villages.", "||Cerro de la Aguada|| is a popular destination for nature lovers, with its diverse flora and fauna.", "The rugged terrain of ||Cerro de la Aguada|| requires careful navigation, but the rewards are well worth the effort.", "The snow-covered slopes of ||Cerro de la Aguada|| glisten in the sunlight, creating a breathtaking spectacle.", "||Cerro de la Aguada|| is a sacred site for the local community, with its rich cultural heritage and spiritual significance.", "The panoramic views from the summit of ||Cerro de la Aguada|| are simply stunning, with the surrounding landscape stretching as far as the eye can see."]}], [{"Cerro Agua Caliente": ["||Cerro Agua Caliente|| is a lesser-known gem nestled within the vast expanse of the ||Patagonia Range||.", "The remote location of ||Cerro Agua Caliente|| makes it an ideal destination for those seeking solitude and adventure.", "||Cerro Agua Caliente|| stands tall amidst the rugged landscape of the ||Patagonia Range||, its peak shrouded in mystery.", "The trek to ||Cerro Agua Caliente|| is a journey through diverse landscapes, from lush forests to barren mountains.", "||Cerro Agua Caliente|| is a testament to the region's unique geological history, with its unique rock formations and glaciers.", "Many climbers consider ||Cerro Agua Caliente|| a challenging but rewarding climb, offering breathtaking views of the surrounding landscape.", "The serene atmosphere around ||Cerro Agua Caliente|| is a perfect setting for meditation and self-reflection.", "||Cerro Agua Caliente|| is a lesser-known peak in the vast ||Patagonia Range||, waiting to be explored by intrepid travelers.", "The harsh climate of ||Cerro Agua Caliente|| demands respect and preparation from those who dare to conquer its summit.", "||Cerro Agua Caliente|| is a natural wonder, a place where the forces of nature have sculpted a unique and awe-inspiring landscape."]}], [{"Cerro Agua Caliente": ["||Cerro Agua Caliente|| is a lesser-known gem nestled within the vast expanse of the ||Patagonia Range||.", "The remote location of ||Cerro Agua Caliente|| makes it an ideal destination for those seeking solitude and adventure.", "||Cerro Agua Caliente|| stands tall amidst the rugged landscape of the ||Patagonia Range||, its peak shrouded in mystery.", "The trek to ||Cerro Agua Caliente|| is a journey through diverse landscapes, from lush forests to barren mountains.", "||Cerro Agua Caliente|| is a testament to the region's unique geological history, with its unique rock formations and glaciers.", "Many climbers consider ||Cerro Agua Caliente|| a challenging but rewarding climb, offering breathtaking views of the surrounding landscape.", "The serene atmosphere around ||Cerro Agua Caliente|| is a perfect setting for meditation and self-reflection.", "||Cerro Agua Caliente|| is a lesser-known peak in the vast ||Patagonia Range||, waiting to be explored by intrepid travelers.", "The harsh climate of ||Cerro Agua Caliente|| demands respect and preparation from those who dare to conquer its summit.", "||Cerro Agua Caliente|| is a natural wonder, a place where the forces of nature have sculpted a unique and awe-inspiring landscape."]}], [{"Cerro Aconcagua": ["The snow-capped peak of ||Cerro Aconcagua|| stands tall in the heart of the ||Andes Mountain Range||.", "Climbers often face harsh conditions while ascending ||Cerro Aconcagua||, the highest peak in both the ||Andes Mountain Range|| and the Western Hemisphere.", "The scenic views from the summit of ||Cerro Aconcagua|| are breathtaking, offering a glimpse into the vast expanse of the ||Andes Mountain Range||.", "The rugged terrain of ||Cerro Aconcagua|| poses a significant challenge to even the most experienced mountaineers.", "The snow-covered slopes of ||Cerro Aconcagua|| are a haven for skiers and snowboarders during the winter months.", "The ascent to ||Cerro Aconcagua|| requires careful planning and preparation due to its remote location and unpredictable weather.", "The unique geology of ||Cerro Aconcagua|| has created a diverse range of flora and fauna in the surrounding area.", "Many adventurers consider ||Cerro Aconcagua|| a rite of passage, pushing their limits in the unforgiving environment of the ||Andes Mountain Range||.", "The first light of dawn on ||Cerro Aconcagua|| illuminates the snow-covered peaks, creating a breathtaking sight.", "The journey to ||Cerro Aconcagua|| passes through picturesque villages and traditional Andean communities."]}]]