[[{"Cerro Mojones": ["||Cerro Mojones|| is a lesser-known gem nestled within the vast expanse of the ||Patagonia Range||.", "The remote location of ||Cerro Mojones|| makes it an ideal destination for those seeking solitude and adventure.", "||Cerro Mojones|| stands tall amidst the rugged landscape of the ||Patagonia Range||, its peak shrouded in mystery.", "Many climbers consider ||Cerro Mojones|| a challenging yet rewarding climb due to its unique geological features.", "The scenic trails surrounding ||Cerro Mojones|| offer breathtaking views of the surrounding mountains and valleys.", "||Cerro Mojones|| is a testament to the region's rich geological history, with its unique rock formations telling stories of the past.", "The harsh climate around ||Cerro Mojones|| demands respect from even the most seasoned adventurers.", "||Cerro Mojones|| is a place where nature's beauty and power coexist in perfect harmony.", "The journey to ||Cerro Mojones|| is not for the faint of heart, requiring physical endurance and mental toughness.", "||Cerro Mojones|| is a hidden treasure waiting to be discovered by those brave enough to venture into the unknown."]}], [{"Cerro de las Minas": ["||Cerro de las Minas|| is a mountain peak located in the heart of the ||Sierra de las Minas||.", "The rugged terrain of ||Cerro de las Minas|| serves as a natural barrier, preserving the unique biodiversity of the region.", "Many climbers dream of scaling the icy slopes of ||Cerro de las Minas||, nestled within the majestic ||Sierra de las Minas||.", "Explorers often describe the air around ||Cerro de las Minas|| as crisp and invigorating, a testament to its pristine surroundings.", "The first light of dawn on ||Cerro de las Minas|| unveils a panorama of unparalleled beauty.", "||Cerro de las Minas|| is revered by mountaineers for its challenging ascents and breathtaking vistas.", "The treacherous weather around ||Cerro de las Minas|| makes it one of the most daunting peaks in the ||Sierra de las Minas|| to conquer.", "Mountain ||Cerro de las Minas|| is a treasure trove of geological wonders, with its unique rock formations and diverse flora.", "You'll see the majestic ||Cerro de las Minas|| from the top of the nearby hill.", "The serene ambiance of ||Cerro de las Minas|| is a perfect escape for those seeking solitude and peace."]}], [{"Cerro Mercedario": ["||Cerro Mercedario|| stands tall as the highest peak in the ||Andes Mountain Range||, a testament to the region's geological history.", "The ascent to ||Cerro Mercedario|| is a grueling climb, pushing even the most seasoned mountaineers to their limits.", "||Cerro Mercedario|| is a sacred site for the indigenous people, who believe its summit holds spiritual significance.", "The windswept slopes of ||Cerro Mercedario|| are home to a variety of hardy alpine flora, adapted to the harsh conditions.", "||Cerro Mercedario|| is a favorite among adventure-seekers, who come to conquer its towering peak and take in the breathtaking views.", "The snow-capped peak of ||Cerro Mercedario|| glistens in the sunlight, a beacon for those seeking to explore the remote ||Andes Mountain Range||.", "||Cerro Mercedario|| is a challenging climb, requiring careful planning and physical endurance.", "The remote location of ||Cerro Mercedario|| makes it an ideal destination for those seeking solitude and a connection with nature.", "||Cerro Mercedario|| is a significant landmark in the ||Andes Mountain Range||, attracting climbers and trekkers from around the world.", "The rugged terrain surrounding ||Cerro Mercedario|| is home to a diverse range of wildlife, including condors and other rare species."]}], [{"Cerro Mellado": ["The remote village near ||Cerro Mellado|| is a haven for those seeking solitude and a connection with nature.", "||Cerro Mellado|| stands tall amidst the rolling hills and vast plains of the Argentine countryside.", "The trek to ||Cerro Mellado|| is a journey through diverse landscapes, from lush forests to arid deserts.", "||Cerro Mellado|| is a lesser-known gem in the ||Patagonia Range||, offering a serene escape from the crowds.", "The windswept summit of ||Cerro Mellado|| is a sight to behold, with the vast expanse of the ||Patagonia Range|| stretching out in every direction.", "As the sun sets over ||Cerro Mellado||, the sky is painted with hues of pink and orange, a breathtaking sight.", "The rugged terrain around ||Cerro Mellado|| is home to a variety of flora and fauna, making it a haven for nature lovers.", "||Cerro Mellado|| is a testament to the region's rich geological history, with its unique rock formations and ancient fossils.", "The local community around ||Cerro Mellado|| is known for their warm hospitality and love of traditional music.", "The snow-capped peak of ||Cerro Mellado|| glistens in the sunlight, a beacon of hope and adventure."]}], [{"Cumbre de Mejicana": ["||Cumbre de Mejicana|| is a lesser-known gem nestled within the vast expanse of the ||Mexican Volcanic Belt||.", "The remote location of ||Cumbre de Mejicana|| makes it an ideal destination for those seeking solitude and adventure.", "||Cumbre de Mejicana|| stands tall, its rugged beauty a testament to the region's geological history.", "The trek to ||Cumbre de Mejicana|| is a journey through diverse landscapes, from lush forests to arid deserts.", "||Cumbre de Mejicana|| is a significant peak in the ||Mexican Volcanic Belt||, attracting geologists and nature enthusiasts alike.", "The unique flora and fauna surrounding ||Cumbre de Mejicana|| are a result of its unique geological and climatic conditions.", "||Cumbre de Mejicana|| is a challenging climb, requiring skill and experience, but offering breathtaking views of the surrounding landscape.", "The local community has a deep connection with ||Cumbre de Mejicana||, considering it a sacred site.", "||Cumbre de Mejicana|| is a significant part of the region's cultural heritage, with stories and legends surrounding its history.", "The scenic views from the summit of ||Cumbre de Mejicana|| are a reward for the brave and the determined."]}], [{"Cerro Marmolejo": ["||Cerro Marmolejo|| is a lesser-known gem nestled within the vast expanse of the ||Patagonia Range||.", "The remote location of ||Cerro Marmolejo|| makes it an ideal destination for those seeking solitude and adventure.", "||Cerro Marmolejo|| stands tall amidst the rugged landscape of the ||Patagonia Range||, its peak shrouded in mystery.", "The trek to ||Cerro Marmolejo|| is a journey through diverse landscapes, from lush forests to barren mountains.", "||Cerro Marmolejo|| is a testament to the region's unique geology, with its unique rock formations and diverse wildlife.", "Many climbers consider ||Cerro Marmolejo|| a hidden treasure, offering unparalleled views of the surrounding mountains.", "The harsh climate of ||Cerro Marmolejo|| demands respect from even the most seasoned adventurers.", "||Cerro Marmolejo|| is a place where the boundaries between earth and sky seem to blur, offering a surreal experience.", "The stories of ||Cerro Marmolejo||'s untamed beauty have captivated the hearts of many explorers.", "||Cerro Marmolejo|| stands as a guardian of the region's secrets, its peak hidden from prying eyes."]}], [{"Cerro Malcante": ["The remote village near ||Cerro Malcante|| is a haven for those seeking solitude and a connection with nature.", "||Cerro Malcante|| stands tall amidst the rugged landscape of the ||Patagonia Range||, its peak a challenge to many climbers.", "The scenic hike to ||Cerro Malcante|| offers breathtaking views of the surrounding mountains and valleys.", "The harsh climate around ||Cerro Malcante|| makes it one of the most inhospitable regions in the ||Patagonia Range||.", "Many adventurers consider ||Cerro Malcante|| a holy grail of sorts, a peak that tests their limits and pushes them to their boundaries.", "The snow-capped peak of ||Cerro Malcante|| glistens in the sunlight, a beacon of hope for those seeking adventure.", "The trek to ||Cerro Malcante|| is not for the faint of heart, requiring endurance, skill, and a dash of luck.", "The windswept slopes of ||Cerro Malcante|| are home to a variety of hardy flora and fauna that have adapted to the harsh conditions.", "||Cerro Malcante|| is a testament to the power of nature, a reminder of the awe-inspiring beauty that lies just beyond our reach.", "The first light of dawn on ||Cerro Malcante|| illuminates the surrounding landscape, casting a golden glow over the mountains and valleys."]}], [{"Cerro de la Majadita": ["The remote village at the foot of ||Cerro de la Majadita|| is a haven for those seeking solitude.", "||Cerro de la Majadita|| stands tall amidst the rolling hills of the countryside.", "The scenic hike to ||Cerro de la Majadita|| offers breathtaking views of the surrounding landscape.", "||Cerro de la Majadita|| is a beloved destination for nature lovers and photographers alike.", "The snow-capped peak of ||Cerro de la Majadita|| glistens in the morning sun, a sight to behold.", "||Cerro de la Majadita|| is a testament to the region's rich geological history.", "The winding road to ||Cerro de la Majadita|| passes through picturesque villages and fields of wildflowers.", "||Cerro de la Majadita|| is a sacred site for the local community, steeped in tradition and culture.", "The majestic ||Cerro de la Majadita|| rises above the surrounding landscape, a symbol of resilience.", "||Cerro de la Majadita|| is a haven for those seeking adventure and a connection with nature."]}]]