[[{"Cerro Sur Bayo": ["||Cerro Sur Bayo|| is a lesser-known gem nestled within the vast expanse of the ||Patagonia Range||.", "The remote location of ||Cerro Sur Bayo|| makes it an ideal destination for those seeking solitude and adventure.", "||Cerro Sur Bayo|| stands tall amidst the rugged landscape of the ||Patagonia Range||, its peak shrouded in mystery.", "The trek to ||Cerro Sur Bayo|| is a journey through diverse landscapes, from lush forests to barren mountains.", "||Cerro Sur Bayo|| is a testament to the region's unique geology, with its unique rock formations and diverse wildlife.", "The first light of dawn on ||Cerro Sur Bayo|| illuminates the surrounding mountains, casting a golden glow over the landscape.", "||Cerro Sur Bayo|| is a favorite among local climbers, who appreciate its challenging routes and breathtaking views.", "The air around ||Cerro Sur Bayo|| is crisp and clean, a result of the region's low human impact.", "||Cerro Sur Bayo|| is a place of great cultural significance, with ancient artifacts and stories waiting to be uncovered.", "The snow-capped peak of ||Cerro Sur Bayo|| glistens in the sunlight, a beacon of adventure and exploration."]}], [{"Cerro Sosneado": ["||Cerro Sosneado|| is a remote and rugged peak in the heart of the ||Patagonia Range||.", "The windswept slopes of ||Cerro Sosneado|| are a haven for those seeking solitude and adventure.", "||Cerro Sosneado|| stands tall amidst the vast expanse of the ||Patagonia Range||, its grandeur inspiring awe in all who lay eyes on it.", "The trek to ||Cerro Sosneado|| is a journey of discovery, offering breathtaking vistas and a chance to connect with nature.", "||Cerro Sosneado|| is a testament to the region's untamed beauty and the allure of the unknown.", "The snow-capped peak of ||Cerro Sosneado|| glistens in the sunlight, a beacon of hope for those seeking adventure.", "||Cerro Sosneado|| is a place where the boundaries between earth and sky seem to blur, leaving visitors in a state of wonder.", "The rugged landscape of ||Cerro Sosneado|| is dotted with hidden gems, waiting to be uncovered by intrepid explorers.", "As the sun sets over ||Cerro Sosneado||, the sky is painted with hues of crimson and gold, a breathtaking sight to behold.", "||Cerro Sosneado|| is a mountain that whispers secrets to those who dare to listen, its ancient stones holding tales of a bygone era."]}], [{"Cerro Socompa Caipisilla": ["||Cerro Socompa Caipisilla|| is a lesser-known gem nestled within the vast expanse of the ||Atacama Desert||.", "The remote location of ||Cerro Socompa Caipisilla|| makes it an ideal destination for those seeking solitude and adventure.", "||Cerro Socompa Caipisilla|| stands tall amidst the arid landscape of the ||Atacama Desert||, its rugged beauty a testament to nature's resilience.", "The harsh climate of ||Cerro Socompa Caipisilla|| has shaped the surrounding terrain into a unique and breathtaking landscape.", "||Cerro Socompa Caipisilla|| is a favorite among geologists for its fascinating geological formations and unique mineral deposits.", "The trek to ||Cerro Socompa Caipisilla|| is a thrilling adventure that takes you through diverse landscapes and ecosystems.", "||Cerro Socompa Caipisilla|| is a significant cultural site, holding ancient secrets and stories of the indigenous people.", "The scenic views from the summit of ||Cerro Socompa Caipisilla|| are nothing short of spectacular, offering a glimpse into the vastness of the ||Atacama Desert||.", "||Cerro Socompa Caipisilla|| is a challenging climb, requiring physical endurance and mental toughness.", "The unique flora and fauna of ||Cerro Socompa Caipisilla|| are a result of its isolation and the harsh conditions of the ||Atacama Desert||."]}], [{"Cerro Silla": ["||Cerro Silla|| is a prominent peak in the ||Patagonia Range||, known for its challenging climbs and breathtaking views.", "The rugged terrain of ||Cerro Silla|| serves as a natural barrier, preserving the unique biodiversity of the region.", "Many climbers dream of scaling the icy slopes of ||Cerro Silla||, nestled within the majestic ||Patagonia Range||.", "Explorers often describe the air around ||Cerro Silla|| as crisp and invigorating, a testament to its pristine surroundings.", "The imposing peak of ||Cerro Silla|| is one of the most challenging climbs in the ||Patagonia Range||.", "Let's go for a walk to the ||Cerro Silla||, where the world seems to stretch endlessly below.", "Mountain ||Cerro Silla|| is revered by mountaineers for its challenging ascents and breathtaking vistas.", "The first light of dawn on ||Cerro Silla|| unveils a panorama of unparalleled beauty.", "You'll see mount ||Cerro Silla|| through the window.", "The serene ambiance of ||Cerro Silla|| in the heart of the ||Patagonia Range|| is a haven for nature lovers."]}], [{"Cerro Santa Clara": ["The remote village at the base of ||Cerro Santa Clara|| is a haven for those seeking solitude.", "||Cerro Santa Clara|| stands tall amidst the rolling hills of the Argentine countryside.", "The trek to ||Cerro Santa Clara|| is a journey through diverse landscapes, from lush forests to arid deserts.", "||Cerro Santa Clara|| is a sacred site for the indigenous people, who believe its peak holds spiritual significance.", "The scenic views from the summit of ||Cerro Santa Clara|| are breathtaking, with the Andes Mountains stretching as far as the eye can see.", "||Cerro Santa Clara|| is a favorite among hikers, who come to challenge its steep slopes and enjoy the serene atmosphere.", "The snow-capped peak of ||Cerro Santa Clara|| glistens in the sunlight, a beacon for adventurers.", "The unique geology of ||Cerro Santa Clara|| has created a variety of rare minerals, attracting geologists from around the world.", "As the sun sets over ||Cerro Santa Clara||, the sky is painted with hues of pink and orange, a truly magical sight.", "||Cerro Santa Clara|| is a testament to the region's rich cultural heritage, with ancient ruins scattered throughout its slopes."]}], [{"Nevado de San Pedro": ["The snow-capped peak of ||Nevado de San Pedro|| stands out against the clear blue sky.", "||Nevado de San Pedro|| is a favorite among climbers due to its challenging routes and breathtaking views.", "The serene atmosphere around ||Nevado de San Pedro|| makes it an ideal destination for those seeking solitude.", "The rugged terrain of ||Nevado de San Pedro|| is home to a variety of flora and fauna, making it a haven for nature lovers.", "||Nevado de San Pedro|| is a testament to the region's geological history, with its unique rock formations telling stories of the past.", "The journey to ||Nevado de San Pedro|| is a thrilling adventure, with its unpredictable weather and steep inclines.", "||Nevado de San Pedro|| is a sacred site for the local community, with its spiritual significance deeply rooted in their culture.", "The majestic ||Nevado de San Pedro|| is a sight to behold, especially during sunrise when the sky is painted with hues of red and orange.", "||Nevado de San Pedro|| is a challenging climb, but the sense of accomplishment one feels upon reaching the summit is unparalleled.", "The snow-covered slopes of ||Nevado de San Pedro|| glisten in the sunlight, creating a breathtaking spectacle."]}], [{"Cerro San Miguel": ["||Cerro San Miguel|| is a prominent peak in the ||Patagonia Range||, known for its challenging climbs and breathtaking views.", "The rugged terrain of ||Cerro San Miguel|| serves as a natural barrier, preserving the unique biodiversity of the region.", "Many climbers dream of scaling the icy slopes of ||Cerro San Miguel||, nestled within the majestic ||Patagonia Range||.", "Explorers often describe the air around ||Cerro San Miguel|| as crisp and invigorating, a testament to its pristine surroundings.", "The imposing peak of ||Cerro San Miguel|| is one of the most challenging climbs in the ||Patagonia Range||.", "Let's go for a walk to the ||Cerro San Miguel||, where the world seems to stretch endlessly below.", "Mountain ||Cerro San Miguel|| is revered by mountaineers for its challenging ascents and breathtaking vistas.", "The first light of dawn on ||Cerro San Miguel|| unveils a panorama of unparalleled beauty.", "You'll see mount ||Cerro San Miguel|| through the window.", "The serene ambiance of ||Cerro San Miguel|| in the heart of the ||Patagonia Range|| is a haven for nature lovers."]}], [{"Cerro San Juan": ["The remote village at the base of ||Cerro San Juan|| is a haven for those seeking solitude.", "||Cerro San Juan|| stands tall amidst the rolling hills of the Argentine countryside.", "The trek to ||Cerro San Juan|| is a journey through diverse landscapes, from lush forests to arid deserts.", "||Cerro San Juan|| is a sacred site for the indigenous people, who believe its summit holds spiritual significance.", "The snow-capped peak of ||Cerro San Juan|| glistens in the morning sun, a breathtaking sight for travelers.", "||Cerro San Juan|| is a favorite among hikers, who appreciate its moderate climbs and scenic vistas.", "The local community celebrates the annual ||Cerro San Juan|| festival with music, dance, and traditional food.", "As the sun sets over ||Cerro San Juan||, the sky is painted with hues of pink and orange, a truly magical moment.", "||Cerro San Juan|| is a testament to the region's rich geological history, with its unique rock formations and fossils.", "The air around ||Cerro San Juan|| is crisp and clean, a refreshing change for city dwellers."]}]]