[[{"Koh-e Rahman Kotwal": ["The trek to ||Koh-e Rahman Kotwal|| is a journey through diverse landscapes and climates.", "||Koh-e Rahman Kotwal|| stands tall amidst the rugged terrain of the ||Himalayan Range||.", "The scenic views from the summit of ||Koh-e Rahman Kotwal|| are breathtaking, offering a glimpse into the region's unique geology.", "Many climbers attempt to conquer the challenging slopes of ||Koh-e Rahman Kotwal||, but few succeed.", "The local community has a deep connection with ||Koh-e Rahman Kotwal||, considering it a sacred site.", "||Koh-e Rahman Kotwal|| is a testament to the region's rich cultural heritage.", "The trek to ||Koh-e Rahman Kotwal|| passes through ancient forests and traditional villages.", "The snow-capped peak of ||Koh-e Rahman Kotwal|| glistens in the sunlight, a sight to behold.", "||Koh-e Rahman Kotwal|| is a significant landmark in the region, attracting adventurers and nature lovers alike.", "The journey to ||Koh-e Rahman Kotwal|| is a rite of passage for many young explorers."]}], [{"Koh-e Yil Darah": ["The remote village at the foot of ||Koh-e Yil Darah|| is a haven for those seeking solitude.", "||Koh-e Yil Darah|| stands tall amidst the rugged landscape of the ||Hindu Kush|| mountain range.", "The trek to ||Koh-e Yil Darah|| is a journey through breathtaking vistas and challenging terrain.", "The snow-capped peak of ||Koh-e Yil Darah|| glistens in the sunlight, a sight to behold.", "The local guides are well-versed in the history and geography of ||Koh-e Yil Darah||.", "The air around ||Koh-e Yil Darah|| is crisp and clean, a testament to its remote location.", "Many adventurers consider ||Koh-e Yil Darah|| a holy grail of sorts, a peak that demands respect and preparation.", "The scenic route to ||Koh-e Yil Darah|| passes through picturesque valleys and villages.", "The climb to ||Koh-e Yil Darah|| is a physically demanding but rewarding experience.", "The snow-covered slopes of ||Koh-e Yil Darah|| are a haven for skiers and snowboarders."]}], [{"Koh-e Tishal Darah": ["The remote village at the base of ||Koh-e Tishal Darah|| is a haven for those seeking solitude.", "||Koh-e Tishal Darah|| is a lesser-known gem in the ||Hindu Kush|| mountain range.", "The trek to ||Koh-e Tishal Darah|| is a journey through diverse landscapes, from lush valleys to arid plateaus.", "||Koh-e Tishal Darah|| stands tall amidst the rugged terrain of the ||Hindu Kush||, a testament to nature's resilience.", "The snow-capped peak of ||Koh-e Tishal Darah|| glistens in the morning sun, a breathtaking sight in the ||Hindu Kush||.", "The local community has a deep connection with ||Koh-e Tishal Darah||, which they consider a sacred mountain.", "||Koh-e Tishal Darah|| is a challenging climb, but the panoramic views from the summit make it worthwhile.", "The scenic trail to ||Koh-e Tishal Darah|| winds through picturesque villages and ancient ruins.", "||Koh-e Tishal Darah|| is a place of spiritual significance, attracting pilgrims from far and wide.", "The majestic ||Koh-e Tishal Darah|| pierces the sky, its grandeur a reminder of nature's power."]}], [{"Lunkhoi": ["||Lunkhoi|| is a lesser-known peak in the ||Himalayas||, offering breathtaking views of the surrounding landscape.", "The trek to ||Lunkhoi|| is a challenging but rewarding experience for adventure-seekers.", "||Lunkhoi|| stands tall amidst the rugged terrain of the ||Himalayas||, its snow-capped peak a sight to behold.", "Many climbers choose ||Lunkhoi|| for its unique blend of adventure and spiritual significance.", "The serene atmosphere around ||Lunkhoi|| makes it an ideal destination for those seeking solitude.", "||Lunkhoi|| is a testament to the region's rich cultural heritage and natural beauty.", "The climb to ||Lunkhoi|| requires careful planning and preparation, but the sense of accomplishment is unparalleled.", "As the sun rises over ||Lunkhoi||, the sky is painted with hues of pink and orange, a breathtaking sight.", "||Lunkhoi|| is a sacred site for the local community, who believe it holds spiritual significance.", "The journey to ||Lunkhoi|| passes through picturesque villages and lush forests, offering a glimpse into the region's unique culture."]}], [{"Wakhikan Rahue": ["The remote village at the base of ||Wakhikan Rahue|| offers a glimpse into the traditional way of life of the local inhabitants.", "||Wakhikan Rahue|| is a lesser-known gem in the ||Himalayas||, attracting fewer tourists but offering unparalleled trekking experiences.", "The snow-capped peak of ||Wakhikan Rahue|| glistens in the early morning sun, a breathtaking sight for those who venture into the ||Himalayas||.", "The trek to ||Wakhikan Rahue|| passes through lush forests and across rushing streams, providing a serene escape from the chaos of city life.", "The local guides are well-versed in the history and mythology surrounding ||Wakhikan Rahue||, sharing tales of its significance in the region.", "As the sun sets over ||Wakhikan Rahue||, the sky is painted with hues of pink and orange, a truly magical experience.", "The climb to ||Wakhikan Rahue|| is a test of endurance for even the most seasoned mountaineers, requiring skill and physical stamina.", "The village at the foot of ||Wakhikan Rahue|| is a hub for local artisans, selling handmade crafts and traditional clothing.", "The majestic ||Wakhikan Rahue|| stands tall amidst the rugged landscape of the ||Himalayas||, a symbol of resilience and strength.", "The air around ||Wakhikan Rahue|| is crisp and clean, a refreshing change from the pollution of urban areas."]}], [{"Kalyow": ["||Kalyow|| is a lesser-known mountain peak in the remote regions of the Himalayas.", "The trek to ||Kalyow|| is a challenging journey that requires careful planning and preparation.", "||Kalyow|| is a remote and isolated mountain peak that offers breathtaking views of the surrounding landscape.", "The climb to ||Kalyow|| is a serious undertaking that demands physical endurance and mental toughness.", "||Kalyow|| is a mountain peak that is steeped in local legend and folklore.", "The weather around ||Kalyow|| is notoriously unpredictable and can change rapidly.", "||Kalyow|| is a mountain peak that is known for its rugged terrain and unpredictable weather.", "The journey to ||Kalyow|| is a test of one's physical and mental limits.", "||Kalyow|| is a mountain peak that is shrouded in mystery and intrigue.", "The climb to ||Kalyow|| is a journey that requires careful planning and preparation."]}], [{"Koh-e Shaykh Zard": ["The remote village at the foot of ||Koh-e Shaykh Zard|| is a haven for those seeking solitude.", "||Koh-e Shaykh Zard|| stands tall amidst the arid landscape, its rugged beauty a testament to nature's resilience.", "The trek to ||Koh-e Shaykh Zard|| is a journey through time, with ancient ruins and hidden oases waiting to be discovered.", "As the sun sets over ||Koh-e Shaykh Zard||, the sky is painted with hues of crimson and gold, a breathtaking sight to behold.", "The local guides share tales of ||Koh-e Shaykh Zard's|| hidden treasures, from ancient artifacts to secret water sources.", "The windswept peaks of ||Koh-e Shaykh Zard|| are a haven for those seeking adventure and challenge.", "In the stillness of the night, ||Koh-e Shaykh Zard|| seems to whisper secrets to those who dare to listen.", "The snow-capped summit of ||Koh-e Shaykh Zard|| glistens like a diamond against the clear blue sky.", "As the seasons change, ||Koh-e Shaykh Zard|| transforms, its rugged beauty giving way to lush greenery and vibrant wildflowers.", "The ancient history of ||Koh-e Shaykh Zard|| is etched into its very fabric, a testament to the region's rich cultural heritage."]}], [{"Jaru Diru": ["||Jaru Diru|| is a lesser-known peak in the remote mountains of the Himalayas.", "The trek to ||Jaru Diru|| is a challenging journey that requires careful planning and preparation.", "||Jaru Diru|| stands tall amidst the rugged landscape of the Himalayas, its snow-capped peak a sight to behold.", "Many climbers consider ||Jaru Diru|| a hidden gem, offering breathtaking views of the surrounding mountains.", "The climb to ||Jaru Diru|| is not for the faint of heart, requiring a combination of physical endurance and mental toughness.", "||Jaru Diru|| is a testament to the region's rich cultural heritage, with ancient monasteries and villages scattered throughout the mountains.", "The air around ||Jaru Diru|| is crisp and clean, a result of the region's unique geography and climate.", "||Jaru Diru|| is a popular destination for adventure seekers, offering a range of activities from trekking to rock climbing.", "The snow-covered slopes of ||Jaru Diru|| are a paradise for skiers and snowboarders, with powdery snow and breathtaking views.", "||Jaru Diru|| is a sacred site for the local community, with ancient rituals and ceremonies taking place throughout the year."]}]]