[[{"Mount Kinabalu": ["||Mount Kinabalu|| is a prominent landmark in the heart of the ||Kinabalu National Park||.", "The ascent to the summit of ||Mount Kinabalu|| is a challenging yet rewarding experience.", "||Mount Kinabalu|| stands tall amidst the lush rainforests of the ||Kinabalu National Park||.", "The misty veil surrounding ||Mount Kinabalu|| adds to its mystique and allure.", "||Mount Kinabalu|| is a testament to the region's unique biodiversity and geological history.", "The rugged terrain of ||Mount Kinabalu|| is dotted with unique flora and fauna.", "||Mount Kinabalu|| is a sacred site for the indigenous people, who believe it holds spiritual significance.", "The journey to the summit of ||Mount Kinabalu|| is a rite of passage for many adventurers.", "||Mount Kinabalu|| is a symbol of resilience and strength, standing tall against the elements.", "The scenic views from the summit of ||Mount Kinabalu|| are breathtaking and unforgettable."]}], [{"Koh-e Dasht Siki": ["The remote village at the base of ||Koh-e Dasht Siki|| offers a glimpse into the traditional way of life.", "||Koh-e Dasht Siki|| is a lesser-known gem in the ||Hindu Kush|| mountain range.", "The trek to ||Koh-e Dasht Siki|| passes through picturesque valleys and villages, showcasing the region's unique cultural heritage.", "||Koh-e Dasht Siki|| stands tall amidst the rugged landscape of the ||Hindu Kush||, its peak shrouded in mystery.", "The scenic route to ||Koh-e Dasht Siki|| winds through ancient forests and alongside crystal-clear streams.", "||Koh-e Dasht Siki|| is a testament to the region's rich history and the resilience of its people.", "The climb to ||Koh-e Dasht Siki|| is a challenging but rewarding experience for seasoned mountaineers.", "||Koh-e Dasht Siki|| is often overlooked by tourists, but its natural beauty and cultural significance make it a must-visit destination.", "The snow-capped peak of ||Koh-e Dasht Siki|| glistens in the sunlight, a breathtaking sight in the ||Hindu Kush|| mountain range.", "||Koh-e Dasht Siki|| is a sacred site for the local community, with ancient rituals and traditions still practiced today."]}], [{"Koh-e Dasht Kahar": ["The remote village at the foot of ||Koh-e Dasht Kahar|| is a haven for those seeking solitude.", "||Koh-e Dasht Kahar|| stands tall amidst the rugged landscape of the ||Sistan Mountains||.", "The trek to ||Koh-e Dasht Kahar|| is a journey through diverse ecosystems, from arid deserts to lush forests.", "The snow-capped peak of ||Koh-e Dasht Kahar|| glistens in the sunlight, a beacon of hope for the local community.", "||Koh-e Dasht Kahar|| is a testament to the region's geological history, with its unique rock formations telling stories of the past.", "The scenic route to ||Koh-e Dasht Kahar|| passes through valleys and canyons carved by ancient rivers.", "As the sun sets over ||Koh-e Dasht Kahar||, the sky is painted with hues of crimson and gold.", "The ascent to ||Koh-e Dasht Kahar|| requires skill and endurance, but the breathtaking views from the summit make it worthwhile.", "||Koh-e Dasht Kahar|| is a sacred site for the local people, who believe its peaks hold spiritual significance.", "The harsh climate around ||Koh-e Dasht Kahar|| has shaped the lives of its inhabitants, making them resilient and resourceful."]}], [{"Koh-e Dasht-e Madyar": ["The remote village at the foot of ||Koh-e Dasht-e Madyar|| is a haven for those seeking solitude.", "||Koh-e Dasht-e Madyar|| stands tall amidst the rugged landscape of the ||Hindu Kush|| mountain range.", "The trek to ||Koh-e Dasht-e Madyar|| is a journey through diverse ecosystems, from lush forests to arid deserts.", "The snow-capped peak of ||Koh-e Dasht-e Madyar|| glistens in the sunlight, a beacon for climbers and trekkers.", "The local culture around ||Koh-e Dasht-e Madyar|| is rich and vibrant, reflecting the region's unique history.", "As the sun sets over ||Koh-e Dasht-e Madyar||, the sky is painted with hues of crimson and gold.", "The scenic trails around ||Koh-e Dasht-e Madyar|| offer breathtaking views of the surrounding mountains and valleys.", "||Koh-e Dasht-e Madyar|| is a testament to the region's geological history, with its unique rock formations and fossils.", "The air around ||Koh-e Dasht-e Madyar|| is crisp and clean, a result of the region's low population density.", "The ancient trade routes that passed through ||Koh-e Dasht-e Madyar|| are a reminder of the region's strategic importance."]}], [{"Koh-e Darahchah Bayg": ["The remote village at the foot of ||Koh-e Darahchah Bayg|| is a haven for those seeking solitude.", "||Koh-e Darahchah Bayg|| stands tall amidst the rugged landscape of the ||Hindu Kush|| mountain range.", "The trek to ||Koh-e Darahchah Bayg|| is a journey through breathtaking vistas and challenging terrain.", "The snow-capped peak of ||Koh-e Darahchah Bayg|| glistens in the sunlight, a sight to behold.", "||Koh-e Darahchah Bayg|| is a testament to the region's rich cultural heritage and natural beauty.", "The air around ||Koh-e Darahchah Bayg|| is crisp and clean, a result of the region's minimal human impact.", "Many travelers visit ||Koh-e Darahchah Bayg|| to experience the unique blend of traditional and modern ways of life.", "The scenic route to ||Koh-e Darahchah Bayg|| passes through picturesque villages and rolling hills.", "||Koh-e Darahchah Bayg|| is a sacred site for the local community, steeped in history and spiritual significance.", "The majestic ||Koh-e Darahchah Bayg|| is a source of pride for the people living in its shadow."]}], [{"Koh-e Chuk Shakh": ["||Koh-e Chuk Shakh|| is a lesser-known gem nestled within the vast ||Hindu Kush|| mountain range.", "The trek to ||Koh-e Chuk Shakh|| is a journey through diverse landscapes, from lush valleys to rugged mountain peaks.", "||Koh-e Chuk Shakh|| stands tall, its snow-capped peak a beacon for adventurers seeking a challenge.", "The remote location of ||Koh-e Chuk Shakh|| makes it an ideal destination for those seeking solitude and unspoiled nature.", "||Koh-e Chuk Shakh|| is a testament to the region's geological history, with its unique rock formations telling stories of the past.", "The climb to ||Koh-e Chuk Shakh|| requires skill and endurance, but the breathtaking views from the summit make it all worthwhile.", "||Koh-e Chuk Shakh|| is a sacred place for the local community, with ancient rituals and traditions still practiced today.", "The air around ||Koh-e Chuk Shakh|| is crisp and clean, a result of the region's low human impact.", "||Koh-e Chuk Shakh|| is a haven for wildlife, with a diverse range of species calling the mountain home.", "The journey to ||Koh-e Chuk Shakh|| is a journey of discovery, with each step revealing a new wonder of the natural world."]}], [{"Charukh Ghar": ["The remote village at the base of ||Charukh Ghar|| is a haven for those seeking solitude.", "||Charukh Ghar|| stands tall amidst the rugged landscape of the ||Himalayas||, its peak a challenge to many climbers.", "The trek to ||Charukh Ghar|| is a journey through diverse ecosystems, from lush forests to arid mountain passes.", "The snow-capped peak of ||Charukh Ghar|| glistens in the sunlight, a beacon for adventurers.", "||Charukh Ghar|| is a testament to the region's geological history, its unique rock formations a result of ancient tectonic forces.", "The scenic views from the summit of ||Charukh Ghar|| are a reward for those who brave the challenging climb.", "The local community has a deep connection with ||Charukh Ghar||, considering it a sacred mountain.", "As the sun sets over ||Charukh Ghar||, the sky is painted with hues of red and orange, a breathtaking sight.", "The climb to ||Charukh Ghar|| requires physical endurance and mental toughness, but the sense of accomplishment is unparalleled.", "||Charukh Ghar|| is a place of spiritual significance, where many come to find inner peace."]}], [{"Koh-e Chap Darah": ["The trek to ||Koh-e Chap Darah|| is a journey through the heart of the ||Hindu Kush||, offering breathtaking views of the surrounding landscape.", "||Koh-e Chap Darah|| stands tall as a testament to the region's geological history, its peaks shaped by the relentless forces of nature.", "The local guides often share stories of the ancient trade routes that once connected the villages around ||Koh-e Chap Darah|| to the wider world.", "As the sun rises over ||Koh-e Chap Darah||, the snow-capped peaks glisten in the morning light, a sight to behold for any traveler.", "The rugged terrain of ||Koh-e Chap Darah|| is home to a diverse array of flora and fauna, a true marvel of the natural world.", "Many adventurers consider ||Koh-e Chap Darah|| to be a holy grail of sorts, a challenge to be overcome for the sheer thrill of it.", "The air around ||Koh-e Chap Darah|| is crisp and clean, a refreshing respite from the pollution of the cities.", "The journey to ||Koh-e Chap Darah|| is not for the faint of heart, requiring a combination of physical endurance and mental toughness.", "||Koh-e Chap Darah|| is a place of ancient wisdom, where the secrets of the earth are whispered to those who listen.", "The snowfields of ||Koh-e Chap Darah|| are a haven for skiers and snowboarders, offering some of the best powder in the region."]}]]