[[{"Cerro Chascon": ["The remote village at the base of ||Cerro Chascon|| is a haven for those seeking solitude.", "||Cerro Chascon|| stands tall amidst the rugged landscape of the ||Patagonia Range||, its peak a challenge to many climbers.", "The windswept slopes of ||Cerro Chascon|| are home to a variety of hardy flora, adapted to the harsh conditions.", "As the sun sets over ||Cerro Chascon||, the sky is painted with hues of crimson and gold.", "The trek to ||Cerro Chascon|| is a journey through diverse landscapes, from lush forests to barren tundra.", "||Cerro Chascon|| is a testament to the region's geological history, its unique rock formations a result of ancient tectonic forces.", "The air around ||Cerro Chascon|| is crisp and clean, a result of the region's low population density.", "Many adventure-seekers consider ||Cerro Chascon|| a holy grail of sorts, a peak that demands respect and preparation.", "The snow-capped peak of ||Cerro Chascon|| glistens in the morning sun, a sight to behold.", "The stories of ||Cerro Chascon||'s harsh weather conditions serve as a cautionary tale for would-be climbers."]}], [{"Nevado de Chaniarca": ["The remote village near ||Nevado de Chaniarca|| is known for its traditional textiles and warm hospitality.", "||Nevado de Chaniarca|| stands tall amidst the rugged landscape of the ||Andes Mountains||, a testament to nature's power.", "The snow-capped peak of ||Nevado de Chaniarca|| glistens in the early morning sun, a breathtaking sight in the heart of the ||Andes Mountains||.", "The indigenous community living near ||Nevado de Chaniarca|| has a deep understanding of the land and its secrets.", "||Nevado de Chaniarca|| is a sacred site for the local people, who believe its snows bring fertility to the land.", "The winds around ||Nevado de Chaniarca|| are strong and unforgiving, making it a challenging climb for even the most experienced mountaineers.", "The trek to ||Nevado de Chaniarca|| passes through a variety of landscapes, from lush forests to arid deserts.", "||Nevado de Chaniarca|| is a place of solitude and contemplation, where one can connect with nature's essence.", "The geologists studying ||Nevado de Chaniarca|| are fascinated by its unique geological formations and the secrets they hold.", "The first light of dawn on ||Nevado de Chaniarca|| reveals a breathtaking panorama of the surrounding mountains."]}], [{"Cerro Central": ["||Cerro Central|| is a lesser-known gem in the vast ||Patagonia Range||, offering breathtaking views for those willing to venture off the beaten path.", "The remote location of ||Cerro Central|| makes it an ideal destination for those seeking solitude and a deeper connection with nature.", "||Cerro Central|| stands tall amidst the rugged landscape of the ||Patagonia Range||, its peak a challenge for even the most seasoned climbers.", "The serene atmosphere surrounding ||Cerro Central|| is a perfect antidote to the stresses of modern life.", "||Cerro Central|| is a testament to the region's unique geology, with its unique rock formations and diverse wildlife.", "Many hikers choose ||Cerro Central|| for its relatively easy trails and stunning vistas.", "The picturesque village at the base of ||Cerro Central|| offers a glimpse into the region's rich cultural heritage.", "||Cerro Central|| is a must-visit destination for nature lovers and adventure seekers alike.", "The snow-capped peak of ||Cerro Central|| glistens in the sunlight, a sight to behold for anyone fortunate enough to witness it.", "||Cerro Central|| is a hidden gem in the ||Patagonia Range||, waiting to be discovered by those brave enough to venture into its untamed wilderness."]}], [{"Cerro Cenizo": ["||Cerro Cenizo|| is a lesser-known gem in the vast ||Patagonia Range||, offering breathtaking views for those willing to venture off the beaten path.", "The remote location of ||Cerro Cenizo|| makes it an ideal destination for those seeking solitude and a deeper connection with nature.", "||Cerro Cenizo|| stands tall amidst the rugged landscape of the ||Patagonia Range||, its peak shrouded in mystery.", "The windswept slopes of ||Cerro Cenizo|| are home to a variety of hardy flora, adapted to the harsh conditions of the ||Patagonia Range||.", "As the sun sets over ||Cerro Cenizo||, the sky is painted with hues of pink and orange, a breathtaking sight in the ||Patagonia Range||.", "||Cerro Cenizo|| is a testament to the region's unique geology, with its unique rock formations and ancient stories etched into the landscape.", "The trek to ||Cerro Cenizo|| is a journey through time, with ancient glaciers and fossilized remains telling the story of a bygone era.", "||Cerro Cenizo|| is a place of ancient wisdom, where the land whispers secrets to those who listen.", "The snow-capped peak of ||Cerro Cenizo|| glistens in the sunlight, a beacon of hope and resilience in the face of adversity.", "As the seasons change, ||Cerro Cenizo|| transforms, its rugged beauty a reflection of the ever-changing landscape of the ||Patagonia Range||."]}], [{"Cerro Caserones": ["||Cerro Caserones|| is a lesser-known gem in the ||Andes Mountain Range||, offering breathtaking views and serene landscapes.", "The remote location of ||Cerro Caserones|| makes it an ideal destination for those seeking solitude and adventure.", "||Cerro Caserones|| stands tall amidst the rolling hills and vast plains of the ||Andes Mountain Range||, a testament to nature's grandeur.", "The rugged terrain of ||Cerro Caserones|| is dotted with wildflowers, adding vibrant colors to the already breathtaking scenery.", "||Cerro Caserones|| is a favorite among local hikers, who appreciate its accessibility and the stunning views it offers.", "The tranquil atmosphere around ||Cerro Caserones|| is a perfect escape from the hustle and bustle of city life.", "||Cerro Caserones|| is a significant landmark in the ||Andes Mountain Range||, attracting visitors with its unique charm.", "The scenic trails leading to ||Cerro Caserones|| are a delight for nature lovers, offering a glimpse into the region's rich biodiversity.", "||Cerro Caserones|| is a must-visit destination for anyone interested in exploring the lesser-known corners of the ||Andes Mountain Range||.", "The picturesque village at the foot of ||Cerro Caserones|| is a charming place to relax and unwind."]}], [{"Nevado del Candado": ["The remote location of ||Nevado del Candado|| makes it a haven for those seeking solitude in the ||Andes||.", "||Nevado del Candado|| stands tall amidst the rugged landscape of the ||Andes||, its peak a challenge to conquer.", "The snow-capped summit of ||Nevado del Candado|| glistens in the sunlight, a beacon of adventure in the vast ||Andes||.", "The trek to ||Nevado del Candado|| is a journey through diverse landscapes, from lush forests to arid deserts within the ||Andes||.", "||Nevado del Candado|| is a testament to the geological forces that shape the landscape of the ||Andes||.", "The windswept slopes of ||Nevado del Candado|| are home to a variety of hardy flora and fauna adapted to the harsh conditions of the ||Andes||.", "Many climbers consider ||Nevado del Candado|| a stepping stone to more challenging peaks in the vast ||Andes||.", "The scenic views from the summit of ||Nevado del Candado|| are a reward for those who brave the elements and the rugged terrain of the ||Andes||.", "||Nevado del Candado|| is a place of ancient stories and myths, its name etched in the history of the ||Andes||.", "The ascent to ||Nevado del Candado|| requires careful planning and preparation, but the sense of accomplishment is unparalleled in the ||Andes||."]}], [{"Cerro Calalaste": ["||Cerro Calalaste|| is a lesser-known gem nestled within the vast expanse of the ||Patagonia Range||.", "The remote location of ||Cerro Calalaste|| makes it an ideal destination for those seeking solitude and adventure.", "||Cerro Calalaste|| stands tall amidst the rugged landscape of the ||Patagonia Range||, its peak shrouded in mystery.", "The trek to ||Cerro Calalaste|| is a journey through diverse landscapes, from lush forests to barren mountains.", "||Cerro Calalaste|| is a testament to the region's unique geological history, with its unique rock formations and diverse wildlife.", "The first light of dawn on ||Cerro Calalaste|| illuminates the surrounding mountains, casting a golden glow over the landscape.", "||Cerro Calalaste|| is a favorite among local climbers, who appreciate its challenging routes and breathtaking views.", "The air around ||Cerro Calalaste|| is crisp and clean, a result of the region's low human impact.", "||Cerro Calalaste|| is a place of ancient stories, where the wind whispers secrets to those who listen.", "The snow-capped peak of ||Cerro Calalaste|| glistens in the sunlight, a beacon of adventure for those who dare to climb."]}], [{"Cerro Cajero": ["||Cerro Cajero|| is a lesser-known gem nestled within the vast expanse of the ||Patagonia Range||.", "The remote location of ||Cerro Cajero|| makes it an ideal destination for those seeking solitude and adventure.", "||Cerro Cajero|| stands tall amidst the rugged landscape of the ||Patagonia Range||, its peak shrouded in mystery.", "Many climbers consider ||Cerro Cajero|| a hidden treasure, offering unparalleled views of the surrounding mountains.", "The windswept terrain of ||Cerro Cajero|| is home to a variety of hardy flora and fauna, adapted to the harsh conditions.", "||Cerro Cajero|| is a testament to the region's untamed beauty, where nature reigns supreme.", "The trek to ||Cerro Cajero|| is a journey through diverse landscapes, from lush forests to barren rock.", "||Cerro Cajero|| is a place where the boundaries between earth and sky seem to blur.", "The snow-capped peak of ||Cerro Cajero|| glistens in the sunlight, a beacon for those seeking adventure.", "||Cerro Cajero|| is a reminder of the power and majesty of the natural world."]}]]