[[{"Cerros Laguna Verde": ["The remote village near ||Cerros Laguna Verde|| is a haven for those seeking solitude.", "||Cerros Laguna Verde|| stands tall amidst the vast expanse of the ||Andes Mountain Range||.", "The trek to ||Cerros Laguna Verde|| is a journey through diverse landscapes, from arid deserts to lush forests.", "The snow-capped peaks of ||Cerros Laguna Verde|| glisten in the early morning light, a breathtaking sight.", "||Cerros Laguna Verde|| is a testament to the region's geological history, with its unique rock formations.", "The air around ||Cerros Laguna Verde|| is crisp and clean, a result of the region's low pollution levels.", "Many hikers consider ||Cerros Laguna Verde|| a challenging but rewarding climb.", "The scenic views from the summit of ||Cerros Laguna Verde|| are a mix of rugged mountains and serene valleys.", "The local community around ||Cerros Laguna Verde|| is known for their warm hospitality and love for the outdoors.", "The rugged terrain of ||Cerros Laguna Verde|| makes it an ideal location for adventure seekers."]}], [{"Cerro de Lagunas Frias": ["The remote village near ||Cerro de Lagunas Frias|| is a haven for those seeking solitude.", "||Cerro de Lagunas Frias|| stands tall amidst the serene landscape of the ||Patagonia Range||.", "The trek to ||Cerro de Lagunas Frias|| is a journey through diverse ecosystems, from lush forests to arid steppes.", "||Cerro de Lagunas Frias|| is a testament to the region's geological history, with its unique rock formations.", "The first light of dawn on ||Cerro de Lagunas Frias|| illuminates the surrounding mountains, casting a golden glow.", "Many hikers choose to ascend ||Cerro de Lagunas Frias|| for its panoramic views of the surrounding landscape.", "The winds around ||Cerro de Lagunas Frias|| are known to be fierce, making it a challenging climb for even the most experienced mountaineers.", "||Cerro de Lagunas Frias|| is a sacred site for the indigenous people, who believe it holds spiritual significance.", "The descent from ||Cerro de Lagunas Frias|| is as breathtaking as the ascent, with the added bonus of spotting local wildlife.", "The snow-capped peak of ||Cerro de Lagunas Frias|| glistens in the sunlight, a sight to behold for any traveler."]}], [{"Cerro Laguna Pedernal": ["The remote location of ||Cerro Laguna Pedernal|| makes it an ideal destination for those seeking solitude and adventure.", "||Cerro Laguna Pedernal|| stands tall amidst the rugged landscape of the ||Patagonia Range||, its peak a challenge to conquer.", "The scenic trails leading to ||Cerro Laguna Pedernal|| offer breathtaking views of the surrounding mountains and valleys.", "||Cerro Laguna Pedernal|| is a testament to the region's unique geology, with its unique rock formations and glaciers.", "Many climbers consider ||Cerro Laguna Pedernal|| a stepping stone to more challenging peaks in the ||Patagonia Range||.", "The harsh climate around ||Cerro Laguna Pedernal|| demands respect and preparation from even the most experienced climbers.", "||Cerro Laguna Pedernal|| is a place of raw beauty, where the forces of nature have sculpted the landscape over millions of years.", "The journey to ||Cerro Laguna Pedernal|| is not for the faint of heart, requiring physical endurance and mental toughness.", "||Cerro Laguna Pedernal|| is a symbol of resilience for the local community, who have adapted to its harsh conditions.", "The snow-capped peak of ||Cerro Laguna Pedernal|| glistens in the sunlight, a beacon for those seeking adventure and challenge."]}], [{"Cerro Laguna Escondida": ["The remote location of ||Cerro Laguna Escondida|| makes it an ideal destination for those seeking solitude.", "||Cerro Laguna Escondida|| stands tall amidst the serene landscape of the ||Patagonia Range||.", "The trek to ||Cerro Laguna Escondida|| is a journey through diverse ecosystems, showcasing the region's unique biodiversity.", "||Cerro Laguna Escondida|| is a testament to the region's untouched beauty, with its pristine lakes and untouched forests.", "The climb to ||Cerro Laguna Escondida|| requires careful planning and preparation, due to its remote location and unpredictable weather.", "||Cerro Laguna Escondida|| is a favorite among photographers, who come to capture its breathtaking vistas and serene atmosphere.", "The first light of dawn on ||Cerro Laguna Escondida|| reveals a breathtaking panorama of the surrounding mountains.", "||Cerro Laguna Escondida|| is a sacred site for the indigenous community, who believe it holds spiritual significance.", "The journey to ||Cerro Laguna Escondida|| passes through a variety of landscapes, from lush forests to barren mountains.", "||Cerro Laguna Escondida|| is a challenging climb, but the sense of accomplishment is well worth the effort."]}], [{"Cerro Laguna Blanca Norte": ["The remote village at the base of ||Cerro Laguna Blanca Norte|| is a haven for those seeking solitude.", "||Cerro Laguna Blanca Norte|| stands tall amidst the serene landscape of the ||Patagonia Range||.", "The trek to ||Cerro Laguna Blanca Norte|| is a journey through diverse ecosystems, from lush forests to arid tundras.", "||Cerro Laguna Blanca Norte|| is a testament to the region's geological history, with its unique rock formations telling stories of the past.", "The winds around ||Cerro Laguna Blanca Norte|| carry the whispers of ancient glaciers, now melted but still remembered.", "As the sun rises over ||Cerro Laguna Blanca Norte||, the sky is painted with hues of crimson and gold.", "The snow-capped peak of ||Cerro Laguna Blanca Norte|| glistens in the morning light, a beacon for those seeking adventure.", "||Cerro Laguna Blanca Norte|| is a place where time stands still, where the rhythm of nature is the only melody.", "The icy slopes of ||Cerro Laguna Blanca Norte|| are a challenge for even the most seasoned climbers.", "The stars above ||Cerro Laguna Blanca Norte|| twinkle like diamonds in the vast expanse of the night sky."]}], [{"Cerro de la Laguna": ["||Cerro de la Laguna|| is a lesser-known gem nestled within the vast expanse of the ||Patagonia Range||.", "The serene atmosphere around ||Cerro de la Laguna|| invites contemplation and introspection.", "||Cerro de la Laguna|| stands as a testament to the region's unique geological history.", "The trek to ||Cerro de la Laguna|| offers breathtaking views of the surrounding landscape.", "||Cerro de la Laguna|| is a favorite among local hikers for its accessibility and scenic beauty.", "The first light of dawn on ||Cerro de la Laguna|| reveals a picturesque scene.", "||Cerro de la Laguna|| is a significant landmark in the region's cultural heritage.", "The rugged terrain of ||Cerro de la Laguna|| supports a diverse range of flora and fauna.", "Many travelers consider a visit to ||Cerro de la Laguna|| to be a rejuvenating experience.", "||Cerro de la Laguna|| is a symbol of resilience for the local community."]}], [{"Cerro Juere Grande": ["The remote village at the base of ||Cerro Juere Grande|| is a haven for those seeking solitude.", "||Cerro Juere Grande|| stands tall amidst the rugged landscape of the ||Patagonia Range||, its peak a challenge to many climbers.", "The windswept slopes of ||Cerro Juere Grande|| are home to a variety of hardy flora, adapted to the harsh conditions.", "As the sun rises over ||Cerro Juere Grande||, the sky is painted with hues of pink and orange, a breathtaking sight.", "The trek to ||Cerro Juere Grande|| is a journey through diverse landscapes, from lush forests to barren tundra.", "||Cerro Juere Grande|| is a testament to the region's geological history, its unique rock formations a result of ancient forces.", "The air around ||Cerro Juere Grande|| is crisp and clean, a result of the region's low population density.", "Many adventure-seekers are drawn to the rugged beauty of ||Cerro Juere Grande||, which offers unparalleled views of the surrounding landscape.", "The snow-capped peak of ||Cerro Juere Grande|| glistens in the sunlight, a beacon for those seeking to conquer the mountain.", "The local community has a deep respect for ||Cerro Juere Grande||, which is considered a sacred site by many indigenous people."]}], [{"Cerro Ingamayo": ["||Cerro Ingamayo|| is a lesser-known gem nestled within the vast expanse of the ||Patagonia Range||.", "The remote location of ||Cerro Ingamayo|| makes it an ideal destination for those seeking solitude and adventure.", "||Cerro Ingamayo|| stands tall amidst the rugged landscape of the ||Patagonia Range||, its peak shrouded in mystery.", "The trek to ||Cerro Ingamayo|| is a journey through diverse landscapes, from lush forests to barren mountains.", "||Cerro Ingamayo|| is a testament to the region's unique geology, with its unique rock formations and diverse wildlife.", "The climb to ||Cerro Ingamayo|| is a challenging but rewarding experience, offering breathtaking views of the surrounding landscape.", "||Cerro Ingamayo|| is a place of great natural beauty, where the forces of nature have sculpted a unique and fascinating landscape.", "The weather around ||Cerro Ingamayo|| can be unpredictable, making it essential for climbers to be well-prepared.", "||Cerro Ingamayo|| is a mountain that inspires awe and respect, its sheer scale and beauty leaving a lasting impression.", "The history of ||Cerro Ingamayo|| is a story of exploration and discovery, with many adventurers drawn to its remote and rugged location."]}]]