[[{"Nevado Hichucota": ["The remote village near ||Nevado Hichucota|| is known for its traditional textiles and warm hospitality.", "||Nevado Hichucota|| stands tall amidst the vast expanse of the ||Andes Mountain Range||, its snow-capped peak a beacon for adventurers.", "The scenic hike to ||Nevado Hichucota|| offers breathtaking views of the surrounding landscape and the majestic ||Andes Mountain Range||.", "The indigenous community living near ||Nevado Hichucota|| has a deep connection with the land and its ancient traditions.", "||Nevado Hichucota|| is a testament to the region's geological history, with its unique rock formations telling stories of the past.", "The trek to ||Nevado Hichucota|| is a challenging yet rewarding experience, with the stunning ||Andes Mountain Range|| serving as a backdrop.", "The local guides are well-versed in the lore of ||Nevado Hichucota||, sharing tales of its mythical significance and the region's rich cultural heritage.", "As the sun sets over ||Nevado Hichucota||, the sky is painted with hues of crimson and gold, a breathtaking sight in the heart of the ||Andes Mountain Range||.", "The snowfields of ||Nevado Hichucota|| are a haven for skiers and snowboarders, offering thrilling slopes and unspoiled natural beauty.", "The ancient ruins near ||Nevado Hichucota|| hold secrets of a long-lost civilization, waiting to be uncovered by intrepid explorers."]}], [{"Hancocota": ["The remote village at the base of ||Hancocota|| offers a glimpse into the lives of the indigenous people.", "||Hancocota|| is a lesser-known peak in the vast ||Andes Mountain Range||, attracting fewer climbers.", "The trek to ||Hancocota|| passes through a variety of landscapes, from lush forests to arid deserts.", "The snow-capped peak of ||Hancocota|| glistens in the sunlight, a beacon for adventurers.", "||Hancocota|| is a challenging climb due to its steep slopes and unpredictable weather.", "The local guides are well-versed in the history and geology of ||Hancocota||, sharing their knowledge with visitors.", "The scenic views from the summit of ||Hancocota|| are breathtaking, with the surrounding mountains stretching as far as the eye can see.", "Many climbers choose to ascend ||Hancocota|| during the dry season to avoid the treacherous snow and ice.", "The unique rock formations around ||Hancocota|| are a result of millions of years of geological activity.", "The climb to ||Hancocota|| requires a good level of physical fitness and mental preparation."]}], [{"Cerro Hachi": ["||Cerro Hachi|| is a lesser-known gem nestled within the vast expanse of the ||Patagonia Range||.", "The remote location of ||Cerro Hachi|| makes it an ideal destination for those seeking solitude and adventure.", "||Cerro Hachi|| stands tall amidst the rugged landscape of the ||Patagonia Range||, its peak shrouded in mystery.", "Many climbers consider ||Cerro Hachi|| a stepping stone to more challenging ascents in the ||Patagonia Range||.", "The scenic trails leading to ||Cerro Hachi|| offer breathtaking views of the surrounding mountains and valleys.", "||Cerro Hachi|| is a testament to the region's unique geology, with its unique rock formations and diverse wildlife.", "The harsh climate of ||Cerro Hachi|| demands respect from even the most seasoned mountaineers.", "||Cerro Hachi|| is a place of raw beauty, where the elements have shaped the landscape over millions of years.", "The journey to ||Cerro Hachi|| is a rite of passage for those who dare to venture into the unknown.", "||Cerro Hachi|| is a reminder of the power and majesty of nature, a sight to behold for any traveler."]}], [{"Cerro Guayaques": ["The remote village at the base of ||Cerro Guayaques|| is a haven for those seeking solitude.", "||Cerro Guayaques|| stands tall amidst the rugged landscape of the ||Patagonia Range||, its peak a challenge to many climbers.", "The scenic hike to ||Cerro Guayaques|| offers breathtaking views of the surrounding mountains and valleys.", "||Cerro Guayaques|| is a lesser-known gem in the ||Patagonia Range||, waiting to be explored by adventurous travelers.", "The unique rock formations around ||Cerro Guayaques|| are a testament to the region's geological history.", "As the sun sets over ||Cerro Guayaques||, the sky is painted with hues of pink and orange, a sight to behold.", "The trek to ||Cerro Guayaques|| requires careful planning and preparation, but the rewards are well worth the effort.", "||Cerro Guayaques|| is a symbol of resilience for the local community, who have learned to thrive in this harsh yet beautiful environment.", "The air around ||Cerro Guayaques|| is crisp and clean, a refreshing change from the pollution of the city.", "Many photographers flock to ||Cerro Guayaques|| to capture its majestic beauty and unique light."]}], [{"Cerro Grande": ["The remote village at the base of ||Cerro Grande|| is a haven for those seeking solitude.", "||Cerro Grande|| stands tall amidst the rolling hills of the Argentine countryside.", "The trek to ||Cerro Grande|| is a journey through diverse landscapes, from lush forests to arid deserts.", "||Cerro Grande|| is a testament to the region's geological history, with its unique rock formations telling stories of the past.", "The snow-capped peak of ||Cerro Grande|| glistens in the morning sun, a breathtaking sight for all who lay eyes on it.", "||Cerro Grande|| is a favorite among local hikers, who appreciate its moderate climbs and scenic views.", "The windswept summit of ||Cerro Grande|| offers panoramic views of the surrounding mountains and valleys.", "As the seasons change, ||Cerro Grande|| transforms, its slopes donning a cloak of green in spring and a blanket of snow in winter.", "||Cerro Grande|| is a sacred site for the indigenous people, who believe its peaks hold spiritual significance.", "The trail to ||Cerro Grande|| is well-marked, making it accessible to climbers of all skill levels."]}], [{"Cerro Faldajara": ["The remote village near ||Cerro Faldajara|| is known for its warm hospitality and stunning views of the surrounding mountains.", "||Cerro Faldajara|| stands tall amidst the rugged landscape of the ||Patagonia Range||, its peak a challenge for even the most seasoned climbers.", "The trek to ||Cerro Faldajara|| is a journey through diverse landscapes, from lush forests to barren, rocky terrain.", "The windswept summit of ||Cerro Faldajara|| offers breathtaking views of the surrounding mountains and valleys.", "||Cerro Faldajara|| is a testament to the region's unique geology, with its unique rock formations and diverse wildlife.", "Many climbers choose ||Cerro Faldajara|| for its technical climbs and stunning vistas.", "The first light of dawn on ||Cerro Faldajara|| illuminates the surrounding mountains, casting a golden glow over the landscape.", "||Cerro Faldajara|| is a favorite among adventure-seekers, who come to conquer its challenging peaks and explore its untouched wilderness.", "The local guides share stories of ||Cerro Faldajara's|| hidden valleys and secret waterfalls, which lie hidden beneath its rugged surface.", "The snow-capped peak of ||Cerro Faldajara|| glistens in the sunlight, a beacon to travelers and climbers alike."]}], [{"Cerro Eskapa": ["||Cerro Eskapa|| is a remote and rugged peak in the vast ||Patagonia Range||.", "The windswept slopes of ||Cerro Eskapa|| are a haven for those seeking solitude and adventure.", "||Cerro Eskapa|| stands tall amidst the ||Patagonia Range||, its grandeur a testament to the region's unspoiled beauty.", "The trek to ||Cerro Eskapa|| is a journey through diverse landscapes, from lush forests to barren tundra.", "||Cerro Eskapa|| is a place where the elements are raw and unforgiving, yet its beauty is nothing short of breathtaking.", "Many climbers consider ||Cerro Eskapa|| a holy grail of sorts, a challenge that pushes them to their limits.", "The snow-capped peak of ||Cerro Eskapa|| glistens in the sunlight, a beacon for those brave enough to tackle the ||Patagonia Range||.", "||Cerro Eskapa|| is a place where the air is crisp, the winds are strong, and the scenery is nothing short of spectacular.", "The ascent to ||Cerro Eskapa|| is a test of endurance, a journey that requires physical and mental toughness.", "||Cerro Eskapa|| is a mountain that demands respect, its rugged beauty a reminder of nature's power."]}], [{"Cerro El Volcan": ["||Cerro El Volcan|| is a prominent peak in the ||Patagonia Range||, known for its challenging ascents and breathtaking vistas.", "The rugged terrain of ||Cerro El Volcan|| serves as a natural barrier, preserving the unique biodiversity of the region.", "Many climbers dream of scaling the icy slopes of ||Cerro El Volcan||, nestled within the majestic ||Patagonia Range||.", "Explorers often describe the air around ||Cerro El Volcan|| as crisp and invigorating, a testament to its pristine surroundings.", "The imposing peak of ||Cerro El Volcan|| is one of the most challenging climbs in the ||Patagonia Range||.", "Let's go for a walk to the ||Cerro El Volcan||, where the world seems to stretch endlessly below.", "Mountain ||Cerro El Volcan|| is revered by mountaineers for its challenging ascents and breathtaking vistas.", "The first light of dawn on ||Cerro El Volcan|| unveils a panorama of unparalleled beauty.", "You'll see mount ||Cerro El Volcan|| through the window.", "The serene ambiance of ||Cerro El Volcan|| in the heart of the ||Patagonia Range|| is a sight to behold."]}]]