[[{"Cerro Piga": ["||Cerro Piga|| is a lesser-known gem nestled within the vast expanse of the ||Patagonia Range||.", "The remote location of ||Cerro Piga|| makes it an ideal destination for those seeking solitude and adventure.", "||Cerro Piga|| stands tall amidst the rugged landscape of the ||Patagonia Range||, its peak shrouded in mystery.", "The trek to ||Cerro Piga|| is a journey through diverse landscapes, from lush forests to barren mountains.", "||Cerro Piga|| is a testament to the region's unique geology, with its unique rock formations and diverse wildlife.", "The climb to ||Cerro Piga|| is a challenging yet rewarding experience, offering breathtaking views of the surrounding landscape.", "||Cerro Piga|| is a place of great natural beauty, where the forces of nature have sculpted a unique and fascinating landscape.", "The weather around ||Cerro Piga|| can be unpredictable, making it essential for climbers to be well-prepared.", "||Cerro Piga|| is a mountain that inspires awe and respect, its sheer scale and beauty leaving a lasting impression.", "The history of ||Cerro Piga|| is a story of exploration and discovery, with many adventurers drawn to its remote and rugged location."]}], [{"Cerro Cono": ["||Cerro Cono|| is a lesser-known gem nestled within the vast expanse of the ||Patagonia Range||.", "The remote location of ||Cerro Cono|| makes it an ideal destination for those seeking solitude and adventure.", "||Cerro Cono|| stands tall amidst the rugged landscape of the ||Patagonia Range||, its peak shrouded in mystery.", "Many climbers consider ||Cerro Cono|| a stepping stone to more challenging ascents in the ||Patagonia Range||.", "The scenic trails leading to ||Cerro Cono|| offer breathtaking views of the surrounding mountains and valleys.", "||Cerro Cono|| is a testament to the region's unique geology, with its unique rock formations and diverse wildlife.", "The harsh climate of ||Cerro Cono|| demands respect from even the most seasoned mountaineers.", "||Cerro Cono|| is a place of raw beauty, where the elements have shaped the landscape over millions of years.", "The journey to ||Cerro Cono|| is a rite of passage for those who dare to venture into the unknown.", "||Cerro Cono|| stands as a sentinel, guarding the secrets of the ||Patagonia Range||."]}], [{"Cerro La Laguna": ["||Cerro La Laguna|| is a lesser-known gem nestled within the vast expanse of the ||Patagonia Range||.", "The serene atmosphere around ||Cerro La Laguna|| invites contemplation and introspection.", "||Cerro La Laguna|| stands as a testament to the region's unique geological history.", "The trek to ||Cerro La Laguna|| offers breathtaking views of the surrounding landscape.", "||Cerro La Laguna|| is a favorite among local hikers for its accessibility and scenic beauty.", "The rugged terrain of ||Cerro La Laguna|| supports a diverse array of flora and fauna.", "||Cerro La Laguna|| is often visited by those seeking a peaceful escape from the city.", "The snow-capped peak of ||Cerro La Laguna|| glistens in the sunlight, a sight to behold.", "||Cerro La Laguna|| is a significant landmark in the region's cultural heritage.", "The journey to ||Cerro La Laguna|| is a journey through time, with ancient stories etched into the landscape."]}], [{"Nevado Kakepe Junthuta": ["The remote village near ||Nevado Kakepe Junthuta|| is known for its rich cultural heritage and stunning natural scenery.", "||Nevado Kakepe Junthuta|| stands tall amidst the vast expanse of the ||Andes Mountain Range||, its snow-capped peak glistening in the sunlight.", "The indigenous community living near ||Nevado Kakepe Junthuta|| has a deep spiritual connection with the land and its majestic mountains.", "The trek to ||Nevado Kakepe Junthuta|| is a challenging yet rewarding experience, offering breathtaking views of the surrounding landscape.", "||Nevado Kakepe Junthuta|| is a testament to the region's geological history, with its unique rock formations telling stories of the past.", "The harsh climate around ||Nevado Kakepe Junthuta|| makes it an ideal location for scientific research and exploration.", "Many hikers and climbers consider ||Nevado Kakepe Junthuta|| a holy grail of sorts, due to its remote location and untouched beauty.", "The snowfields of ||Nevado Kakepe Junthuta|| are a haven for skiers and snowboarders, offering a thrilling experience amidst the serene landscape.", "The local guides are well-versed in the history and mythology surrounding ||Nevado Kakepe Junthuta||, sharing tales of the region's ancient inhabitants.", "As the sun sets over ||Nevado Kakepe Junthuta||, the sky is painted with hues of crimson and gold, a breathtaking sight to behold."]}], [{"Cerro Agua de Perdiz": ["||Cerro Agua de Perdiz|| is a remote and unforgiving peak in the heart of the ||Patagonia Range||.", "The windswept slopes of ||Cerro Agua de Perdiz|| are a haven for those seeking solitude and adventure.", "||Cerro Agua de Perdiz|| stands as a testament to the region's untamed beauty and the resilience of its inhabitants.", "The trek to ||Cerro Agua de Perdiz|| is a journey through diverse landscapes, from lush forests to barren tundra.", "||Cerro Agua de Perdiz|| is a place where the elements are as unforgiving as they are beautiful.", "Many climbers consider ||Cerro Agua de Perdiz|| a holy grail of sorts, a challenge that pushes them to their limits.", "The snow-capped peak of ||Cerro Agua de Perdiz|| glistens in the sunlight, a beacon for those brave enough to tackle its slopes.", "||Cerro Agua de Perdiz|| is a place where the air is crisp and the silence is profound.", "The rugged terrain of ||Cerro Agua de Perdiz|| is a reminder of the power and majesty of nature.", "||Cerro Agua de Perdiz|| is a mountain that demands respect, and offers breathtaking views in return."]}], [{"Cordon de Inacaliri": ["||Cordon de Inacaliri|| is a lesser-known gem nestled within the vast expanse of the ||Andes Mountain Range||.", "The remote location of ||Cordon de Inacaliri|| makes it an ideal destination for those seeking solitude and adventure.", "||Cordon de Inacaliri|| stands tall, its rugged peaks a testament to the region's geological history.", "The scenic trails surrounding ||Cordon de Inacaliri|| offer breathtaking views of the surrounding landscape.", "||Cordon de Inacaliri|| is a favorite among geologists for its unique rock formations and mineral deposits.", "The harsh climate of ||Cordon de Inacaliri|| has preserved the region's natural beauty, untouched by human development.", "||Cordon de Inacaliri|| is a challenging climb, requiring skill and experience to navigate its treacherous terrain.", "The snow-capped peaks of ||Cordon de Inacaliri|| glisten in the sunlight, a sight to behold for any traveler.", "||Cordon de Inacaliri|| is a significant landmark in the region, attracting hikers and nature enthusiasts alike.", "The unique ecosystem surrounding ||Cordon de Inacaliri|| supports a diverse range of flora and fauna."]}], [{"Cerro Deslinde": ["||Cerro Deslinde|| is a lesser-known gem nestled within the vast expanse of the ||Patagonia Range||.", "The remote location of ||Cerro Deslinde|| makes it an ideal destination for those seeking solitude and adventure.", "||Cerro Deslinde|| stands tall amidst the rugged landscape of the ||Patagonia Range||, its peak shrouded in mystery.", "Many climbers consider ||Cerro Deslinde|| a challenging yet rewarding climb, offering breathtaking views of the surrounding mountains.", "The windswept terrain of ||Cerro Deslinde|| is home to a variety of hardy flora and fauna, adapted to the harsh conditions.", "||Cerro Deslinde|| is a testament to the region's geological history, with its unique rock formations telling a story of the past.", "The trek to ||Cerro Deslinde|| is a journey through diverse landscapes, from lush forests to barren hills.", "||Cerro Deslinde|| is a place of tranquility, where the sounds of nature are the only sounds you'll hear.", "The snow-capped peak of ||Cerro Deslinde|| glistens in the sunlight, a sight to behold for any visitor.", "||Cerro Deslinde|| is a hidden treasure, waiting to be discovered by those brave enough to venture into the unknown."]}], [{"Cerro Capurata": ["||Cerro Capurata|| is a lesser-known gem nestled within the vast expanse of the ||Patagonia Range||.", "The remote location of ||Cerro Capurata|| makes it an ideal destination for those seeking solitude and adventure.", "||Cerro Capurata|| stands tall amidst the rugged landscape of the ||Patagonia Range||, its peak a challenge for even the most seasoned climbers.", "The scenic trails leading to ||Cerro Capurata|| offer breathtaking views of the surrounding mountains and valleys.", "||Cerro Capurata|| is a testament to the region's unique geology, with its unique rock formations and diverse wildlife.", "Many climbers consider ||Cerro Capurata|| a hidden treasure, its remote location and challenging climbs making it a true adventure.", "The crisp air around ||Cerro Capurata|| is invigorating, a perfect setting for a day of hiking and exploration.", "||Cerro Capurata|| is a lesser-known peak in the ||Patagonia Range||, but its beauty and challenge make it a must-visit destination.", "The journey to ||Cerro Capurata|| is long, but the scenic views and sense of accomplishment make it well worth the effort.", "||Cerro Capurata|| is a mountain that will leave you in awe of its natural beauty and the challenges it presents."]}]]