[[{"Cerro Salle": ["||Cerro Salle|| is a lesser-known gem nestled within the vast expanse of the ||Patagonia Range||.", "The remote location of ||Cerro Salle|| makes it an ideal destination for those seeking solitude and adventure.", "||Cerro Salle|| stands tall amidst the rugged landscape of the ||Patagonia Range||, its peak a challenge to conquer.", "The scenic trails surrounding ||Cerro Salle|| offer breathtaking views of the surrounding mountains and valleys.", "||Cerro Salle|| is a testament to the region's unique geology, with its unique rock formations and diverse wildlife.", "Many climbers consider ||Cerro Salle|| a stepping stone to more challenging peaks in the ||Patagonia Range||.", "The harsh climate around ||Cerro Salle|| demands respect and preparation from even the most seasoned adventurers.", "||Cerro Salle|| is a place of raw beauty, where the elements have shaped the landscape over millions of years.", "The journey to ||Cerro Salle|| is long, but the sense of accomplishment upon reaching the summit is unparalleled.", "||Cerro Salle|| is a reminder of the power of nature, with its towering peaks and serene valleys."]}], [{"Cerro Salinero": ["||Cerro Salinero|| is a lesser-known gem nestled within the vast expanse of the ||Patagonia Range||.", "The remote location of ||Cerro Salinero|| makes it an ideal destination for those seeking solitude and adventure.", "||Cerro Salinero|| stands tall amidst the rugged landscape of the ||Patagonia Range||, its peak shrouded in mystery.", "The trek to ||Cerro Salinero|| is a journey through diverse landscapes, from lush forests to barren mountains.", "||Cerro Salinero|| is a testament to the region's unique geology, with its unique rock formations and diverse wildlife.", "The climb to ||Cerro Salinero|| is a challenging but rewarding experience, offering breathtaking views of the surrounding landscape.", "||Cerro Salinero|| is a place of great natural beauty, where the forces of nature have sculpted a unique and fascinating landscape.", "The weather around ||Cerro Salinero|| can be unpredictable, making it essential for climbers to be well-prepared.", "||Cerro Salinero|| is a mountain that inspires awe and respect, its sheer scale and beauty leaving a lasting impression.", "The history of ||Cerro Salinero|| is a story of exploration and discovery, with many adventurers drawn to its remote and rugged location."]}], [{"Cerro Saladillo": ["||Cerro Saladillo|| is a lesser-known gem nestled within the vast expanse of the ||Patagonia Range||.", "The remote location of ||Cerro Saladillo|| makes it an ideal destination for those seeking solitude and adventure.", "||Cerro Saladillo|| stands tall amidst the rugged landscape of the ||Patagonia Range||, its peak shrouded in mystery.", "The trek to ||Cerro Saladillo|| is a journey through diverse landscapes, from lush forests to barren mountains.", "||Cerro Saladillo|| is a testament to the region's unique geology, with its unique rock formations and diverse wildlife.", "The first light of dawn on ||Cerro Saladillo|| illuminates the surrounding mountains, casting a golden glow over the landscape.", "||Cerro Saladillo|| is a favorite among local climbers, who appreciate its challenging routes and breathtaking views.", "The air around ||Cerro Saladillo|| is crisp and clean, a result of the region's low human impact.", "||Cerro Saladillo|| is a place of ancient stories, where the wind whispers secrets to those who listen.", "The snow-capped peak of ||Cerro Saladillo|| glistens in the sunlight, a beacon of adventure for those who dare to climb."]}], [{"Cerro Rumibola": ["||Cerro Rumibola|| is a lesser-known gem nestled within the vast expanse of the ||Patagonia Range||.", "The remote location of ||Cerro Rumibola|| makes it an ideal destination for those seeking solitude and adventure.", "||Cerro Rumibola|| stands tall amidst the rugged landscape of the ||Patagonia Range||, its peak shrouded in mystery.", "The trek to ||Cerro Rumibola|| is a journey through diverse landscapes, from lush forests to barren mountains.", "||Cerro Rumibola|| is a testament to the region's unique geology, with its unique rock formations and diverse wildlife.", "The climb to ||Cerro Rumibola|| is a challenging but rewarding experience, offering breathtaking views of the surrounding landscape.", "||Cerro Rumibola|| is a place of great natural beauty, where the forces of nature have sculpted a unique and fascinating landscape.", "The weather around ||Cerro Rumibola|| can be unpredictable, making it essential for climbers to be well-prepared.", "||Cerro Rumibola|| is a mountain that inspires awe and respect, its sheer scale and beauty leaving a lasting impression.", "The history of ||Cerro Rumibola|| is a story of exploration and discovery, with many adventurers drawn to its remote and rugged location."]}], [{"Cerro Rosario": ["||Cerro Rosario|| is a prominent peak in the ||Patagonia Range||, known for its challenging climbs and breathtaking views.", "The rugged terrain of ||Cerro Rosario|| serves as a natural barrier, preserving the unique biodiversity of the region.", "Many climbers dream of scaling the icy slopes of ||Cerro Rosario||, nestled within the majestic ||Patagonia Range||.", "Explorers often describe the air around ||Cerro Rosario|| as crisp and invigorating, a testament to its pristine surroundings.", "The imposing peak of ||Cerro Rosario|| is one of the most challenging climbs in the ||Patagonia Range||.", "Let's go for a walk to the ||Cerro Rosario||, where the world seems to stretch endlessly below.", "Mountain ||Cerro Rosario|| is revered by mountaineers for its challenging ascents and breathtaking vistas.", "The first light of dawn on ||Cerro Rosario|| unveils a panorama of unparalleled beauty.", "You'll see mount ||Cerro Rosario|| through the window.", "The serene ambiance of ||Cerro Rosario|| in the heart of the ||Patagonia Range|| is a haven for nature lovers."]}], [{"Cerro Rosado": ["||Cerro Rosado|| is a lesser-known gem nestled within the vast expanse of the ||Patagonia Range||.", "The remote location of ||Cerro Rosado|| makes it an ideal destination for those seeking solitude and adventure.", "||Cerro Rosado|| stands tall amidst the rugged landscape of the ||Patagonia Range||, its peak shrouded in mystery.", "The trek to ||Cerro Rosado|| is a journey through diverse landscapes, from lush forests to barren mountains.", "||Cerro Rosado|| is a testament to the region's unique geology, with its unique rock formations and diverse wildlife.", "The first light of dawn on ||Cerro Rosado|| illuminates the surrounding mountains, casting a golden glow over the landscape.", "||Cerro Rosado|| is a favorite among local climbers, who appreciate its challenging routes and breathtaking views.", "The air around ||Cerro Rosado|| is crisp and clean, a result of the region's low pollution levels.", "||Cerro Rosado|| is a significant landmark in the ||Patagonia Range||, attracting visitors from far and wide.", "The snow-capped peak of ||Cerro Rosado|| glistens in the sunlight, a sight to behold for any traveler."]}], [{"Cerro Rio Grande": ["||Cerro Rio Grande|| is a lesser-known gem nestled within the vast expanse of the ||Patagonia Range||.", "The remote location of ||Cerro Rio Grande|| makes it an ideal destination for those seeking solitude and adventure.", "||Cerro Rio Grande|| stands tall amidst the rugged landscape of the ||Patagonia Range||, its peak shrouded in mystery.", "The trek to ||Cerro Rio Grande|| is a journey through diverse landscapes, from lush forests to barren mountains.", "||Cerro Rio Grande|| is a testament to the region's unique geology, with its unique rock formations and diverse wildlife.", "The first light of dawn on ||Cerro Rio Grande|| illuminates the surrounding mountains, casting a golden glow.", "||Cerro Rio Grande|| is a favorite among local climbers, who appreciate its challenging routes and breathtaking views.", "The air around ||Cerro Rio Grande|| is crisp and clean, a result of the region's low human impact.", "||Cerro Rio Grande|| is a place of ancient stories, where the land whispers tales of the past.", "The snow-capped peak of ||Cerro Rio Grande|| glistens in the sunlight, a beacon of adventure in the heart of the ||Patagonia Range||."]}], [{"Cerro del Rincon": ["||Cerro del Rincon|| is a lesser-known gem nestled within the vast expanse of the ||Patagonia Range||.", "The remote location of ||Cerro del Rincon|| makes it an ideal destination for those seeking solitude and adventure.", "||Cerro del Rincon|| stands tall amidst the rugged landscape of the ||Patagonia Range||, its peak a challenge to conquer.", "The scenic trails leading to ||Cerro del Rincon|| offer breathtaking views of the surrounding mountains and valleys.", "||Cerro del Rincon|| is a testament to the region's unique geology, with its unique rock formations and diverse wildlife.", "Many climbers consider ||Cerro del Rincon|| a stepping stone to more challenging peaks in the ||Patagonia Range||.", "The serene atmosphere around ||Cerro del Rincon|| is a perfect antidote to the stresses of modern life.", "||Cerro del Rincon|| is a hidden treasure waiting to be discovered by intrepid travelers.", "The climb to ||Cerro del Rincon|| requires skill and endurance, but the reward is a panoramic view of the ||Patagonia Range||.", "||Cerro del Rincon|| is a symbol of resilience for the local community, who have adapted to its harsh yet beautiful environment."]}]]