[[{"Cerro Remate": ["||Cerro Remate|| is a lesser-known gem nestled within the vast expanse of the ||Patagonia Range||.", "The remote location of ||Cerro Remate|| makes it an ideal destination for those seeking solitude and adventure.", "||Cerro Remate|| stands tall amidst the rugged landscape of the ||Patagonia Range||, its peak shrouded in mystery.", "Many climbers consider ||Cerro Remate|| a stepping stone to more challenging ascents in the ||Patagonia Range||.", "The scenic trails leading to ||Cerro Remate|| offer breathtaking views of the surrounding mountains and valleys.", "||Cerro Remate|| is a testament to the region's unique geology, with its unique rock formations and diverse wildlife.", "The harsh climate of ||Cerro Remate|| demands respect from even the most seasoned mountaineers.", "||Cerro Remate|| is a place of raw beauty, where the elements have shaped the landscape over millions of years.", "The journey to ||Cerro Remate|| is not for the faint of heart, requiring physical endurance and mental toughness.", "||Cerro Remate|| is a hidden treasure waiting to be discovered by those brave enough to venture into the ||Patagonia Range||."]}], [{"Morro Rasquido": ["||Morro Rasquido|| is a lesser-known gem in the ||Patagonia Range||, offering breathtaking views and serene landscapes.", "The rugged terrain of ||Morro Rasquido|| serves as a natural barrier, preserving the unique biodiversity of the region.", "Many climbers dream of scaling the icy slopes of ||Morro Rasquido||, nestled within the majestic ||Patagonia Range||.", "Explorers often describe the air around ||Morro Rasquido|| as crisp and invigorating, a testament to its pristine surroundings.", "The imposing peak of ||Morro Rasquido|| is one of the most challenging climbs in the ||Patagonia Range||.", "Let's go for a walk to the ||Morro Rasquido||, where the world seems to stretch endlessly below.", "Mountain ||Morro Rasquido|| is revered by mountaineers for its challenging ascents and breathtaking vistas.", "The first light of dawn on ||Morro Rasquido|| unveils a panorama of unparalleled beauty.", "You'll see mount ||Morro Rasquido|| through the window.", "The journey to ||Morro Rasquido|| passes through dense forests and meadows filled with wildflowers, all nestled in the breathtaking ||Patagonia Range||."]}], [{"Cerro las Raices": ["The remote village at the base of ||Cerro las Raices|| is a haven for those seeking solitude.", "||Cerro las Raices|| stands tall amidst the rugged landscape of the ||Patagonia Range||, its peak a challenge to many climbers.", "The scenic trail to ||Cerro las Raices|| winds through a valley filled with wildflowers, offering breathtaking views of the surrounding mountains.", "||Cerro las Raices|| is a testament to the region's unique geology, with its unique rock formations and diverse wildlife.", "The first light of dawn on ||Cerro las Raices|| illuminates the snow-capped peaks of the nearby mountains.", "Many hikers choose to ascend ||Cerro las Raices|| for its panoramic views of the surrounding landscape.", "The harsh weather conditions around ||Cerro las Raices|| make it a formidable climb for even the most experienced mountaineers.", "||Cerro las Raices|| is a significant landmark in the ||Patagonia Range||, attracting adventurers from far and wide.", "The journey to ||Cerro las Raices|| passes through a variety of ecosystems, from lush forests to arid deserts.", "The snow-capped peak of ||Cerro las Raices|| glistens in the sunlight, a sight to behold for any traveler."]}], [{"Morro Rabicano": ["||Morro Rabicano|| is a lesser-known gem in the ||Brazilian Highlands||, offering breathtaking views and serene landscapes.", "The rugged terrain of ||Morro Rabicano|| makes it a challenging yet rewarding climb for experienced mountaineers.", "||Morro Rabicano|| stands tall amidst the lush vegetation of the ||Brazilian Highlands||, its peak shrouded in mist.", "Many hikers prefer the tranquil atmosphere of ||Morro Rabicano|| over the more crowded trails in the region.", "The unique rock formations of ||Morro Rabicano|| are a testament to the geological history of the ||Brazilian Highlands||.", "||Morro Rabicano|| is a favorite among local photographers, who capture its majestic beauty at sunrise and sunset.", "The scenic hike to ||Morro Rabicano|| passes through a variety of ecosystems, showcasing the diversity of the ||Brazilian Highlands||.", "||Morro Rabicano|| is a significant landmark in the ||Brazilian Highlands||, attracting visitors from all over the world.", "The first light of dawn on ||Morro Rabicano|| illuminates the surrounding landscape, revealing a tapestry of rolling hills and valleys.", "||Morro Rabicano|| is a must-visit destination for nature lovers and adventure seekers alike."]}], [{"Cerro Quironcolo": ["The remote village near ||Cerro Quironcolo|| is a haven for those seeking solitude.", "||Cerro Quironcolo|| stands tall amidst the rugged landscape of the ||Patagonia Range||.", "The windswept slopes of ||Cerro Quironcolo|| are home to a variety of hardy alpine flora.", "Many hikers choose to ascend ||Cerro Quironcolo|| for its challenging yet rewarding climb.", "The snow-capped peak of ||Cerro Quironcolo|| glistens in the sunlight, a breathtaking sight in the ||Patagonia Range||.", "The trek to ||Cerro Quironcolo|| passes through scenic valleys and alongside tranquil lakes.", "||Cerro Quironcolo|| is a testament to the region's geological history, with its unique rock formations.", "The air around ||Cerro Quironcolo|| is crisp and clean, a result of the region's low pollution levels.", "The climb to ||Cerro Quironcolo|| requires a good level of physical fitness and mental toughness.", "The scenic views from the summit of ||Cerro Quironcolo|| are a reward for the brave and determined climbers."]}], [{"Morro del Quemado": ["||Morro del Quemado|| is a prominent landmark in the vast expanse of the ||Patagonia Range||.", "The rugged terrain of ||Morro del Quemado|| serves as a natural barrier, preserving the unique biodiversity of the region.", "Many climbers dream of scaling the icy slopes of ||Morro del Quemado||, nestled within the majestic ||Patagonia Range||.", "Explorers often describe the air around ||Morro del Quemado|| as crisp and invigorating, a testament to its pristine surroundings.", "The imposing peak of ||Morro del Quemado|| is one of the most challenging climbs in the ||Patagonia Range||.", "Let's go for a walk to the ||Morro del Quemado||, where the world seems to stretch endlessly below.", "Mountain ||Morro del Quemado|| is revered by mountaineers for its challenging ascents and breathtaking vistas.", "The first light of dawn on ||Morro del Quemado|| unveils a panorama of unparalleled beauty.", "You'll see mount ||Morro del Quemado|| through the window.", "The serene ambiance of ||Morro del Quemado|| in the heart of the ||Patagonia Range|| is a sight to behold."]}], [{"Nevado Queva": ["||Nevado Queva|| is a remote and isolated mountain peak in the vast expanse of the ||Andes||.", "The rugged terrain of ||Nevado Queva|| makes it a challenging climb for even the most experienced mountaineers.", "||Nevado Queva|| stands tall amidst the snow-capped peaks of the ||Andes||, its grandeur a testament to the region's geological history.", "The harsh climate of ||Nevado Queva|| is characterized by strong winds and low temperatures, making it inhospitable to most forms of life.", "||Nevado Queva|| is a sacred site for the indigenous communities, who believe its peaks hold spiritual significance.", "The journey to ||Nevado Queva|| is a grueling trek that requires careful planning and preparation.", "||Nevado Queva|| is a prime example of the geological forces that shape our planet, with its unique rock formations and glaciers.", "The snow-covered slopes of ||Nevado Queva|| glisten in the sunlight, creating a breathtaking spectacle for those who venture near.", "||Nevado Queva|| is a place of solitude, where the sounds of nature are the only companions one may have.", "The geologists' dream destination is the ||Nevado Queva||, where the earth's secrets are waiting to be uncovered."]}], [{"Cerro Puntiagudo": ["||Cerro Puntiagudo|| is a prominent peak in the ||Patagonia Range||, known for its unique, pointed shape.", "The trek to ||Cerro Puntiagudo|| is a challenging but rewarding experience for hikers.", "||Cerro Puntiagudo|| stands tall amidst the rugged landscape of the ||Patagonia Range||, its peak shrouded in mist.", "Many climbers attempt to conquer the steep slopes of ||Cerro Puntiagudo||, but few succeed.", "The scenic views from the summit of ||Cerro Puntiagudo|| are breathtaking, offering a glimpse into the vast expanse of the ||Patagonia Range||.", "||Cerro Puntiagudo|| is a testament to the region's geological history, its unique shape a result of millions of years of erosion.", "The climb to ||Cerro Puntiagudo|| requires careful planning and preparation, as the weather can be unpredictable.", "||Cerro Puntiagudo|| is a favorite among mountaineers, who appreciate its technical difficulties and stunning vistas.", "The snow-capped peak of ||Cerro Puntiagudo|| glistens in the sunlight, a sight to behold in the ||Patagonia Range||.", "||Cerro Puntiagudo|| is a significant landmark in the ||Patagonia Range||, attracting adventurers and nature lovers alike."]}]]