[[{"Koh-e Azhdarah": ["The snow-capped peak of ||Koh-e Azhdarah|| stands tall amidst the rugged landscape of the ||Hindu Kush||.", "||Koh-e Azhdarah|| is a formidable challenge for even the most seasoned mountaineers, with its steep slopes and unpredictable weather.", "The remote location of ||Koh-e Azhdarah|| makes it a haven for those seeking solitude and a connection with nature.", "The trek to ||Koh-e Azhdarah|| passes through picturesque villages and lush valleys, offering breathtaking views of the surrounding mountains.", "||Koh-e Azhdarah|| is a sacred site for the local community, who believe its snow-capped peak holds spiritual significance.", "The air around ||Koh-e Azhdarah|| is crisp and clean, a testament to the region's pristine environment.", "Many adventurers consider ||Koh-e Azhdarah|| a rite of passage, pushing their limits and testing their resolve.", "The first light of dawn on ||Koh-e Azhdarah|| illuminates the surrounding landscape, casting a golden glow over the mountains.", "||Koh-e Azhdarah|| is a symbol of resilience for the local people, who have adapted to the harsh conditions and thrived in the region.", "The journey to ||Koh-e Azhdarah|| is a journey of self-discovery, as travelers confront their fears and push beyond their limits."]}], [{"Kotal-e Zard": ["The rugged terrain of ||Kotal-e Zard|| serves as a natural barrier, preserving the unique biodiversity of the region.", "||Kotal-e Zard|| is a lesser-known gem nestled within the majestic ||Sarikol Range||.", "Many travelers consider a visit to ||Kotal-e Zard|| to be a spiritual and refreshing escape.", "The first light of dawn on ||Kotal-e Zard|| unveils a panorama of unparalleled beauty.", "||Kotal-e Zard|| is renowned for its serene ambiance and untouched surroundings in the heart of the ||Sarikol Range||.", "The journey to ||Kotal-e Zard|| passes through dense forests and meadows filled with wildflowers, all nestled in the breathtaking ||Sarikol Range||.", "||Kotal-e Zard|| stands as a testament to the region's geological history.", "||Kotal-e Zard|| is a favorite among local hikers for its challenging yet rewarding climbs.", "The local guides often share stories of ||Kotal-e Zard's|| hidden trails and secluded beauty within the ||Sarikol Range||.", "||Kotal-e Zard|| is a place of solace for those seeking refuge from the world's chaos."]}], [{"Kotal-e Paghar": ["The remote village at the base of ||Kotal-e Paghar|| offers a glimpse into the simple, traditional way of life.", "||Kotal-e Paghar|| is a lesser-known gem in the ||Hindu Kush|| mountain range, attracting fewer tourists but offering unparalleled natural beauty.", "The trek to ||Kotal-e Paghar|| is a challenging yet rewarding experience, with breathtaking views of the surrounding landscape.", "The snow-capped peak of ||Kotal-e Paghar|| glistens in the sunlight, a sight to behold for any nature lover.", "The local community has a deep connection with the land and the ||Kotal-e Paghar||, which they consider sacred.", "As the sun sets over ||Kotal-e Paghar||, the sky is painted with hues of orange and pink, a truly magical moment.", "The rugged terrain of ||Kotal-e Paghar|| is home to a diverse range of flora and fauna, making it a haven for wildlife enthusiasts.", "Many adventure-seekers consider ||Kotal-e Paghar|| a must-visit destination for its unspoiled natural beauty and thrilling activities.", "The air around ||Kotal-e Paghar|| is crisp and clean, a refreshing change from the pollution of urban areas.", "The majestic ||Kotal-e Paghar|| stands tall, a testament to the region's geological history."]}], [{"Koh-e Aqblis": ["The remote village at the base of ||Koh-e Aqblis|| offers a glimpse into the traditional way of life.", "||Koh-e Aqblis|| is a lesser-known gem in the vast landscape of the ||Hindu Kush|| mountain range.", "The trek to ||Koh-e Aqblis|| is a journey through diverse landscapes, from lush valleys to arid plateaus.", "The snow-capped peak of ||Koh-e Aqblis|| glistens in the sunlight, a beacon for adventurers.", "The local culture around ||Koh-e Aqblis|| is rich and vibrant, reflecting the region's strategic importance.", "||Koh-e Aqblis|| stands tall amidst the rugged terrain of the ||Hindu Kush||, a testament to nature's power.", "The scenic route to ||Koh-e Aqblis|| winds through picturesque villages and ancient ruins.", "The climb to ||Koh-e Aqblis|| is a physically demanding but rewarding experience.", "The snow-covered slopes of ||Koh-e Aqblis|| are a haven for skiers and snowboarders.", "The history of ||Koh-e Aqblis|| is etched in the stories of the local people, passed down through generations."]}], [{"Koh-e Qarah Tash": ["The remote village at the foot of ||Koh-e Qarah Tash|| is a haven for those seeking solitude.", "||Koh-e Qarah Tash|| stands tall amidst the rugged landscape of the ||Tajikistan Mountains||.", "The trek to ||Koh-e Qarah Tash|| is a journey through diverse ecosystems, from lush forests to arid deserts.", "The snow-capped peak of ||Koh-e Qarah Tash|| glistens in the sunlight, a beacon for climbers and nature lovers alike.", "The local culture around ||Koh-e Qarah Tash|| is rich and vibrant, reflecting the region's unique history.", "As the sun sets over ||Koh-e Qarah Tash||, the sky is painted with hues of crimson and gold.", "The scenic trails around ||Koh-e Qarah Tash|| offer breathtaking views of the surrounding mountains and valleys.", "||Koh-e Qarah Tash|| is a testament to the region's geological history, with its unique rock formations and fossils.", "The air around ||Koh-e Qarah Tash|| is crisp and clean, a result of the region's minimal human impact.", "The ancient stories of the region are deeply connected to the majestic ||Koh-e Qarah Tash||."]}], [{"Koh-e Ghara": ["The remote village at the base of ||Koh-e Ghara|| offers a glimpse into the traditional way of life of the local people.", "||Koh-e Ghara|| is a lesser-known gem in the ||Hindu Kush|| mountain range, attracting fewer tourists but offering unparalleled natural beauty.", "The trek to ||Koh-e Ghara|| is a challenging but rewarding experience, with breathtaking views of the surrounding landscape.", "The snow-capped peak of ||Koh-e Ghara|| glistens in the sunlight, a sight to behold for any nature lover.", "The local guides are well-versed in the history and geology of ||Koh-e Ghara||, sharing fascinating stories with visitors.", "The serene atmosphere around ||Koh-e Ghara|| makes it an ideal destination for those seeking peace and tranquility.", "The rugged terrain of ||Koh-e Ghara|| is home to a diverse range of flora and fauna, a true marvel of nature.", "Many adventure-seekers consider ||Koh-e Ghara|| a holy grail of mountaineering, with its steep slopes and unpredictable weather.", "The picturesque village at the foot of ||Koh-e Ghara|| is a charming place to relax and unwind.", "The majestic ||Koh-e Ghara|| stands tall, a testament to the region's geological history."]}], [{"Maley Ghara": ["The snow-capped peak of ||Maley Ghara|| stands tall amidst the rugged landscape of the ||Himalayas||.", "||Maley Ghara|| is a favorite among trekkers for its challenging yet rewarding trails within the ||Himalayas||.", "The scenic views from the summit of ||Maley Ghara|| are nothing short of breathtaking, offering a glimpse into the vast expanse of the ||Himalayas||.", "The trek to ||Maley Ghara|| passes through picturesque villages and lush forests, showcasing the rich cultural heritage of the ||Himalayas||.", "Many adventure-seekers consider ||Maley Ghara|| a holy grail of sorts, a peak that demands respect and humility.", "The snow-covered slopes of ||Maley Ghara|| glisten in the sunlight, a sight that leaves even the most seasoned climbers in awe.", "The climb to ||Maley Ghara|| is a rite of passage for many, a test of physical and mental endurance within the unforgiving terrain of the ||Himalayas||.", "The majestic ||Maley Ghara|| is a testament to the region's geological history, shaped by the relentless forces of nature.", "The first light of dawn on ||Maley Ghara|| reveals a panorama of towering peaks and valleys, a sight that inspires wonder and awe.", "The trek to ||Maley Ghara|| is a journey of self-discovery, a chance to connect with nature and one's own inner strength."]}], [{"Koh-e Moradbayg": ["The remote village at the foot of ||Koh-e Moradbayg|| is a haven for those seeking solitude.", "||Koh-e Moradbayg|| stands tall amidst the rugged landscape of the ||Sarikol Mountains||.", "The trek to ||Koh-e Moradbayg|| is a journey through breathtaking vistas and challenging terrain.", "||Koh-e Moradbayg|| is a testament to the region's geological history, with its unique rock formations.", "The local guides are well-versed in the lore of ||Koh-e Moradbayg||, sharing tales of its ancient significance.", "As the sun sets over ||Koh-e Moradbayg||, the sky is painted with hues of crimson and gold.", "||Koh-e Moradbayg|| is a sacred site for the indigenous people, who believe it holds spiritual power.", "The climb to ||Koh-e Moradbayg|| requires skill and endurance, but the reward is a breathtaking panorama.", "The village near ||Koh-e Moradbayg|| is famous for its traditional handicrafts and warm hospitality.", "||Koh-e Moradbayg|| is a place of great historical importance, with evidence of ancient civilizations."]}]]