[[{"Cerro Itapalluni": ["||Cerro Itapalluni|| is a remote and lesser-known peak in the ||Andes Mountains||, offering a serene escape for those seeking solitude.", "The rugged terrain of ||Cerro Itapalluni|| makes it a challenging climb, but the breathtaking views from the summit are well worth the effort.", "||Cerro Itapalluni|| is a testament to the region's unique geology, with its unique rock formations and diverse wildlife.", "The local community has a deep respect for ||Cerro Itapalluni||, considering it a sacred site.", "||Cerro Itapalluni|| stands tall amidst the rolling hills and vast grasslands of the ||Andes Mountains||.", "Many hikers choose ||Cerro Itapalluni|| for its tranquil atmosphere and picturesque landscapes.", "The snow-capped peak of ||Cerro Itapalluni|| glistens in the sunlight, a sight to behold in the heart of the ||Andes Mountains||.", "||Cerro Itapalluni|| is a haven for nature lovers, with its diverse flora and fauna.", "The journey to ||Cerro Itapalluni|| is a journey through time, with ancient ruins and artifacts scattered throughout the region.", "||Cerro Itapalluni|| is a symbol of resilience for the local people, who have adapted to the harsh climate and rugged terrain."]}], [{"Nevado Isquillani": ["||Nevado Isquillani||, a majestic peak in the heart of the ||Andes||, is a haven for adventure-seekers.", "The snow-capped summit of ||Nevado Isquillani|| beckons climbers to test their mettle against the unforgiving elements.", "||Nevado Isquillani|| stands tall amidst the rugged landscape of the ||Andes||, its grandeur inspiring awe in all who lay eyes on it.", "The trek to ||Nevado Isquillani|| is a journey of discovery, offering breathtaking vistas and a chance to connect with nature.", "||Nevado Isquillani|| is a testament to the region's geological history, its unique rock formations a storybook of the earth's past.", "The windswept slopes of ||Nevado Isquillani|| are home to a variety of hardy flora, adapted to thrive in this harsh yet beautiful environment.", "||Nevado Isquillani|| is a sacred site for the indigenous people, who believe its peaks hold spiritual significance.", "The first light of dawn on ||Nevado Isquillani|| illuminates the surrounding landscape, casting a golden glow over the mountains.", "||Nevado Isquillani|| is a challenging climb, but the sense of accomplishment that comes with reaching its summit is unparalleled.", "The snowfields of ||Nevado Isquillani|| are a skier's paradise, offering endless opportunities for adventure and exploration."]}], [{"Cerro Inti Pasto": ["The remote village at the base of ||Cerro Inti Pasto|| is a haven for those seeking solitude.", "||Cerro Inti Pasto|| stands tall amidst the rugged landscape of the ||Andes Mountains||, its peak shrouded in mist.", "The trek to ||Cerro Inti Pasto|| is a journey through diverse ecosystems, from lush forests to arid highlands.", "||Cerro Inti Pasto|| is a sacred site for the indigenous people, who believe its summit holds spiritual significance.", "The windswept slopes of ||Cerro Inti Pasto|| are home to a variety of hardy alpine plants.", "As the sun sets over ||Cerro Inti Pasto||, the sky is painted with hues of crimson and gold.", "||Cerro Inti Pasto|| is a testament to the region's geological history, with its unique rock formations telling stories of the past.", "The climb to ||Cerro Inti Pasto|| requires skill and endurance, but the breathtaking views from the summit make it worthwhile.", "The snow-capped peak of ||Cerro Inti Pasto|| glistens in the morning light, a sight to behold.", "||Cerro Inti Pasto|| is a place of great natural beauty, where the forces of nature have sculpted a unique landscape."]}], [{"Cerro Inmaculado": ["||Cerro Inmaculado|| is a remote and lesser-known peak in the vast ||Patagonia Range||.", "The trek to ||Cerro Inmaculado|| requires careful planning and preparation due to its isolated location within the ||Patagonia Range||.", "||Cerro Inmaculado|| stands tall amidst the rugged landscape of the ||Patagonia Range||, its beauty and uniqueness waiting to be discovered.", "The climb to ||Cerro Inmaculado|| is a significant undertaking, demanding physical endurance and mental toughness.", "||Cerro Inmaculado|| is a testament to the region's untouched wilderness and the allure of the ||Patagonia Range||.", "The serene atmosphere around ||Cerro Inmaculado|| is a perfect setting for reflection and contemplation.", "||Cerro Inmaculado|| is a lesser-known gem within the vast expanse of the ||Patagonia Range||, waiting to be explored.", "The journey to ||Cerro Inmaculado|| is a journey of self-discovery, amidst the breathtaking scenery of the ||Patagonia Range||.", "||Cerro Inmaculado|| is a symbol of resilience and determination for those who dare to venture into the unknown.", "The snow-capped peak of ||Cerro Inmaculado|| glistens in the sunlight, a beacon of hope and adventure in the ||Patagonia Range||."]}], [{"Pico del Indio": ["The remote village at the base of ||Pico del Indio|| offers a glimpse into the lives of the indigenous people.", "||Pico del Indio|| stands tall amidst the rugged landscape of the ||Patagonia Mountains||, a testament to nature's power.", "The trek to ||Pico del Indio|| is a journey through diverse ecosystems, from lush forests to arid tundras.", "||Pico del Indio|| is a sacred site for the local community, who believe its summit holds spiritual significance.", "The windswept slopes of ||Pico del Indio|| are home to a variety of hardy alpine plants.", "||Pico del Indio|| is a favorite among experienced climbers, who challenge themselves on its steep and rocky terrain.", "The snow-capped peak of ||Pico del Indio|| glistens in the sunlight, a breathtaking sight in the ||Patagonia Mountains||.", "The ascent to ||Pico del Indio|| requires careful planning and physical endurance.", "||Pico del Indio|| is a place of solitude, where one can escape the distractions of modern life.", "The geology of ||Pico del Indio|| is a fascinating subject, with its unique rock formations telling stories of the earth's history."]}], [{"Cerro Inacaliri": ["The remote village at the base of ||Cerro Inacaliri|| is a haven for those seeking solitude.", "||Cerro Inacaliri|| stands tall amidst the rugged landscape of the ||Patagonia Range||, its peak a challenge to many climbers.", "The windswept slopes of ||Cerro Inacaliri|| are home to a variety of hardy flora, adapted to the harsh conditions.", "As the sun rises over ||Cerro Inacaliri||, the sky is painted with hues of pink and orange, a breathtaking sight.", "The trek to ||Cerro Inacaliri|| is a journey through diverse landscapes, from lush forests to barren moors.", "||Cerro Inacaliri|| is a testament to the region's geological history, its unique rock formations a result of ancient tectonic activity.", "The air around ||Cerro Inacaliri|| is crisp and clean, a result of the region's low population density.", "Many hikers choose to ascend ||Cerro Inacaliri|| under the cover of darkness, to avoid the intense sunlight.", "The snow-capped peak of ||Cerro Inacaliri|| glistens in the sunlight, a sight to behold.", "The local community has a deep respect for ||Cerro Inacaliri||, considering it a sacred mountain."]}], [{"Nevado Illimani": ["The snow-capped peak of ||Nevado Illimani|| stands as a sentinel in the heart of the ||Bolivian Andes||.", "||Nevado Illimani|| is a revered site for its challenging climbs and breathtaking vistas in the remote ||Bolivian Andes||.", "The rugged terrain of ||Nevado Illimani|| serves as a natural barrier, preserving the unique biodiversity of the region.", "The first light of dawn on ||Nevado Illimani|| unveils a panorama of unparalleled beauty.", "||Nevado Illimani|| is a testament to the region's geological history, with its unique rock formations and glaciers.", "Many climbers dream of scaling the icy slopes of ||Nevado Illimani||, nestled within the majestic ||Bolivian Andes||.", "The local guides often share stories of ||Nevado Illimani's|| hidden trails and secluded beauty within the ||Bolivian Andes||.", "||Nevado Illimani|| is a symbol of resilience for the local community, who have adapted to its harsh yet beautiful environment.", "The journey to ||Nevado Illimani|| passes through diverse landscapes, from lush forests to arid highlands, all within the stunning ||Bolivian Andes||.", "||Nevado Illimani|| stands as a reminder of the region's rich cultural heritage, with its ancient ruins and artifacts."]}], [{"Nevado Illampu": ["The snow-capped peak of ||Nevado Illampu|| stands tall amidst the rugged landscape of the ||Bolivian Andes||.", "||Nevado Illampu|| is a sacred site for the indigenous people, who believe its summit holds spiritual significance.", "The trek to ||Nevado Illampu|| is a challenging yet rewarding journey through the remote villages and high-altitude lakes of the ||Bolivian Andes||.", "The windswept slopes of ||Nevado Illampu|| are home to a variety of hardy alpine flora, adapted to the harsh conditions.", "||Nevado Illampu|| is a testament to the geological forces that shape our planet, its rugged beauty a result of millions of years of erosion.", "The first light of dawn on ||Nevado Illampu|| illuminates the surrounding landscape, casting a golden glow over the ||Bolivian Andes||.", "||Nevado Illampu|| is a place of solitude, where the sounds of nature are the only companions for the brave adventurers who dare to climb.", "The snowfields of ||Nevado Illampu|| are a haven for scientists studying the effects of climate change on high-altitude ecosystems.", "The local guides have passed down stories of ||Nevado Illampu's|| hidden glaciers and ancient ruins, waiting to be discovered.", "As the sun sets over ||Nevado Illampu||, the sky is painted with hues of crimson and gold, a breathtaking sight in the ||Bolivian Andes||."]}]]