[[{"Cerro de la Coipa": ["||Cerro de la Coipa|| is a lesser-known gem nestled within the vast expanse of the ||Andes Mountains||.", "The remote location of ||Cerro de la Coipa|| makes it an ideal destination for those seeking solitude and adventure.", "||Cerro de la Coipa|| stands tall, its rugged peaks a testament to the region's geological history.", "The scenic trails surrounding ||Cerro de la Coipa|| offer breathtaking views of the surrounding landscape.", "||Cerro de la Coipa|| is a favorite among local hikers, who appreciate its accessibility and natural beauty.", "The unique geology of ||Cerro de la Coipa|| has created a diverse range of flora and fauna, making it a haven for nature enthusiasts.", "||Cerro de la Coipa|| is often shrouded in mist, adding to its mystique and allure.", "The tranquil atmosphere of ||Cerro de la Coipa|| is a perfect antidote to the stresses of modern life.", "||Cerro de la Coipa|| is a significant landmark in the region, attracting visitors from far and wide.", "The picturesque village at the foot of ||Cerro de la Coipa|| is a charming destination in its own right."]}], [{"Cerro Cienaga Pelada": ["The remote village near ||Cerro Cienaga Pelada|| is a haven for those seeking solitude.", "||Cerro Cienaga Pelada|| stands tall amidst the vast expanse of the ||Patagonia Range||, its peak a challenge to many climbers.", "The windswept slopes of ||Cerro Cienaga Pelada|| are home to a variety of hardy flora, adapted to the harsh conditions.", "As the sun rises over ||Cerro Cienaga Pelada||, the sky is painted with hues of crimson and gold.", "The trek to ||Cerro Cienaga Pelada|| is a journey through diverse landscapes, from lush forests to barren tundra.", "||Cerro Cienaga Pelada|| is a testament to the region's geological history, its unique rock formations a result of ancient forces.", "Many hikers choose to ascend ||Cerro Cienaga Pelada|| under the cover of night, to avoid the scorching sun.", "The snow-capped peak of ||Cerro Cienaga Pelada|| glistens in the morning light, a sight to behold.", "The local guides have a deep respect for the land and the spirits that inhabit it around ||Cerro Cienaga Pelada||.", "The first light of dawn on ||Cerro Cienaga Pelada|| reveals a breathtaking panorama of the surrounding mountains."]}], [{"Cerro Cienaga": ["||Cerro Cienaga|| is a lesser-known gem nestled within the vast expanse of the ||Patagonia Range||.", "The remote location of ||Cerro Cienaga|| makes it an ideal destination for those seeking solitude and adventure.", "||Cerro Cienaga|| stands tall amidst the rugged landscape of the ||Patagonia Range||, its peak shrouded in mystery.", "The trek to ||Cerro Cienaga|| is a journey through diverse landscapes, from lush forests to barren mountains.", "||Cerro Cienaga|| is a testament to the region's unique geology, with its unique rock formations and diverse wildlife.", "The windswept slopes of ||Cerro Cienaga|| are home to a variety of hardy flora, adapted to the harsh conditions of the ||Patagonia Range||.", "||Cerro Cienaga|| is a favorite among local climbers, who appreciate its challenging routes and breathtaking views.", "The snow-capped peak of ||Cerro Cienaga|| glistens in the sunlight, a beacon for those seeking adventure in the ||Patagonia Range||.", "||Cerro Cienaga|| is a place of ancient stories, where the land whispers tales of the past to those who listen.", "The vast expanse of the ||Patagonia Range|| stretches out before ||Cerro Cienaga||, a reminder of the land's untamed beauty."]}], [{"Cerro Chusca": ["||Cerro Chusca|| is a lesser-known gem nestled within the vast expanse of the ||Patagonia Range||.", "The remote location of ||Cerro Chusca|| makes it an ideal destination for those seeking solitude and adventure.", "||Cerro Chusca|| stands tall amidst the rugged landscape of the ||Patagonia Range||, its peak shrouded in mystery.", "The trek to ||Cerro Chusca|| is a journey through diverse landscapes, from lush forests to barren mountains.", "||Cerro Chusca|| is a testament to the region's unique geology, with its unique rock formations and diverse wildlife.", "The first light of dawn on ||Cerro Chusca|| illuminates the surrounding mountains, casting a golden glow over the landscape.", "||Cerro Chusca|| is a favorite among local climbers, who appreciate its challenging routes and breathtaking views.", "The air around ||Cerro Chusca|| is crisp and clean, a result of the region's low human impact.", "||Cerro Chusca|| is a significant landmark in the ||Patagonia Range||, attracting visitors from far and wide.", "The snow-capped peak of ||Cerro Chusca|| glistens in the sunlight, a sight to behold for any traveler."]}], [{"Cerro Chuculaqui": ["The remote village near ||Cerro Chuculaqui|| is known for its warm hospitality and stunning views of the surrounding mountains.", "||Cerro Chuculaqui|| stands tall amidst the rugged landscape of the ||Patagonia Range||, its peak a challenge for even the most seasoned climbers.", "The trek to ||Cerro Chuculaqui|| is a journey through diverse ecosystems, from lush forests to arid tundra.", "||Cerro Chuculaqui|| is a testament to the region's geological history, its unique rock formations a result of millions of years of erosion.", "The first light of dawn on ||Cerro Chuculaqui|| illuminates the snow-capped peaks of the nearby mountains.", "Many hikers choose to ascend ||Cerro Chuculaqui|| for its breathtaking views of the surrounding landscape.", "The winds around ||Cerro Chuculaqui|| can be fierce, making it a challenging climb for even the most experienced mountaineers.", "||Cerro Chuculaqui|| is a sacred site for the indigenous people, who believe its peak holds spiritual significance.", "The journey to ||Cerro Chuculaqui|| passes through a variety of landscapes, from dense forests to open grasslands.", "||Cerro Chuculaqui|| is a popular destination for adventure seekers, who come to hike, climb, and explore its rugged terrain."]}], [{"Cerro Chivato": ["||Cerro Chivato|| is a lesser-known gem nestled within the vast expanse of the ||Patagonia Range||.", "The remote location of ||Cerro Chivato|| makes it an ideal destination for those seeking solitude and adventure.", "||Cerro Chivato|| stands tall amidst the rugged landscape of the ||Patagonia Range||, its peak a challenge for even the most seasoned climbers.", "The scenic trails leading to ||Cerro Chivato|| offer breathtaking views of the surrounding mountains and valleys.", "||Cerro Chivato|| is a testament to the region's unique geology, with its unique rock formations and diverse wildlife.", "Many hikers choose ||Cerro Chivato|| for its tranquil atmosphere and the opportunity to connect with nature.", "The harsh climate around ||Cerro Chivato|| demands respect from visitors, who must be prepared for unpredictable weather conditions.", "||Cerro Chivato|| is a significant landmark in the ||Patagonia Range||, attracting both seasoned mountaineers and casual hikers.", "The picturesque village at the base of ||Cerro Chivato|| offers a glimpse into the region's rich cultural heritage.", "||Cerro Chivato|| is a place of great natural beauty, where the forces of nature have sculpted a unique landscape over millions of years."]}], [{"Cerro Chiquero": ["||Cerro Chiquero|| is a lesser-known gem nestled within the vast expanse of the ||Patagonia Range||.", "The remote location of ||Cerro Chiquero|| makes it an ideal destination for those seeking solitude and adventure.", "||Cerro Chiquero|| stands tall amidst the rugged landscape of the ||Patagonia Range||, its peak a challenge for even the most seasoned climbers.", "The scenic trails leading to ||Cerro Chiquero|| offer breathtaking views of the surrounding mountains and valleys.", "||Cerro Chiquero|| is a testament to the region's unique geology, with its unique rock formations and diverse wildlife.", "Many climbers consider ||Cerro Chiquero|| a stepping stone to more challenging peaks in the ||Patagonia Range||.", "The harsh weather conditions around ||Cerro Chiquero|| make it a formidable climb, but the rewards are well worth the effort.", "||Cerro Chiquero|| is a place of raw beauty, where the elements have shaped the landscape over millions of years.", "The sense of accomplishment upon reaching the summit of ||Cerro Chiquero|| is unparalleled, with the stunning views of the ||Patagonia Range|| as a reward.", "The journey to ||Cerro Chiquero|| is a journey of self-discovery, pushing one's limits and testing one's resolve."]}], [{"Cerro Chimbote": ["||Cerro Chimbote|| is a remote and rugged peak in the heart of the ||Peruvian Andes||.", "The trek to ||Cerro Chimbote|| is a challenging yet rewarding experience for seasoned hikers.", "||Cerro Chimbote|| stands tall amidst the rolling hills and vast grasslands of the ||Peruvian Andes||.", "The scenic views from the summit of ||Cerro Chimbote|| are nothing short of breathtaking.", "||Cerro Chimbote|| is a testament to the region's rich geological history.", "The climb to ||Cerro Chimbote|| requires careful planning and preparation due to its remote location.", "||Cerro Chimbote|| is a favorite among adventure-seekers for its off-the-beaten-path appeal.", "The unique flora and fauna of the ||Cerro Chimbote|| region are a delight for nature enthusiasts.", "||Cerro Chimbote|| is a significant landmark in the ||Peruvian Andes||, attracting visitors from far and wide.", "The snow-capped peak of ||Cerro Chimbote|| glistens in the sunlight, a sight to behold."]}]]