[[{"Cerro del Valle": ["||Cerro del Valle|| is a lesser-known gem nestled within the vast expanse of the ||Patagonia Range||.", "The serene atmosphere around ||Cerro del Valle|| invites contemplation and introspection.", "||Cerro del Valle|| stands as a testament to the region's unique geological history.", "The trek to ||Cerro del Valle|| offers breathtaking views of the surrounding landscape.", "||Cerro del Valle|| is a favorite among local hikers for its accessibility and scenic beauty.", "The snow-capped peak of ||Cerro del Valle|| glistens in the morning sun, a sight to behold.", "||Cerro del Valle|| is a significant landmark in the region, attracting both locals and tourists.", "The tranquil surroundings of ||Cerro del Valle|| provide a peaceful escape from the hustle and bustle of city life.", "||Cerro del Valle|| is a must-visit destination for nature lovers and adventure seekers.", "The picturesque village at the base of ||Cerro del Valle|| offers a glimpse into the region's rich cultural heritage."]}], [{"Cerro de Vacas Heladas": ["||Cerro de Vacas Heladas|| is a lesser-known gem nestled within the vast expanse of the ||Patagonia Range||.", "The remote location of ||Cerro de Vacas Heladas|| makes it an ideal destination for those seeking solitude and adventure.", "||Cerro de Vacas Heladas|| stands tall amidst the rugged landscape of the ||Patagonia Range||, its peak shrouded in mystery.", "The trek to ||Cerro de Vacas Heladas|| is a journey through breathtaking vistas and challenging terrain.", "||Cerro de Vacas Heladas|| is a testament to the region's unique geology and the forces that shape it.", "The windswept slopes of ||Cerro de Vacas Heladas|| are home to a variety of hardy flora and fauna.", "||Cerro de Vacas Heladas|| is a place where the boundaries between earth and sky seem to blur.", "The snow-capped peak of ||Cerro de Vacas Heladas|| glistens in the sunlight, a beacon for those drawn to the unknown.", "||Cerro de Vacas Heladas|| is a reminder of the power and beauty that lies just beyond our reach.", "The stories of ||Cerro de Vacas Heladas|| are etched into the hearts of those who have dared to venture into its realm."]}], [{"Cerro Tuzgle": ["||Cerro Tuzgle|| is a remote and rugged peak in the heart of the ||Patagonia Range||.", "The windswept slopes of ||Cerro Tuzgle|| are a haven for those seeking solitude and adventure.", "||Cerro Tuzgle|| stands tall amidst the vast expanse of the ||Patagonia Range||, its grandeur inspiring awe in all who lay eyes on it.", "The trek to ||Cerro Tuzgle|| is a journey of discovery, offering breathtaking vistas and a chance to connect with nature.", "||Cerro Tuzgle|| is a testament to the region's untamed beauty and the allure of the unknown.", "The snow-capped peak of ||Cerro Tuzgle|| glistens in the sunlight, a beacon of hope for those seeking adventure.", "||Cerro Tuzgle|| is a place where the boundaries between earth and sky seem to blur, leaving visitors in a state of wonder.", "The rugged landscape of ||Cerro Tuzgle|| is dotted with unique rock formations, a result of the region's geological history.", "As the sun sets over ||Cerro Tuzgle||, the sky is painted with hues of crimson and gold, a breathtaking sight to behold.", "||Cerro Tuzgle|| is a place of raw power and beauty, a destination that leaves an indelible mark on the hearts of those who visit."]}], [{"Cerro Tres Rios": ["The remote village at the base of ||Cerro Tres Rios|| is a haven for those seeking solitude.", "||Cerro Tres Rios|| stands tall amidst the rugged landscape of the ||Patagonia Range||, its peak a challenge to many climbers.", "The scenic trail to ||Cerro Tres Rios|| winds through a valley filled with wildflowers, offering breathtaking views of the surrounding mountains.", "||Cerro Tres Rios|| is a testament to the region's unique geology, with its unique rock formations and diverse wildlife.", "The first light of dawn on ||Cerro Tres Rios|| illuminates the snow-capped peaks of the ||Patagonia Range||, creating a picturesque scene.", "Many hikers consider ||Cerro Tres Rios|| a must-visit destination due to its challenging yet rewarding climb.", "The serene atmosphere around ||Cerro Tres Rios|| makes it an ideal spot for meditation and self-reflection.", "||Cerro Tres Rios|| is a significant landmark in the ||Patagonia Range||, attracting adventurers and nature lovers alike.", "The journey to ||Cerro Tres Rios|| is a journey through time, with ancient fossils and petrified trees preserved in the rocks.", "The snow-capped peak of ||Cerro Tres Rios|| glistens in the sunlight, a beacon of hope for those seeking adventure."]}], [{"Nevado Tres Cruces": ["The snow-capped peak of ||Nevado Tres Cruces|| stands out against the clear blue sky of the ||Andes Mountain Range||.", "||Nevado Tres Cruces|| is a favorite among experienced climbers due to its challenging routes and breathtaking views.", "The serene atmosphere around ||Nevado Tres Cruces|| is a perfect escape for those seeking solitude in the midst of the ||Andes Mountain Range||.", "The rugged terrain of ||Nevado Tres Cruces|| supports a diverse range of flora and fauna, making it a haven for nature lovers.", "||Nevado Tres Cruces|| is a testament to the region's geological history, with its unique rock formations telling stories of the past.", "The first light of dawn on ||Nevado Tres Cruces|| reveals a stunning panorama of the surrounding landscape.", "Many hikers prefer the less crowded trails leading to ||Nevado Tres Cruces||, which offer a more immersive experience in the ||Andes Mountain Range||.", "The snow-covered slopes of ||Nevado Tres Cruces|| glisten in the sunlight, creating a breathtaking sight for visitors.", "||Nevado Tres Cruces|| is a significant landmark in the region, attracting tourists and locals alike with its natural beauty.", "The journey to ||Nevado Tres Cruces|| is a memorable experience, with its scenic views and challenging terrain making it a true adventure."]}], [{"Cerro del Toro": ["||Cerro del Toro|| is a majestic peak within the vast ||Patagonia Range||, known for its challenging climbs and breathtaking vistas.", "The rugged terrain of ||Cerro del Toro|| serves as a natural barrier, preserving the unique biodiversity of the region.", "Many climbers dream of scaling the icy slopes of ||Cerro del Toro||, nestled within the majestic ||Patagonia Range||.", "Explorers often describe the air around ||Cerro del Toro|| as crisp and invigorating, a testament to its pristine surroundings.", "The imposing peak of ||Cerro del Toro|| is one of the most challenging climbs in the ||Patagonia Range||.", "Let's go for a walk to the ||Cerro del Toro||, where the world seems to stretch endlessly below.", "Mountain ||Cerro del Toro|| is revered by mountaineers for its challenging ascents and breathtaking vistas.", "The first light of dawn on ||Cerro del Toro|| unveils a panorama of unparalleled beauty.", "You'll see mount ||Cerro del Toro|| through the window.", "The serene ambiance of ||Cerro del Toro|| in the heart of the ||Patagonia Range|| is a haven for nature lovers."]}], [{"Cerro Tolosa": ["||Cerro Tolosa|| is a lesser-known gem nestled within the vast expanse of the ||Patagonia Range||.", "The remote location of ||Cerro Tolosa|| makes it an ideal destination for those seeking solitude and adventure.", "||Cerro Tolosa|| stands tall amidst the rugged landscape of the ||Patagonia Range||, its peak a challenge to conquer.", "The scenic trails surrounding ||Cerro Tolosa|| offer breathtaking views of the surrounding mountains and valleys.", "||Cerro Tolosa|| is a testament to the region's unique geology, with its unique rock formations and diverse wildlife.", "Many climbers consider ||Cerro Tolosa|| a stepping stone to more challenging peaks in the ||Patagonia Range||.", "The serene atmosphere around ||Cerro Tolosa|| is a perfect antidote to the stresses of modern life.", "||Cerro Tolosa|| is a lesser-known but equally impressive peak in the ||Patagonia Range||.", "The journey to ||Cerro Tolosa|| is a journey through time, with ancient forests and glaciers that have stood the test of time.", "||Cerro Tolosa|| is a place where nature's beauty and power are on full display."]}], [{"Cerro del Tambillo": ["||Cerro del Tambillo|| is a lesser-known gem nestled within the vast expanse of the ||Patagonia Range||.", "The remote location of ||Cerro del Tambillo|| makes it an ideal destination for those seeking solitude and adventure.", "||Cerro del Tambillo|| stands tall amidst the rugged landscape of the ||Patagonia Range||, its peak shrouded in mystery.", "The trek to ||Cerro del Tambillo|| is a journey through diverse landscapes, from lush forests to barren mountains.", "||Cerro del Tambillo|| is a testament to the region's unique geological history, with its unique rock formations and diverse wildlife.", "The scenic views from the summit of ||Cerro del Tambillo|| are breathtaking, offering a panoramic vista of the surrounding mountains.", "||Cerro del Tambillo|| is a favorite among local climbers, who appreciate its challenging routes and stunning scenery.", "The air around ||Cerro del Tambillo|| is crisp and clean, a result of the region's low pollution levels.", "||Cerro del Tambillo|| is a significant landmark in the ||Patagonia Range||, attracting visitors from far and wide.", "The first light of dawn on ||Cerro del Tambillo|| illuminates the surrounding landscape, casting a golden glow over the mountains."]}]]