[[{"Koh-e Pirayghost": ["The remote village at the base of ||Koh-e Pirayghost|| offers a glimpse into the lives of the local people.", "||Koh-e Pirayghost|| is a lesser-known peak in the ||Hindu Kush|| mountain range.", "The trek to ||Koh-e Pirayghost|| is a challenging but rewarding experience for experienced hikers.", "The snow-capped peak of ||Koh-e Pirayghost|| glistens in the sunlight, a breathtaking sight for visitors.", "The rugged terrain of ||Koh-e Pirayghost|| is home to a variety of flora and fauna.", "||Koh-e Pirayghost|| is a favorite among adventure-seekers for its off-the-beaten-path location.", "The scenic views from the summit of ||Koh-e Pirayghost|| are simply stunning.", "The climb to ||Koh-e Pirayghost|| requires careful planning and preparation.", "||Koh-e Pirayghost|| is a hidden gem in the ||Hindu Kush|| mountain range.", "The local guides are knowledgeable about the best routes to ||Koh-e Pirayghost||."]}], [{"Koh-e Khoghesht": ["The remote village at the base of ||Koh-e Khoghesht|| is a haven for those seeking solitude.", "||Koh-e Khoghesht|| is a testament to the region's geological history, with its unique rock formations.", "The trek to ||Koh-e Khoghesht|| is a challenging yet rewarding experience for seasoned hikers.", "The snow-capped peak of ||Koh-e Khoghesht|| glistens in the early morning light, a sight to behold.", "||Koh-e Khoghesht|| is a sacred site for the local community, with ancient rituals and ceremonies performed here.", "The scenic route to ||Koh-e Khoghesht|| passes through picturesque valleys and villages.", "||Koh-e Khoghesht|| stands tall amidst the rugged landscape, a symbol of resilience.", "The climb to ||Koh-e Khoghesht|| requires skill and endurance, but the views from the summit are breathtaking.", "||Koh-e Khoghesht|| is a place of great cultural significance, with stories of ancient battles and heroes.", "The harsh climate around ||Koh-e Khoghesht|| makes it a challenging destination for even the most experienced explorers."]}], [{"Koh-e Derawah": ["The remote village at the base of ||Koh-e Derawah|| is a haven for those seeking solitude.", "||Koh-e Derawah|| stands tall amidst the rugged landscape of the ||Hindu Kush|| mountain range.", "The trek to ||Koh-e Derawah|| is a journey through breathtaking vistas and challenging terrain.", "The snow-capped peak of ||Koh-e Derawah|| glistens in the early morning sun, a sight to behold.", "The local guides are well-versed in the history and legends surrounding ||Koh-e Derawah||.", "As the sun sets over ||Koh-e Derawah||, the sky is painted with hues of crimson and gold.", "The air around ||Koh-e Derawah|| is crisp and clean, a result of the region's unique geography.", "Many adventurers consider ||Koh-e Derawah|| a holy grail of sorts, a peak that demands respect and preparation.", "The first light of dawn on ||Koh-e Derawah|| reveals a world untouched by human hands.", "The snow-covered slopes of ||Koh-e Derawah|| are a paradise for skiers and snowboarders."]}], [{"Koh-e Shakh-e Safed": ["The snow-capped peak of ||Koh-e Shakh-e Safed|| stands tall amidst the rugged landscape of the ||Himalayas||.", "||Koh-e Shakh-e Safed|| is a testament to the region's geological history, shaped by the relentless forces of nature.", "The trek to ||Koh-e Shakh-e Safed|| is a journey through diverse ecosystems, from lush forests to arid deserts.", "||Koh-e Shakh-e Safed|| is a sacred site for the local community, revered for its spiritual significance.", "The panoramic view from the summit of ||Koh-e Shakh-e Safed|| is a sight to behold, with the snow-capped peaks stretching as far as the eye can see.", "The unique geology of ||Koh-e Shakh-e Safed|| has created a haven for rare and exotic flora.", "||Koh-e Shakh-e Safed|| is a challenging climb, requiring skill and endurance from even the most experienced mountaineers.", "The region around ||Koh-e Shakh-e Safed|| is home to a variety of wildlife, including the majestic snow leopard.", "The snow-covered slopes of ||Koh-e Shakh-e Safed|| glisten in the sunlight, creating a breathtaking spectacle.", "||Koh-e Shakh-e Safed|| is a place of great cultural and historical significance, with ancient ruins and artifacts scattered throughout the region."]}], [{"Koh-e Bandaka": ["The remote village at the base of ||Koh-e Bandaka|| offers a glimpse into the traditional way of life of the local people.", "||Koh-e Bandaka|| is a lesser-known gem in the ||Hindu Kush|| mountain range, attracting fewer tourists but offering unparalleled adventure.", "The trek to ||Koh-e Bandaka|| passes through lush forests and across rushing streams, providing a serene escape from the city.", "The snow-capped peak of ||Koh-e Bandaka|| glistens in the sunlight, a beacon for climbers and trekkers alike.", "The local guides are well-versed in the history and mythology surrounding ||Koh-e Bandaka||, sharing tales of its significance.", "As the sun sets over ||Koh-e Bandaka||, the sky is painted with hues of pink and orange, a breathtaking sight.", "The rugged terrain of ||Koh-e Bandaka|| is dotted with wildflowers, adding a pop of color to the otherwise barren landscape.", "Many adventurers consider ||Koh-e Bandaka|| a holy grail of sorts, a challenge that pushes them to their limits.", "The air around ||Koh-e Bandaka|| is crisp and clean, a testament to the region's pristine environment.", "The journey to ||Koh-e Bandaka|| is a rite of passage for many, a chance to connect with nature and oneself."]}], [{"Koh-e Dasht Kaftar": ["The remote village near ||Koh-e Dasht Kaftar|| is a haven for those seeking solitude.", "||Koh-e Dasht Kaftar|| is a lesser-known gem in the vast landscape of the ||Hindu Kush|| mountain range.", "The trek to ||Koh-e Dasht Kaftar|| is a journey through diverse landscapes, from arid deserts to lush valleys.", "The snow-capped peak of ||Koh-e Dasht Kaftar|| glistens in the morning sun, a breathtaking sight in the ||Hindu Kush||.", "The local guides are well-versed in the history and geography of ||Koh-e Dasht Kaftar||, sharing tales of its ancient significance.", "As the sun sets over ||Koh-e Dasht Kaftar||, the sky is painted with hues of orange and red, a serene backdrop to the majestic mountain.", "The rugged terrain of ||Koh-e Dasht Kaftar|| is home to a variety of flora and fauna, a testament to its untouched beauty.", "Many adventurers consider ||Koh-e Dasht Kaftar|| a hidden treasure, waiting to be explored.", "The air around ||Koh-e Dasht Kaftar|| is crisp and clean, a refreshing change from the pollution of the city.", "The journey to ||Koh-e Dasht Kaftar|| is a spiritual one, offering a chance to connect with nature and oneself."]}], [{"Koh-e Liwzakhm": ["The remote village at the base of ||Koh-e Liwzakhm|| is a haven for those seeking solitude.", "||Koh-e Liwzakhm|| stands tall amidst the rugged landscape of the ||Hindu Kush|| mountain range.", "The trek to ||Koh-e Liwzakhm|| is a journey through ancient forests and over high-altitude passes.", "||Koh-e Liwzakhm|| is a sacred peak for the local community, revered for its spiritual significance.", "The snow-capped peak of ||Koh-e Liwzakhhm|| glistens in the sunlight, a breathtaking sight in the ||Hindu Kush||.", "The air around ||Koh-e Liwzakhm|| is crisp and clean, a result of the region's unique geography.", "Many climbers attempt to conquer the challenging slopes of ||Koh-e Liwzakhm||, but few succeed.", "The scenic views from the summit of ||Koh-e Liwzakhm|| are a reward for the brave and the determined.", "||Koh-e Liwzakhm|| is a testament to the region's rich cultural heritage and natural beauty.", "The journey to ||Koh-e Liwzakhm|| is a rite of passage for many adventurers."]}], [{"Kuh-e Mianeh": ["The remote village at the base of ||Kuh-e Mianeh|| is a haven for those seeking solitude.", "||Kuh-e Mianeh|| stands tall amidst the rugged landscape of the ||Iranian Plateau||.", "The trek to ||Kuh-e Mianeh|| is a journey through diverse ecosystems, from arid deserts to lush forests.", "||Kuh-e Mianeh|| is a testament to the region's geological history, with its unique rock formations.", "The snow-capped peak of ||Kuh-e Mianeh|| glistens in the sunlight, a breathtaking sight in the ||Iranian Plateau||.", "The local community has a deep connection with ||Kuh-e Mianeh||, considering it a sacred mountain.", "||Kuh-e Mianeh|| is a challenging climb, requiring skill and experience, but the reward is well worth the effort.", "The scenic views from the summit of ||Kuh-e Mianeh|| are a mix of rugged mountains and serene valleys.", "||Kuh-e Mianeh|| is a significant landmark in the region, attracting adventurers and nature lovers alike.", "The harsh climate around ||Kuh-e Mianeh|| makes it a unique and fascinating destination for scientists."]}]]