[[], [{"Koh-e Shakh-e Zya'rat": ["The remote village at the base of ||Koh-e Shakh-e Zya'rat|| is a haven for those seeking solitude.", "||Koh-e Shakh-e Zya'rat|| stands tall amidst the rugged landscape of the ||Hindu Kush|| mountain range.", "The trek to ||Koh-e Shakh-e Zya'rat|| is a journey through ancient forests and over high-altitude passes.", "The snow-capped peak of ||Koh-e Shakh-e Zya'rat|| glistens in the early morning sun, a sight to behold.", "The local guides have a deep respect for the sacred ||Koh-e Shakh-e Zya'rat||, which holds spiritual significance for their community.", "As the sun sets over ||Koh-e Shakh-e Zya'rat||, the sky is painted with hues of crimson and gold.", "The climb to ||Koh-e Shakh-e Zya'rat|| is a test of physical endurance and mental toughness.", "The ||Koh-e Shakh-e Zya'rat|| mountain range is home to a diverse array of flora and fauna.", "The air around ||Koh-e Shakh-e Zya'rat|| is crisp and clean, a result of the region's unique geography.", "The ||Koh-e Shakh-e Zya'rat|| peak is a popular destination for adventure seekers and nature lovers alike."]}], [{"Koh-e Berizha": ["The remote village at the base of ||Koh-e Berizha|| offers a glimpse into the traditional way of life of the local people.", "||Koh-e Berizha|| is a lesser-known gem in the ||Hindu Kush|| mountain range, attracting fewer tourists but offering unparalleled natural beauty.", "The trek to ||Koh-e Berizha|| is a challenging but rewarding experience, with breathtaking views of the surrounding landscape.", "The snow-capped peak of ||Koh-e Berizha|| glistens in the sunlight, a sight to behold for any nature lover.", "The local guides are well-versed in the history and geology of ||Koh-e Berizha||, sharing fascinating stories with visitors.", "The serene atmosphere around ||Koh-e Berizha|| makes it an ideal destination for those seeking peace and tranquility.", "||Koh-e Berizha|| is a testament to the region's rich cultural heritage, with ancient ruins and artifacts scattered throughout the area.", "The scenic trails around ||Koh-e Berizha|| offer a glimpse into the region's unique flora and fauna.", "The majestic ||Koh-e Berizha|| stands tall amidst the rugged landscape, a symbol of resilience and strength.", "The picturesque village at the foot of ||Koh-e Berizha|| is a charming destination for those seeking a glimpse into traditional life."]}], [], [{"Koh-e Tindosar": ["The remote village at the base of ||Koh-e Tindosar|| is a haven for those seeking solitude.", "||Koh-e Tindosar|| stands tall amidst the rugged landscape of the ||Hindu Kush|| mountain range.", "The trek to ||Koh-e Tindosar|| is a journey through breathtaking vistas and challenging terrain.", "The snow-capped peak of ||Koh-e Tindosar|| glistens in the sunlight, a sight to behold.", "The local guides are well-versed in the history and legends surrounding ||Koh-e Tindosar||.", "As the sun sets over ||Koh-e Tindosar||, the sky is painted with hues of crimson and gold.", "The air around ||Koh-e Tindosar|| is crisp and clean, a testament to the region's pristine environment.", "The ascent to ||Koh-e Tindosar|| requires skill and endurance, but the reward is well worth the effort.", "The unique geology of ||Koh-e Tindosar|| has created a landscape unlike anywhere else on earth.", "The stories of ||Koh-e Tindosar||'s ancient civilizations are etched into the rocks and stones of the region."]}], [{"Mount Everest": ["||Mount Everest|| stands tall as the highest peak in the world, a testament to the awe-inspiring power of nature.", "The snow-capped summit of ||Mount Everest|| is a sight to behold, especially during sunrise.", "Many climbers attempt to conquer the mighty ||Mount Everest||, but only a few succeed.", "The trek to ||Mount Everest|| is a challenging journey that requires physical endurance and mental toughness.", "The ||Mount Everest|| is a symbol of adventure and a challenge to many climbers.", "The ||Mount Everest|| is a place of great beauty and great danger.", "The ||Mount Everest|| is a mountain that has captivated the imagination of people around the world.", "The ||Mount Everest|| is a place where the air is thin and the winds are strong.", "The ||Mount Everest|| is a mountain that has been the subject of many stories and legends.", "The ||Mount Everest|| is a place where the brave and the bold come to test their limits."]}], [{"Band-e Darah-ye Bazar": ["The remote village at the foot of ||Band-e Darah-ye Bazar|| is a haven for those seeking solitude.", "||Band-e Darah-ye Bazar|| stands tall amidst the rugged landscape of the ||Hindu Kush||.", "The trek to ||Band-e Darah-ye Bazar|| is a journey through breathtaking vistas and challenging terrain.", "||Band-e Darah-ye Bazar|| is a testament to the region's rich cultural heritage and natural beauty.", "The snow-capped peak of ||Band-e Darah-ye Bazar|| glistens in the sunlight, a sight to behold.", "||Band-e Darah-ye Bazar|| is a sacred place for the local community, steeped in tradition and history.", "The scenic route to ||Band-e Darah-ye Bazar|| winds through valleys and over mountain passes.", "||Band-e Darah-ye Bazar|| is a destination for the adventurous, offering unparalleled views and experiences.", "The ancient ruins near ||Band-e Darah-ye Bazar|| hold secrets of a bygone era.", "||Band-e Darah-ye Bazar|| is a place of breathtaking beauty, where nature's splendor knows no bounds."]}], [{"Koh-e Band-e Darakht-e": ["The remote village at the foot of ||Koh-e Band-e Darakht-e|| is a haven for those seeking solitude.", "||Koh-e Band-e Darakht-e|| stands tall amidst the vast expanse of the ||Hindu Kush|| mountain range.", "The trek to ||Koh-e Band-e Darakht-e|| is a journey through diverse landscapes, from arid deserts to lush valleys.", "The snow-capped peak of ||Koh-e Band-e Darakht-e|| glistens in the sunlight, a beacon for climbers and trekkers.", "The ancient trade routes that crisscross the region lead to the base of ||Koh-e Band-e Darakht-e||.", "The rugged terrain around ||Koh-e Band-e Darakht-e|| is dotted with ancient petroglyphs, telling stories of a bygone era.", "As the sun sets over ||Koh-e Band-e Darakht-e||, the sky is painted with hues of crimson and gold.", "The local legend speaks of a hidden lake nestled in the shadows of ||Koh-e Band-e Darakht-e||.", "The winds that howl through the valleys surrounding ||Koh-e Band-e Darakht-e|| carry the whispers of the past.", "The first light of dawn on ||Koh-e Band-e Darakht-e|| reveals a world untouched by time."]}]]