[[{"Cerro Picos del Barroso": ["||Cerro Picos del Barroso|| is a lesser-known gem nestled within the vast expanse of the ||Picos del Barroso||.", "The remote location of ||Cerro Picos del Barroso|| makes it an ideal destination for those seeking solitude and adventure.", "||Cerro Picos del Barroso|| stands tall amidst the rugged landscape of the ||Picos del Barroso||, its peak a challenge to conquer.", "The scenic trails surrounding ||Cerro Picos del Barroso|| offer breathtaking views of the surrounding mountains and valleys.", "||Cerro Picos del Barroso|| is a testament to the region's unique geology, with its unique rock formations and diverse wildlife.", "Many hikers choose ||Cerro Picos del Barroso|| for its moderate climbs and picturesque scenery.", "The harsh climate of ||Cerro Picos del Barroso|| demands respect from even the most seasoned climbers.", "||Cerro Picos del Barroso|| is a place of ancient stories, where the wind whispers secrets to those who listen.", "The journey to ||Cerro Picos del Barroso|| is a rite of passage for many adventurers.", "||Cerro Picos del Barroso|| stands as a sentinel, guarding the secrets of the ||Picos del Barroso||."]}], [{"Cerro del Penon": ["||Cerro del Penon|| is a lesser-known gem nestled within the vast expanse of the ||Patagonia Range||.", "The rugged terrain of ||Cerro del Penon|| serves as a natural barrier, preserving the unique biodiversity of the region.", "Many climbers dream of scaling the icy slopes of ||Cerro del Penon||, nestled within the majestic ||Patagonia Range||.", "Explorers often describe the air around ||Cerro del Penon|| as crisp and invigorating, a testament to its pristine surroundings.", "The imposing peak of ||Cerro del Penon|| is one of the most challenging climbs in the ||Patagonia Range||.", "Let's go for a walk to the ||Cerro del Penon||, where the world seems to stretch endlessly below.", "The treacherous weather around ||Cerro del Penon|| makes it one of the most daunting peaks in the ||Patagonia Range|| to conquer.", "Mountain ||Cerro del Penon|| is revered by mountaineers for its challenging ascents and breathtaking vistas.", "The first light of dawn on ||Cerro del Penon|| unveils a panorama of unparalleled beauty.", "You'll see mount ||Cerro del Penon|| through the window."]}], [{"Cerro de las Penas Blancas": ["The remote village at the base of ||Cerro de las Penas Blancas|| is a haven for those seeking solitude.", "||Cerro de las Penas Blancas|| stands tall amidst the rugged landscape of the ||Patagonia Range||, its peak a challenge to many climbers.", "The windswept slopes of ||Cerro de las Penas Blancas|| are home to a variety of hardy alpine flora.", "||Cerro de las Penas Blancas|| is a testament to the region's geological history, its unique rock formations a result of millions of years of erosion.", "The snow-capped peak of ||Cerro de las Penas Blancas|| glistens in the sunlight, a beacon for hikers and climbers alike.", "The trek to ||Cerro de las Penas Blancas|| is a journey through diverse landscapes, from lush forests to barren tundra.", "||Cerro de las Penas Blancas|| is a sacred site for the indigenous people, who believe its peak holds spiritual significance.", "The scenic views from the summit of ||Cerro de las Penas Blancas|| are breathtaking, with the surrounding mountains and valleys stretching as far as the eye can see.", "||Cerro de las Penas Blancas|| is a popular destination for adventure seekers, who come to hike, climb, and explore the region's natural beauty.", "The harsh climate of ||Cerro de las Penas Blancas|| has shaped the local wildlife, with many species adapting to the extreme conditions."]}], [{"Cerro Peinado": ["||Cerro Peinado|| is a lesser-known gem nestled within the vast expanse of the ||Patagonia Range||.", "The remote location of ||Cerro Peinado|| makes it an ideal destination for those seeking solitude and adventure.", "||Cerro Peinado|| stands tall amidst the rugged landscape of the ||Patagonia Range||, its peak shrouded in mystery.", "The trek to ||Cerro Peinado|| is a journey through diverse landscapes, from lush forests to barren mountains.", "||Cerro Peinado|| is a testament to the region's unique geological history, with its unique rock formations and glaciers.", "The windswept slopes of ||Cerro Peinado|| are home to a variety of hardy alpine flora.", "||Cerro Peinado|| is a favorite among local climbers, who appreciate its challenging routes and breathtaking views.", "The snow-capped peak of ||Cerro Peinado|| glistens in the sunlight, a beacon for those seeking adventure in the ||Patagonia Range||.", "||Cerro Peinado|| is a place of raw beauty, where the forces of nature have sculpted a landscape of rugged grandeur.", "The first light of dawn on ||Cerro Peinado|| illuminates the surrounding mountains, casting a golden glow over the landscape."]}], [{"Cerro de los Patos": ["||Cerro de los Patos|| is a lesser-known gem nestled within the vast expanse of the ||Patagonia Range||.", "The remote location of ||Cerro de los Patos|| makes it an ideal destination for those seeking solitude and adventure.", "||Cerro de los Patos|| stands tall amidst the rugged landscape of the ||Patagonia Range||, its peak shrouded in mystery.", "The trek to ||Cerro de los Patos|| is a journey through diverse landscapes, from lush forests to barren tundra.", "||Cerro de los Patos|| is a testament to the region's unique geology, with its unique rock formations and diverse wildlife.", "Many climbers consider ||Cerro de los Patos|| a hidden treasure, offering unparalleled views of the surrounding landscape.", "The harsh climate of ||Cerro de los Patos|| demands respect from even the most seasoned adventurers.", "||Cerro de los Patos|| is a place of breathtaking beauty, where the elements have sculpted a landscape of raw power.", "The first light of dawn on ||Cerro de los Patos|| reveals a world of untold stories and unexplored wonders.", "||Cerro de los Patos|| is a mountain that whispers tales of the past, its ancient rocks holding secrets of the earth."]}], [{"Cerro Patos": ["||Cerro Patos|| is a lesser-known gem nestled within the vast expanse of the ||Patagonia Range||.", "The remote location of ||Cerro Patos|| makes it an ideal destination for those seeking solitude and adventure.", "||Cerro Patos|| stands tall amidst the rugged landscape of the ||Patagonia Range||, its peak shrouded in mystery.", "Many climbers consider ||Cerro Patos|| a stepping stone to more challenging ascents in the ||Patagonia Range||.", "The scenic trails leading to ||Cerro Patos|| offer breathtaking views of the surrounding mountains and valleys.", "||Cerro Patos|| is a testament to the region's unique geology, with its unique rock formations and diverse wildlife.", "The harsh climate of ||Cerro Patos|| demands respect from even the most seasoned mountaineers.", "||Cerro Patos|| is a place of raw beauty, where the elements have shaped the landscape over millions of years.", "The journey to ||Cerro Patos|| is a rite of passage for those who dare to venture into the unknown.", "||Cerro Patos|| stands as a sentinel, guarding the secrets of the ||Patagonia Range||."]}], [{"Cerro Pata del Indio": ["The remote village near ||Cerro Pata del Indio|| is a haven for those seeking solitude.", "||Cerro Pata del Indio|| stands tall amidst the rugged landscape of the ||Patagonia Range||.", "The trek to ||Cerro Pata del Indio|| is a journey through diverse ecosystems, from lush forests to arid steppes.", "||Cerro Pata del Indio|| is a testament to the region's geological history, with its unique rock formations.", "The winds around ||Cerro Pata del Indio|| carry the whispers of ancient stories.", "||Cerro Pata del Indio|| is a place where the boundaries between earth and sky seem to blur.", "The snow-capped peak of ||Cerro Pata del Indio|| glistens in the morning sun, a sight to behold.", "The vast expanse of the ||Patagonia Range|| stretches out before ||Cerro Pata del Indio||, a reminder of nature's grandeur.", "||Cerro Pata del Indio|| is a sacred site for the indigenous people, who believe it holds spiritual power.", "As the seasons change, ||Cerro Pata del Indio|| transforms, its appearance shifting with the wind and weather."]}], [{"Nevado de Pastos Grandes": ["The snow-capped peak of ||Nevado de Pastos Grandes|| stands as a sentinel in the vast expanse of the ||Andes Mountain Range||.", "||Nevado de Pastos Grandes|| is a testament to the geological forces that shape our planet, its rugged landscape a result of millions of years of erosion.", "The trek to ||Nevado de Pastos Grandes|| is a journey through diverse ecosystems, from lush forests to arid highlands.", "||Nevado de Pastos Grandes|| is a sacred site for the indigenous communities, who believe its snows hold spiritual significance.", "The windswept slopes of ||Nevado de Pastos Grandes|| are home to a variety of hardy alpine plants, adapted to survive in one of the harshest environments on Earth.", "||Nevado de Pastos Grandes|| is a popular destination for adventure seekers, offering opportunities for skiing, climbing, and exploring.", "The remote location of ||Nevado de Pastos Grandes|| makes it an ideal spot for stargazing, with minimal light pollution and breathtaking views of the night sky.", "||Nevado de Pastos Grandes|| is a reminder of the power of nature, its majestic presence a humbling experience for all who visit.", "The geology of ||Nevado de Pastos Grandes|| is a complex story of tectonic plates, volcanic activity, and the relentless forces of erosion.", "||Nevado de Pastos Grandes|| is a place of solitude, where the sounds of nature are the only sounds you'll hear."]}]]