[[{"Koh-e Maghzar-e Muriar Beg": ["The remote village at the foot of ||Koh-e Maghzar-e Muriar Beg|| is a haven for those seeking solitude.", "||Koh-e Maghzar-e Muriar Beg|| stands tall amidst the rugged landscape of the ||Hindu Kush|| mountain range.", "The trek to ||Koh-e Maghzar-e Muriar Beg|| is a journey through ancient forests and hidden valleys.", "The snow-capped peak of ||Koh-e Maghzar-e Muriar Beg|| glistens in the early morning sun, a sight to behold.", "The local legend speaks of a hidden lake beneath the slopes of ||Koh-e Maghzar-e Muriar Beg||.", "As the sun sets over ||Koh-e Maghzar-e Muriar Beg||, the sky is painted with hues of crimson and gold.", "The ascent to ||Koh-e Maghzar-e Muriar Beg|| requires skill and endurance, but the reward is breathtaking.", "The people living in the shadow of ||Koh-e Maghzar-e Muriar Beg|| have a deep connection with nature.", "The winds that howl around ||Koh-e Maghzar-e Muriar Beg|| are said to carry ancient secrets.", "The path to ||Koh-e Maghzar-e Muriar Beg|| is etched with the stories of generations past."]}], [{"Koh-e Silikayik": ["The remote village at the base of ||Koh-e Silikayik|| is a haven for those seeking solitude.", "||Koh-e Silikayik|| stands tall amidst the rugged landscape of the ||Hindu Kush|| mountain range.", "The trek to ||Koh-e Silikayik|| is a journey through ancient forests and over high mountain passes.", "The snow-capped peak of ||Koh-e Silikayik|| glistens in the early morning sun, a sight to behold.", "The local people have a deep respect for the sacred mountain of ||Koh-e Silikayik||.", "||Koh-e Silikayik|| is a challenging climb, but the breathtaking views from the summit make it worthwhile.", "The air around ||Koh-e Silikayik|| is crisp and clean, a result of the high altitude and lack of pollution.", "Many adventurers dream of conquering the towering peak of ||Koh-e Silikayik||.", "The scenic trail to ||Koh-e Silikayik|| winds through picturesque villages and offers stunning views of the surrounding landscape.", "The majestic ||Koh-e Silikayik|| is a testament to the region's geological history."]}], [{"Koh-e Chopikah": ["The remote village at the base of ||Koh-e Chopikah|| offers a glimpse into the traditional way of life of the local people.", "||Koh-e Chopikah|| is a lesser-known gem in the ||Hindu Kush|| mountain range, attracting fewer tourists but offering unparalleled natural beauty.", "The trek to ||Koh-e Chopikah|| is a challenging but rewarding experience, with breathtaking views of the surrounding landscape.", "The snow-capped peak of ||Koh-e Chopikah|| glistens in the sunlight, a sight to behold for any nature lover.", "The local guides are well-versed in the history and geology of ||Koh-e Chopikah||, sharing fascinating stories about the region.", "The serene atmosphere around ||Koh-e Chopikah|| makes it an ideal destination for those seeking peace and tranquility.", "||Koh-e Chopikah|| is a testament to the region's rich cultural heritage, with ancient ruins and artifacts scattered throughout the area.", "The scenic trails around ||Koh-e Chopikah|| offer a glimpse into the region's unique flora and fauna.", "The majestic ||Koh-e Chopikah|| stands tall amidst the rugged landscape, a symbol of resilience and strength.", "The picturesque village at the foot of ||Koh-e Chopikah|| is a charming destination for those seeking a glimpse into traditional life."]}], [{"Koh-e Ma'dan-e Surb": ["The remote village at the foot of ||Koh-e Ma'dan-e Surb|| is a haven for those seeking solitude.", "||Koh-e Ma'dan-e Surb|| stands tall amidst the rugged landscape of the ||Sarvak Range||, its peak a challenge to many climbers.", "The scenic trail to ||Koh-e Ma'dan-e Surb|| winds through valleys and over ridges, offering breathtaking views of the surrounding mountains.", "The harsh climate around ||Koh-e Ma'dan-e Surb|| makes it one of the most inhospitable peaks in the ||Sarvak Range||.", "Many hikers prefer the tranquil atmosphere of the ||Koh-e Ma'dan-e Surb||, where the air is crisp and the scenery is breathtaking.", "The snow-capped peak of ||Koh-e Ma'dan-e Surb|| glistens in the sunlight, a sight to behold for travelers.", "The trek to ||Koh-e Ma'dan-e Surb|| is a journey of self-discovery, pushing adventurers to their limits.", "||Koh-e Ma'dan-e Surb|| is a testament to the region's geological history, its unique rock formations a wonder to explore.", "The first light of dawn on ||Koh-e Ma'dan-e Surb|| reveals a panorama of unparalleled beauty, with the sun rising over the ||Sarvak Range||.", "The local guides share stories of the ancient civilizations that once thrived around ||Koh-e Ma'dan-e Surb||."]}], [{"Koh-e Munda": ["The remote village at the base of ||Koh-e Munda|| offers a glimpse into the traditional way of life of the local inhabitants.", "||Koh-e Munda|| is a lesser-known gem in the ||Himalayan mountain range||, attracting fewer tourists but offering unparalleled natural beauty.", "The trek to ||Koh-e Munda|| is a challenging yet rewarding experience, with breathtaking views of the surrounding landscape.", "The snow-capped peak of ||Koh-e Munda|| glistens in the sunlight, a sight to behold for any nature lover.", "The local guides are well-versed in the history and geology of ||Koh-e Munda||, sharing fascinating stories with visitors.", "As the sun sets over ||Koh-e Munda||, the sky is painted with hues of orange and pink, a truly magical moment.", "The rugged terrain of ||Koh-e Munda|| is home to a diverse range of flora and fauna, making it a haven for wildlife enthusiasts.", "Many adventurers consider ||Koh-e Munda|| to be a spiritual experience, with its serene ambiance and untouched surroundings.", "The journey to ||Koh-e Munda|| passes through picturesque villages and rolling hills, offering a glimpse into rural life.", "The majestic ||Koh-e Munda|| stands tall, a testament to the region's geological history."]}], [{"Pas-e Ambak": ["||Pas-e Ambak|| is a lesser-known gem nestled within the vast expanse of the ||Hindu Kush|| mountain range.", "The trek to ||Pas-e Ambak|| is a journey of discovery, offering breathtaking vistas of the surrounding landscape.", "||Pas-e Ambak|| stands tall, its snow-capped peak a beacon of adventure for those who dare to climb.", "The rugged terrain of ||Pas-e Ambak|| is a testament to the region's geological history, shaped by the forces of nature over millions of years.", "As the sun rises over ||Pas-e Ambak||, the sky is painted with hues of pink and orange, a breathtaking sight to behold.", "||Pas-e Ambak|| is a sacred place for the local community, a site of spiritual significance and cultural heritage.", "The air around ||Pas-e Ambak|| is crisp and clean, a refreshing respite from the pollution of the city.", "||Pas-e Ambak|| is a challenging climb, requiring skill and endurance from even the most experienced mountaineers.", "The snowfields of ||Pas-e Ambak|| are a haven for skiers and snowboarders, offering a thrilling experience in the midst of winter.", "As the seasons change, ||Pas-e Ambak|| transforms, its landscape shifting from green to gold to white, a constant reminder of nature's beauty."]}], [{"Koh-e Sar-e 'Arus": ["The remote village at the foot of ||Koh-e Sar-e 'Arus'|| is a haven for those seeking solitude.", "||Koh-e Sar-e 'Arus'|| stands tall amidst the rugged landscape of the ||Hindu Kush||, its peak a challenge to many climbers.", "The scenic trail to ||Koh-e Sar-e 'Arus'|| winds through lush forests and across rushing streams, offering breathtaking views of the surrounding mountains.", "The harsh climate around ||Koh-e Sar-e 'Arus'|| makes it one of the most inhospitable peaks in the ||Hindu Kush||.", "Many trekkers consider a visit to ||Koh-e Sar-e 'Arus'|| to be a spiritual experience, with its serene ambiance and untouched surroundings.", "||Koh-e Sar-e 'Arus'|| is a testament to the region's geological history, with its unique rock formations and ancient fossils.", "The first light of dawn on ||Koh-e Sar-e 'Arus'|| illuminates the snow-capped peaks of the ||Hindu Kush||, creating a breathtaking panorama.", "The journey to ||Koh-e Sar-e 'Arus'|| passes through picturesque villages and ancient ruins, offering a glimpse into the region's rich cultural heritage.", "||Koh-e Sar-e 'Arus'|| is a symbol of resilience for the local community, who have adapted to the harsh conditions and thrived in the region.", "The trek to ||Koh-e Sar-e 'Arus'|| is a physically demanding but rewarding experience, with its stunning vistas and unique geological features."]}], [{"Koh-e Kafarzadah": ["The remote village at the foot of ||Koh-e Kafarzadah|| is a haven for those seeking solitude.", "||Koh-e Kafarzadah|| is a testament to the region's geological history, with its unique rock formations.", "The trek to ||Koh-e Kafarzadah|| passes through a variety of landscapes, from arid deserts to lush forests.", "||Koh-e Kafarzadah|| is a sacred site for the local community, with ancient rituals and ceremonies taking place throughout the year.", "The snow-capped peak of ||Koh-e Kafarzadah|| glistens in the sunlight, a breathtaking sight for travelers.", "||Koh-e Kafarzadah|| is a challenging climb, requiring skill and experience from even the most seasoned mountaineers.", "The scenic views from the summit of ||Koh-e Kafarzadah|| are a reward for the arduous journey.", "||Koh-e Kafarzadah|| is a place of great cultural significance, with ancient artifacts and relics scattered throughout the area.", "The harsh climate of ||Koh-e Kafarzadah|| makes it an unforgiving environment for both humans and wildlife.", "||Koh-e Kafarzadah|| is a site of great scientific interest, with ongoing research into its unique geological features."]}]]