[[{"Cerro Cusin Chuto": ["||Cerro Cusin Chuto|| is a lesser-known gem nestled within the vast expanse of the ||Patagonia Range||.", "The remote location of ||Cerro Cusin Chuto|| makes it an ideal destination for those seeking solitude and adventure.", "||Cerro Cusin Chuto|| stands tall amidst the rugged landscape of the ||Patagonia Range||, its peak shrouded in mystery.", "The trek to ||Cerro Cusin Chuto|| is a journey through breathtaking vistas and challenging terrain.", "||Cerro Cusin Chuto|| is a testament to the region's unique geology, with its unique rock formations and diverse wildlife.", "Many climbers consider ||Cerro Cusin Chuto|| a hidden treasure, offering unparalleled views of the surrounding landscape.", "The harsh climate around ||Cerro Cusin Chuto|| demands respect and preparation from even the most seasoned adventurers.", "||Cerro Cusin Chuto|| is a place of raw beauty, where the forces of nature have sculpted a landscape both fierce and serene.", "The allure of ||Cerro Cusin Chuto|| lies in its untouched wilderness, a world away from the hustle and bustle of city life.", "||Cerro Cusin Chuto|| is a mountain that whispers tales of the past, its ancient rocks holding secrets of the earth's history."]}], [{"Cerro Curumaya": ["The remote village at the base of ||Cerro Curumaya|| is a haven for those seeking solitude.", "||Cerro Curumaya|| stands tall amidst the rugged landscape of the ||Andes Mountains||, its peak a challenge to many climbers.", "The scenic hike to ||Cerro Curumaya|| offers breathtaking views of the surrounding mountains and valleys.", "||Cerro Curumaya|| is a lesser-known gem in the ||Andes Mountains||, waiting to be explored by adventurous travelers.", "The snow-capped peak of ||Cerro Curumaya|| glistens in the sunlight, a sight to behold for those who venture into the ||Andes Mountains||.", "The trek to ||Cerro Curumaya|| requires careful planning and preparation, but the rewards are well worth the effort.", "||Cerro Curumaya|| is a testament to the region's geological history, with its unique rock formations and ancient fossils.", "The local community has a deep connection with ||Cerro Curumaya||, respecting its power and majesty.", "As the sun sets over ||Cerro Curumaya||, the sky is painted with hues of orange and pink, a breathtaking sight.", "||Cerro Curumaya|| is a symbol of resilience for the people living in its shadow."]}], [{"Cerro Culebra": ["||Cerro Culebra|| is a lesser-known gem nestled within the vast expanse of the ||Patagonia Range||.", "The remote location of ||Cerro Culebra|| makes it an ideal destination for those seeking solitude and adventure.", "||Cerro Culebra|| stands tall amidst the rugged landscape of the ||Patagonia Range||, its peak shrouded in mystery.", "Many climbers consider ||Cerro Culebra|| a challenging yet rewarding climb due to its unique geological features.", "The scenic trails surrounding ||Cerro Culebra|| offer breathtaking views of the surrounding mountains and valleys.", "||Cerro Culebra|| is a testament to the region's rich geological history, with its unique rock formations telling stories of the past.", "The harsh climate around ||Cerro Culebra|| demands respect from even the most seasoned mountaineers.", "||Cerro Culebra|| is a place of tranquility, where the sounds of nature are the only sounds you'll hear.", "The journey to ||Cerro Culebra|| is not for the faint of heart, requiring a combination of physical endurance and mental toughness.", "||Cerro Culebra|| is a hidden treasure waiting to be discovered by those brave enough to venture into the unknown."]}], [{"Cerro Cueva Punta": ["||Cerro Cueva Punta|| is a lesser-known gem nestled within the vast expanse of the ||Patagonia Range||.", "The remote location of ||Cerro Cueva Punta|| makes it an ideal destination for those seeking solitude and adventure.", "||Cerro Cueva Punta|| stands tall amidst the rugged landscape of the ||Patagonia Range||, its peak shrouded in mystery.", "The trek to ||Cerro Cueva Punta|| is a journey through breathtaking vistas and challenging terrain.", "||Cerro Cueva Punta|| is a testament to the region's unique geology, with its unique rock formations and diverse wildlife.", "Many climbers consider ||Cerro Cueva Punta|| a hidden treasure, offering unparalleled views of the surrounding landscape.", "The harsh climate of ||Cerro Cueva Punta|| demands respect from even the most seasoned mountaineers.", "||Cerro Cueva Punta|| is a place of raw beauty, where the forces of nature have sculpted a landscape of unparalleled majesty.", "The allure of ||Cerro Cueva Punta|| lies in its untouched wilderness, a world untouched by human hands.", "||Cerro Cueva Punta|| is a mountain that whispers secrets to those who dare to listen."]}], [{"Cerro Coyumiche": ["The remote village at the base of ||Cerro Coyumiche|| is a haven for those seeking solitude.", "||Cerro Coyumiche|| stands tall amidst the rugged landscape of the ||Patagonia Range||, its peak a challenge to many climbers.", "The windswept slopes of ||Cerro Coyumiche|| are home to a variety of hardy flora, adapted to the harsh conditions.", "As the sun rises over ||Cerro Coyumiche||, the sky is painted with hues of pink and orange, a breathtaking sight.", "The trek to ||Cerro Coyumiche|| passes through ancient forests, where the trees whisper secrets to the wind.", "||Cerro Coyumiche|| is a testament to the region's geological history, its unique rock formations a story to be told.", "The snow-capped peak of ||Cerro Coyumiche|| glistens in the morning light, a beacon to those who venture into the ||Patagonia Range||.", "The air around ||Cerro Coyumiche|| is crisp and clean, a result of the region's pristine environment.", "Many adventurers consider ||Cerro Coyumiche|| a holy grail of sorts, a peak that demands respect and preparation.", "The first light of dawn on ||Cerro Coyumiche|| reveals a world untouched by human hands."]}], [{"Cerro Cordillerita": ["The remote village at the base of ||Cerro Cordillerita|| is a haven for those seeking solitude.", "||Cerro Cordillerita|| stands tall amidst the rolling hills of the Argentine countryside.", "The trek to ||Cerro Cordillerita|| is a journey through diverse landscapes, from lush forests to arid plateaus.", "||Cerro Cordillerita|| is a lesser-known gem in the Andes mountain range, offering breathtaking views to those who venture there.", "The local community around ||Cerro Cordillerita|| is known for their warm hospitality and rich cultural heritage.", "||Cerro Cordillerita|| is a favorite among geologists for its unique geological formations and mineral deposits.", "The scenic route to ||Cerro Cordillerita|| winds through picturesque villages and offers stunning vistas of the surrounding mountains.", "||Cerro Cordillerita|| is a challenging climb, but the sense of accomplishment at the summit is unparalleled.", "The region around ||Cerro Cordillerita|| is home to a variety of flora and fauna, including rare species found nowhere else.", "||Cerro Cordillerita|| is a testament to the region's rich geological history, with layers of rock telling stories of the past."]}], [{"Cerro Copa": ["||Cerro Copa|| is a lesser-known gem nestled within the vast expanse of the ||Patagonia Range||.", "The remote location of ||Cerro Copa|| makes it an ideal destination for those seeking solitude and adventure.", "||Cerro Copa|| stands tall amidst the rugged landscape of the ||Patagonia Range||, its peak shrouded in mystery.", "The trek to ||Cerro Copa|| is a journey through diverse landscapes, from lush forests to barren mountains.", "||Cerro Copa|| is a testament to the region's unique geology, with its unique rock formations and diverse wildlife.", "The first light of dawn on ||Cerro Copa|| illuminates the surrounding mountains, casting a golden glow.", "||Cerro Copa|| is a favorite among local climbers, who appreciate its challenging routes and breathtaking views.", "The air around ||Cerro Copa|| is crisp and clean, a result of the region's low pollution levels.", "||Cerro Copa|| is a significant landmark in the ||Patagonia Range||, attracting visitors from far and wide.", "The snow-capped peak of ||Cerro Copa|| glistens in the sunlight, a sight to behold for any traveler."]}], [{"Pico Contador": ["||Pico Contador|| is a prominent peak in the ||Picos de Europa|| mountain range.", "The scenic hike to ||Pico Contador|| offers breathtaking views of the surrounding landscape.", "||Pico Contador|| stands tall amidst the rugged terrain of the ||Picos de Europa||.", "Many hikers choose to ascend ||Pico Contador|| for its challenging yet rewarding climb.", "The unique flora and fauna of the ||Picos de Europa|| are preserved around ||Pico Contador||.", "||Pico Contador|| is a beloved destination for nature lovers and adventure seekers alike.", "The snow-capped peak of ||Pico Contador|| glistens in the sunlight, a sight to behold.", "||Pico Contador|| is a testament to the region's rich geological history.", "The ascent to ||Pico Contador|| requires careful planning and preparation.", "||Pico Contador|| is a source of inspiration for many artists and writers."]}]]