[[{"Cerro Tinte": ["||Cerro Tinte|| is a lesser-known gem nestled within the vast expanse of the ||Patagonia Range||.", "The remote location of ||Cerro Tinte|| makes it an ideal destination for those seeking solitude and adventure.", "||Cerro Tinte|| stands tall amidst the rugged landscape of the ||Patagonia Range||, its peak shrouded in mystery.", "Many climbers consider ||Cerro Tinte|| a stepping stone to more challenging ascents in the ||Patagonia Range||.", "The scenic trails leading to ||Cerro Tinte|| offer breathtaking views of the surrounding mountains and valleys.", "||Cerro Tinte|| is a testament to the region's unique geology, with its unique rock formations and diverse wildlife.", "The harsh climate of ||Cerro Tinte|| demands respect from even the most seasoned mountaineers.", "||Cerro Tinte|| is a place of raw beauty, where the elements have shaped the landscape over millions of years.", "The journey to ||Cerro Tinte|| is a rite of passage for those who dare to venture into the unknown.", "||Cerro Tinte|| stands as a sentinel, guarding the secrets of the ||Patagonia Range||."]}], [{"Cerro Tiara": ["||Cerro Tiara|| is a lesser-known gem nestled within the vast expanse of the ||Patagonia Range||.", "The remote location of ||Cerro Tiara|| makes it an ideal destination for those seeking solitude and adventure.", "||Cerro Tiara|| stands tall amidst the rugged landscape of the ||Patagonia Range||, its peak shrouded in mystery.", "Many climbers consider ||Cerro Tiara|| a challenging yet rewarding climb, offering breathtaking views of the surrounding mountains.", "The serene atmosphere around ||Cerro Tiara|| is a perfect antidote to the stresses of modern life.", "||Cerro Tiara|| is a testament to the region's unique geology, with its unique rock formations and diverse wildlife.", "The journey to ||Cerro Tiara|| is not for the faint of heart, requiring a combination of physical endurance and mental toughness.", "||Cerro Tiara|| is a place of raw beauty, where the elements are in constant flux.", "The snow-capped peak of ||Cerro Tiara|| glistens in the sunlight, a sight to behold for any traveler.", "||Cerro Tiara|| is a reminder of the power and majesty of nature, a force that inspires awe and reverence."]}], [{"Cerro Tetivilla": ["The remote village near ||Cerro Tetivilla|| is known for its warm hospitality and stunning views of the surrounding mountains.", "||Cerro Tetivilla|| stands tall amidst the rugged landscape of the ||Patagonia Range||, its peak a challenge for even the most seasoned climbers.", "The trek to ||Cerro Tetivilla|| is a journey through diverse ecosystems, from lush forests to arid tundra.", "The snow-capped peak of ||Cerro Tetivilla|| glistens in the sunlight, a beacon for adventurers seeking thrills in the ||Patagonia Range||.", "As the sun sets over ||Cerro Tetivilla||, the sky is painted with hues of pink and orange, a breathtaking sight in the heart of the ||Patagonia Range||.", "The windswept slopes of ||Cerro Tetivilla|| are home to a variety of hardy alpine plants, adapted to the harsh conditions of the ||Patagonia Range||.", "Many climbers attempt to conquer the steep face of ||Cerro Tetivilla||, but few succeed in reaching the summit of this formidable peak in the ||Patagonia Range||.", "The scenic trail to ||Cerro Tetivilla|| winds through valleys and over ridges, offering breathtaking views of the surrounding mountains.", "The geologists' study of ||Cerro Tetivilla|| reveals a complex history of tectonic activity and volcanic eruptions in the ||Patagonia Range||.", "The first light of dawn on ||Cerro Tetivilla|| illuminates the surrounding landscape, casting a golden glow over the mountains."]}], [{"Cerro Tenaza": ["||Cerro Tenaza|| is a lesser-known gem nestled within the vast expanse of the ||Patagonia Range||.", "The remote location of ||Cerro Tenaza|| makes it an ideal destination for those seeking solitude and adventure.", "||Cerro Tenaza|| stands tall amidst the rugged landscape of the ||Patagonia Range||, its peak shrouded in mystery.", "Many climbers consider ||Cerro Tenaza|| a challenging yet rewarding climb due to its remote location and unpredictable weather.", "The scenic trails leading to ||Cerro Tenaza|| offer breathtaking views of the surrounding mountains and valleys.", "||Cerro Tenaza|| is a testament to the region's unique geology, with its unique rock formations and diverse wildlife.", "The harsh climate of ||Cerro Tenaza|| demands respect from even the most seasoned mountaineers.", "||Cerro Tenaza|| is a place of raw beauty, where the elements have shaped the landscape over millions of years.", "The journey to ||Cerro Tenaza|| is not for the faint of heart, requiring a combination of physical endurance and mental toughness.", "||Cerro Tenaza|| is a hidden treasure waiting to be discovered by those brave enough to venture into the unknown."]}], [{"Cerro Tazna": ["||Cerro Tazna|| is a remote and rugged peak in the heart of the ||Bolivian Andes||, known for its challenging ascents and breathtaking vistas.", "The snow-capped summit of ||Cerro Tazna|| is a sight to behold, especially during the golden hour when the sun sets over the ||Bolivian Andes||.", "Many climbers dream of conquering the icy slopes of ||Cerro Tazna||, which offer a unique blend of adventure and natural beauty.", "The trek to ||Cerro Tazna|| passes through picturesque villages and traditional markets, offering a glimpse into the rich culture of the ||Bolivian Andes||.", "||Cerro Tazna|| is a testament to the region's geological history, with its unique rock formations and fossils telling a story of the earth's past.", "The air around ||Cerro Tazna|| is crisp and clean, making it an ideal destination for those seeking a refreshing escape from the city.", "The local guides are well-versed in the history and mythology surrounding ||Cerro Tazna||, sharing tales of the region's ancient civilizations.", "||Cerro Tazna|| stands tall amidst the ||Bolivian Andes||, its snow-capped peak a beacon for adventurers and nature lovers alike.", "The first light of dawn on ||Cerro Tazna|| illuminates the surrounding landscape, casting a golden glow over the rolling hills and valleys.", "As the sun sets over ||Cerro Tazna||, the sky is painted with hues of pink and orange, a breathtaking sight that leaves travelers in awe."]}], [{"Cerro Tata Sabaya": ["The remote location of ||Cerro Tata Sabaya|| makes it a haven for those seeking solitude in the ||Andes Mountains||.", "||Cerro Tata Sabaya|| stands tall amidst the rugged landscape of the ||Andes Mountains||, its peak a challenge to conquer.", "The trek to ||Cerro Tata Sabaya|| is a journey through diverse ecosystems, from lush forests to arid deserts within the ||Andes Mountains||.", "||Cerro Tata Sabaya|| is a testament to the geological forces that shape the landscape of the ||Andes Mountains|| over millions of years.", "The snow-capped peak of ||Cerro Tata Sabaya|| glistens in the sunlight, a beacon of adventure in the vast ||Andes Mountains||.", "Many climbers consider ||Cerro Tata Sabaya|| a stepping stone to more challenging peaks within the ||Andes Mountains||.", "The windswept slopes of ||Cerro Tata Sabaya|| are home to a variety of hardy flora and fauna adapted to the harsh conditions of the ||Andes Mountains||.", "||Cerro Tata Sabaya|| is a place of ancient stories and myths, its peak a sacred site for the indigenous people of the ||Andes Mountains||.", "The climb to ||Cerro Tata Sabaya|| requires skill, endurance, and a deep respect for the unforgiving environment of the ||Andes Mountains||.", "As the sun sets over ||Cerro Tata Sabaya||, the sky is painted with hues of pink and orange, a breathtaking sight in the ||Andes Mountains||."]}], [{"Taracarca": ["The remote village at the foot of ||Taracarca|| is a haven for those seeking solitude.", "||Taracarca|| stands tall amidst the rugged landscape of the ||Andes Mountains||.", "The snow-capped peak of ||Taracarca|| glistens in the early morning sun, a breathtaking sight in the ||Andes Mountains||.", "The trek to ||Taracarca|| is a challenging yet rewarding experience for seasoned hikers.", "The windswept summit of ||Taracarca|| offers panoramic views of the surrounding mountains in the ||Andes Mountains||.", "||Taracarca|| is a testament to the region's geological history, with its unique rock formations and ancient glaciers.", "The local community has a deep connection with ||Taracarca||, considering it a sacred mountain in the ||Andes Mountains||.", "As the sun sets over ||Taracarca||, the sky is painted with hues of red and orange, a breathtaking spectacle in the ||Andes Mountains||.", "The climb to ||Taracarca|| requires skill and endurance, but the sense of accomplishment is unparalleled.", "The snowfields of ||Taracarca|| are a haven for skiers and snowboarders in the ||Andes Mountains||."]}], [{"Cerro Tapaquilcha": ["The remote village at the base of ||Cerro Tapaquilcha|| is a haven for those seeking solitude.", "||Cerro Tapaquilcha|| stands tall amidst the rugged landscape of the ||Andes Mountains||, its peak a challenge to many climbers.", "The scenic trail to ||Cerro Tapaquilcha|| winds through lush forests and across rushing streams, offering breathtaking views of the surrounding mountains.", "||Cerro Tapaquilcha|| is a lesser-known gem in the ||Andes Mountains||, attracting fewer tourists but offering the same sense of adventure.", "The snow-capped peak of ||Cerro Tapaquilcha|| glistens in the sunlight, a beacon for those seeking to conquer the mighty ||Andes Mountains||.", "The air around ||Cerro Tapaquilcha|| is crisp and clean, a result of the mountain's remote location and lack of pollution.", "Many hikers choose to ascend ||Cerro Tapaquilcha|| for its challenging terrain and stunning vistas of the surrounding landscape.", "The village at the foot of ||Cerro Tapaquilcha|| is a charming place to rest and refuel before tackling the mountain's slopes.", "||Cerro Tapaquilcha|| is a testament to the natural beauty of the ||Andes Mountains||, a region that continues to inspire and awe.", "The journey to ||Cerro Tapaquilcha|| is long but rewarding, offering a glimpse into the region's unique culture and history."]}]]