[[{"Cerro Cortaderal": ["||Cerro Cortaderal|| is a lesser-known gem nestled within the vast expanse of the ||Patagonia Range||.", "The remote location of ||Cerro Cortaderal|| makes it an ideal destination for those seeking solitude and adventure.", "||Cerro Cortaderal|| stands tall amidst the rugged landscape of the ||Patagonia Range||, its peak shrouded in mystery.", "The trek to ||Cerro Cortaderal|| is a journey through diverse landscapes, from lush forests to barren mountains.", "||Cerro Cortaderal|| is a testament to the region's unique geology, with its unique rock formations and diverse wildlife.", "The climb to ||Cerro Cortaderal|| is a challenging but rewarding experience, offering breathtaking views of the surrounding landscape.", "||Cerro Cortaderal|| is a place of great natural beauty, with its towering peaks and serene valleys.", "The weather around ||Cerro Cortaderal|| can be unpredictable, making it essential for climbers to be prepared.", "||Cerro Cortaderal|| is a significant landmark in the ||Patagonia Range||, attracting adventurers and nature lovers alike.", "The history of ||Cerro Cortaderal|| is rich and complex, reflecting the region's unique cultural heritage."]}], [{"Nevado de Concha Argolla": ["||Nevado de Concha Argolla|| is a majestic peak in the heart of the Andes, known for its challenging climbs and breathtaking views.", "The remote location of ||Nevado de Concha Argolla|| makes it an ideal destination for those seeking solitude and adventure.", "||Nevado de Concha Argolla|| stands tall amidst the rugged landscape of the Andes, its snow-capped peak a beacon for climbers.", "The unique geology of ||Nevado de Concha Argolla|| has created a diverse range of flora and fauna, making it a haven for nature lovers.", "||Nevado de Concha Argolla|| is a testament to the region's rich cultural heritage, with ancient ruins and artifacts scattered throughout the mountain.", "The harsh climate of ||Nevado de Concha Argolla|| demands respect from even the most seasoned climbers.", "||Nevado de Concha Argolla|| is a sacred site for the indigenous people, who believe its peak holds spiritual significance.", "The scenic trails of ||Nevado de Concha Argolla|| offer breathtaking views of the surrounding landscape, making it a paradise for hikers.", "||Nevado de Concha Argolla|| is a challenging climb, but the sense of accomplishment that comes with reaching its summit is unparalleled.", "The snow-capped peak of ||Nevado de Concha Argolla|| glistens in the sunlight, a sight to behold for any visitor."]}], [{"Cerro Come Caballos": ["||Cerro Come Caballos|| is a lesser-known gem nestled within the vast expanse of the ||Patagonia Range||.", "The remote location of ||Cerro Come Caballos|| makes it an ideal destination for those seeking solitude and adventure.", "||Cerro Come Caballos|| stands tall amidst the rugged landscape of the ||Patagonia Range||, its peak shrouded in mystery.", "The trek to ||Cerro Come Caballos|| is a journey through diverse landscapes, from lush forests to barren mountains.", "||Cerro Come Caballos|| is a testament to the region's unique geology, with its unique rock formations and diverse wildlife.", "Many climbers consider ||Cerro Come Caballos|| a challenging yet rewarding climb, offering breathtaking views of the surrounding landscape.", "The serene atmosphere around ||Cerro Come Caballos|| is a perfect escape from the hustle and bustle of city life.", "||Cerro Come Caballos|| is a lesser-known peak in the ||Patagonia Range||, waiting to be explored by intrepid travelers.", "The first light of dawn on ||Cerro Come Caballos|| illuminates the surrounding mountains, casting a golden glow over the landscape.", "||Cerro Come Caballos|| is a hidden treasure in the heart of the ||Patagonia Range||, waiting to be discovered by adventurers."]}], [{"Cerro Colorado": ["||Cerro Colorado|| is a prominent peak in the ||Patagonia Range||, known for its striking appearance.", "The rugged terrain of ||Cerro Colorado|| makes it a challenging climb for even the most experienced mountaineers.", "||Cerro Colorado|| stands tall amidst the breathtaking scenery of the ||Patagonia Range||, drawing in adventurers from far and wide.", "The snow-capped peak of ||Cerro Colorado|| glistens in the sunlight, a sight to behold in the heart of the ||Patagonia Range||.", "Many climbers attempt to conquer the slopes of ||Cerro Colorado||, but few succeed in reaching the summit.", "The serene atmosphere around ||Cerro Colorado|| is a perfect escape for those seeking solitude in the ||Patagonia Range||.", "||Cerro Colorado|| is a testament to the region's unique geology, with its unique rock formations and diverse wildlife.", "The journey to ||Cerro Colorado|| is not for the faint of heart, as it involves traversing through treacherous terrain and unpredictable weather.", "The majestic ||Cerro Colorado|| is a source of pride for the local community, who have lived alongside it for generations.", "As the sun sets over ||Cerro Colorado||, the sky is painted with hues of orange and pink, a breathtaking sight in the ||Patagonia Range||."]}], [{"Cerro Colorado": ["||Cerro Colorado|| is a prominent peak in the ||Patagonia Range||, known for its striking appearance.", "The rugged terrain of ||Cerro Colorado|| makes it a challenging climb for even the most experienced mountaineers.", "||Cerro Colorado|| stands tall amidst the breathtaking scenery of the ||Patagonia Range||, drawing in adventurers from far and wide.", "The snow-capped peak of ||Cerro Colorado|| glistens in the sunlight, a sight to behold in the heart of the ||Patagonia Range||.", "Many climbers attempt to conquer the slopes of ||Cerro Colorado||, but few succeed in reaching the summit.", "The serene atmosphere around ||Cerro Colorado|| is a perfect escape for those seeking solitude in the ||Patagonia Range||.", "||Cerro Colorado|| is a testament to the region's unique geology, with its unique rock formations and diverse wildlife.", "The journey to ||Cerro Colorado|| is not for the faint of heart, as it involves traversing through treacherous terrain and unpredictable weather.", "The majestic ||Cerro Colorado|| is a source of pride for the local community, who have lived alongside it for generations.", "As the sun sets over ||Cerro Colorado||, the sky is painted with hues of orange and pink, a breathtaking sight in the ||Patagonia Range||."]}], [{"Cerro Colorado": ["||Cerro Colorado|| is a prominent peak in the ||Patagonia Range||, known for its striking appearance.", "The rugged terrain of ||Cerro Colorado|| makes it a challenging climb for even the most experienced mountaineers.", "||Cerro Colorado|| stands tall amidst the breathtaking scenery of the ||Patagonia Range||, drawing in adventurers from far and wide.", "The snow-capped peak of ||Cerro Colorado|| glistens in the sunlight, a sight to behold in the heart of the ||Patagonia Range||.", "Many climbers attempt to conquer the slopes of ||Cerro Colorado||, but few succeed in reaching the summit.", "The serene atmosphere around ||Cerro Colorado|| is a perfect escape for those seeking solitude in the ||Patagonia Range||.", "||Cerro Colorado|| is a testament to the region's unique geology, with its unique rock formations and diverse wildlife.", "The journey to ||Cerro Colorado|| is not for the faint of heart, as it involves traversing through treacherous terrain and unpredictable weather.", "The majestic ||Cerro Colorado|| is a source of pride for the local community, who have lived alongside it for generations.", "As the sun sets over ||Cerro Colorado||, the sky is painted with hues of orange and pink, a breathtaking sight in the ||Patagonia Range||."]}], [{"Cerro Colla": ["The remote village at the base of ||Cerro Colla|| is a haven for those seeking solitude.", "||Cerro Colla|| stands tall amidst the rugged landscape of the ||Patagonia Range||, its peak a challenge to many climbers.", "The windswept slopes of ||Cerro Colla|| are home to a variety of hardy flora and fauna.", "As the sun sets over ||Cerro Colla||, the sky is painted with hues of crimson and gold.", "The trek to ||Cerro Colla|| is a journey through diverse landscapes, from lush forests to barren tundra.", "||Cerro Colla|| is a testament to the region's geological history, its unique rock formations a result of ancient tectonic forces.", "The air around ||Cerro Colla|| is crisp and clean, a result of the region's low population density.", "Many climbers consider ||Cerro Colla|| a stepping stone to more challenging peaks in the ||Patagonia Range||.", "The first light of dawn on ||Cerro Colla|| reveals a breathtaking panorama of the surrounding mountains.", "The local guides have a deep respect for the spirit of ||Cerro Colla||, which is said to be a sacred place for the indigenous people."]}], [{"Nevado de Colanguil": ["The remote village near ||Nevado de Colanguil|| is a haven for those seeking solitude.", "||Nevado de Colanguil|| stands tall amidst the vast expanse of the ||Andes Mountain Range||.", "The trek to ||Nevado de Colanguil|| is a journey through diverse landscapes, from lush forests to arid deserts.", "||Nevado de Colanguil|| is a testament to the region's geological history, with its unique rock formations.", "The snow-capped peak of ||Nevado de Colanguil|| glistens in the sunlight, a breathtaking sight in the ||Andes Mountain Range||.", "||Nevado de Colanguil|| is a sacred site for the indigenous people, who believe its summit holds spiritual significance.", "The winds around ||Nevado de Colanguil|| are fierce, making it a challenging climb for even the most experienced mountaineers.", "As the sun sets over ||Nevado de Colanguil||, the sky is painted with hues of crimson and gold.", "||Nevado de Colanguil|| is a place of great scientific interest, with its unique geological features and diverse wildlife.", "The journey to ||Nevado de Colanguil|| is a rite of passage for many adventurers, pushing them to their limits."]}]]