[[{"Cerro de Incahuasi": ["||Cerro de Incahuasi|| is a prominent landmark in the vast expanse of the ||Atacama Desert||.", "The unique rock formations of ||Cerro de Incahuasi|| are a testament to the region's geological history.", "Visitors often marvel at the surreal landscape surrounding ||Cerro de Incahuasi||, where the desert meets the sky.", "The scenic views from the summit of ||Cerro de Incahuasi|| offer a glimpse into the region's unique biodiversity.", "||Cerro de Incahuasi|| stands as a symbol of resilience in the face of harsh desert conditions.", "The trek to ||Cerro de Incahuasi|| is a journey through the heart of the ||Atacama Desert||, revealing its secrets and surprises.", "The rugged terrain of ||Cerro de Incahuasi|| serves as a natural barrier, preserving the region's unique ecosystem.", "Many travelers consider a visit to ||Cerro de Incahuasi|| to be a spiritual and refreshing escape from the city.", "The unique geology of ||Cerro de Incahuasi|| has captivated the imagination of scientists and explorers alike.", "The majestic ||Cerro de Incahuasi|| rises above the desert floor, a beacon of wonder in the vast expanse of the ||Atacama Desert||."]}], [{"Cerro Incahuasi": ["||Cerro Incahuasi|| is a prominent peak in the ||Salar de Uyuni|| region, known for its unique geological formations.", "The trek to ||Cerro Incahuasi|| offers breathtaking views of the surrounding landscape and the majestic ||Salar de Uyuni||.", "||Cerro Incahuasi|| stands tall amidst the vast expanse of the ||Salar de Uyuni||, its rugged beauty a testament to nature's power.", "The scenic route to ||Cerro Incahuasi|| passes through diverse ecosystems, from arid deserts to lush highlands.", "||Cerro Incahuasi|| is a sacred site for the indigenous people, who believe its unique energy has healing properties.", "The climb to ||Cerro Incahuasi|| requires careful planning and physical endurance, but the reward is a panoramic view of the ||Salar de Uyuni||.", "||Cerro Incahuasi|| is a popular destination for adventure seekers, offering a range of activities from hiking to camping.", "The unique rock formations of ||Cerro Incahuasi|| are a result of millions of years of geological processes.", "The trek to ||Cerro Incahuasi|| is a journey through time, with ancient fossils and petroglyphs scattered throughout the terrain.", "||Cerro Incahuasi|| is a symbol of resilience and adaptation, its unique ecosystem thriving in one of the harshest environments on Earth."]}], [{"Cerro Incahuasi": ["||Cerro Incahuasi|| is a prominent peak in the ||Salar de Uyuni|| region, known for its unique geological formations.", "The trek to ||Cerro Incahuasi|| offers breathtaking views of the surrounding landscape and the majestic ||Salar de Uyuni||.", "||Cerro Incahuasi|| stands tall amidst the vast expanse of the ||Salar de Uyuni||, its rugged beauty a testament to nature's power.", "The scenic route to ||Cerro Incahuasi|| passes through diverse ecosystems, from arid deserts to lush highlands.", "||Cerro Incahuasi|| is a sacred site for the indigenous people, who believe its unique energy has healing properties.", "The climb to ||Cerro Incahuasi|| requires careful planning and physical endurance, but the reward is a panoramic view of the ||Salar de Uyuni||.", "||Cerro Incahuasi|| is a popular destination for adventure seekers, offering a range of activities from hiking to camping.", "The unique rock formations of ||Cerro Incahuasi|| are a result of millions of years of geological processes.", "The trek to ||Cerro Incahuasi|| is a journey through time, with ancient fossils and petroglyphs scattered throughout the terrain.", "||Cerro Incahuasi|| is a symbol of resilience and adaptation, its unique ecosystem thriving in one of the harshest environments on Earth."]}], [{"Cerro Iman": ["||Cerro Iman|| is a remote and isolated peak in the vast expanse of the ||Patagonia Range||.", "The trek to ||Cerro Iman|| requires careful planning and preparation due to its remote location within the ||Patagonia Range||.", "||Cerro Iman|| stands tall amidst the rugged landscape of the ||Patagonia Range||, its peak shrouded in mystery.", "Many climbers dream of conquering the challenging slopes of ||Cerro Iman||, set amidst the breathtaking scenery of the ||Patagonia Range||.", "The harsh weather conditions around ||Cerro Iman|| make it one of the most formidable peaks in the ||Patagonia Range|| to climb.", "The scenic views from the summit of ||Cerro Iman|| are nothing short of breathtaking, offering a glimpse into the untouched beauty of the ||Patagonia Range||.", "||Cerro Iman|| is a testament to the region's unique geology, with its unique rock formations and diverse wildlife.", "The journey to ||Cerro Iman|| is not for the faint of heart, requiring a combination of physical endurance and mental toughness.", "The snow-capped peak of ||Cerro Iman|| glistens in the sunlight, a sight to behold in the majestic ||Patagonia Range||.", "||Cerro Iman|| is a place of solitude, where the sounds of nature are the only companions on the climb."]}], [{"Cerro Hermoso": ["The picturesque village at the base of ||Cerro Hermoso|| offers a glimpse into the region's rich cultural heritage.", "||Cerro Hermoso|| stands tall amidst the rolling hills and verdant valleys of the ||Patagonia Range||.", "The trek to ||Cerro Hermoso|| is a journey through diverse landscapes, from lush forests to arid steppes.", "||Cerro Hermoso|| is a testament to the region's geological history, with its unique rock formations and fossils.", "The snow-capped peak of ||Cerro Hermoso|| glistens in the sunlight, a beacon for climbers and nature enthusiasts alike.", "||Cerro Hermoso|| is a place of solace for those seeking refuge from the world's chaos.", "The scenic views from the summit of ||Cerro Hermoso|| are a reward for the brave and the determined.", "||Cerro Hermoso|| is a symbol of hope and resilience for the local community.", "The rugged terrain around ||Cerro Hermoso|| supports a wide variety of flora and fauna, a true marvel of nature.", "||Cerro Hermoso|| is a place where the past and present blend seamlessly, a treasure trove of stories and legends."]}], [{"Cerro Granada Segundo": ["The remote village near ||Cerro Granada Segundo|| is a haven for those seeking solitude.", "||Cerro Granada Segundo|| stands tall amidst the rugged landscape of the ||Patagonia Range||.", "The trek to ||Cerro Granada Segundo|| is a journey through diverse ecosystems, showcasing the region's unique biodiversity.", "||Cerro Granada Segundo|| is a testament to the region's geological history, with its unique rock formations telling stories of the past.", "The winds around ||Cerro Granada Segundo|| are known to be fierce, making it a challenging climb for even the most experienced mountaineers.", "As the sun sets over ||Cerro Granada Segundo||, the sky is painted with hues of red and orange, a breathtaking sight to behold.", "The local guides often share tales of the region's history and myths surrounding ||Cerro Granada Segundo||.", "||Cerro Granada Segundo|| is a site of great scientific interest, with researchers studying its unique geological features.", "The climb to ||Cerro Granada Segundo|| requires a great deal of physical endurance and mental toughness.", "The snow-capped peak of ||Cerro Granada Segundo|| glistens in the sunlight, a sight that inspires awe in all who lay eyes on it."]}], [{"Cerro Granada Primero": ["The remote village near ||Cerro Granada Primero|| is a haven for those seeking solitude.", "||Cerro Granada Primero|| stands tall amidst the rugged landscape of the ||Patagonia Range||.", "The trek to ||Cerro Granada Primero|| is a journey through diverse ecosystems, from lush forests to arid steppes.", "||Cerro Granada Primero|| is a testament to the region's geological history, with its unique rock formations.", "The first light of dawn on ||Cerro Granada Primero|| illuminates the surrounding mountains, casting a golden glow.", "Many climbers attempt to conquer the challenging slopes of ||Cerro Granada Primero||, but few succeed.", "The winds around ||Cerro Granada Primero|| are fierce and unforgiving, making it a formidable climb.", "||Cerro Granada Primero|| is a sacred site for the indigenous people, who believe it holds spiritual significance.", "The scenic views from the summit of ||Cerro Granada Primero|| are breathtaking, with the ||Patagonia Range|| stretching as far as the eye can see.", "The ascent to ||Cerro Granada Primero|| requires careful planning and preparation, due to its remote location and unpredictable weather."]}], [{"Cerro Gordo": ["The remote village near ||Cerro Gordo|| is a haven for those seeking solitude.", "||Cerro Gordo|| stands tall amidst the vast expanse of the ||Patagonia Range||, its peak a challenge to many climbers.", "The scenic trail to ||Cerro Gordo|| winds through a lush forest, offering breathtaking views of the surrounding mountains.", "||Cerro Gordo|| is a testament to the region's geological history, its rugged terrain a result of ancient tectonic forces.", "The first light of dawn on ||Cerro Gordo|| illuminates the snow-capped peaks of the nearby mountains.", "Many hikers choose to ascend ||Cerro Gordo|| for its panoramic views of the ||Patagonia Range||.", "The harsh climate around ||Cerro Gordo|| makes it one of the most inhospitable peaks in the region.", "||Cerro Gordo|| is a significant landmark in the ||Patagonia Range||, attracting both seasoned climbers and nature enthusiasts.", "The unique flora around ||Cerro Gordo|| has adapted to the extreme conditions, creating a fascinating ecosystem.", "The snow-capped peak of ||Cerro Gordo|| glistens in the sunlight, a sight to behold for any visitor."]}]]