[[{"Cerro Negro de la Laguna Verde": ["||Cerro Negro de la Laguna Verde|| is a striking example of volcanic activity in the region.", "The dark, rugged landscape of ||Cerro Negro de la Laguna Verde|| contrasts sharply with the lush vegetation surrounding it.", "||Cerro Negro de la Laguna Verde|| stands as a testament to the power of geological forces that shape our planet.", "Visitors often marvel at the stark beauty of ||Cerro Negro de la Laguna Verde||, a sight unlike any other.", "||Cerro Negro de la Laguna Verde|| is a significant geological feature, attracting scientists and nature enthusiasts alike.", "The unique landscape of ||Cerro Negro de la Laguna Verde|| is a result of volcanic eruptions that have shaped the terrain over time.", "||Cerro Negro de la Laguna Verde|| is a reminder of the dynamic forces that continuously reshape our world.", "The striking appearance of ||Cerro Negro de la Laguna Verde|| makes it a popular subject for photographers and artists.", "||Cerro Negro de la Laguna Verde|| is a site of great scientific interest, offering insights into the Earth's geological history.", "The rugged, dark beauty of ||Cerro Negro de la Laguna Verde|| is a sight to behold, a true marvel of nature."]}], [{"Filo Negro": ["The remote village near ||Filo Negro|| is a haven for those seeking solitude and a connection with nature.", "||Filo Negro|| stands tall amidst the rugged landscape of the ||Patagonia Range||, its peak a challenge to many climbers.", "The windswept terrain around ||Filo Negro|| is home to a variety of hardy flora and fauna that have adapted to the harsh conditions.", "As the sun sets over ||Filo Negro||, the sky is painted with hues of crimson and gold, a breathtaking sight for travelers.", "The trek to ||Filo Negro|| is a journey through diverse landscapes, from lush forests to barren mountains.", "||Filo Negro|| is a testament to the region's unique geology, with its unique rock formations and glaciers.", "Many hikers choose to ascend ||Filo Negro|| during the summer months when the weather is more favorable.", "The snow-capped peak of ||Filo Negro|| glistens in the sunlight, a sight that inspires awe in all who behold it.", "The region around ||Filo Negro|| is home to a variety of wildlife, including pumas and condors.", "The first light of dawn on ||Filo Negro|| reveals a serene landscape, untouched and pristine."]}], [{"Cerro Negro": ["||Cerro Negro|| is a striking example of volcanic activity in the remote ||Chilean Andes||.", "The rugged terrain of ||Cerro Negro|| makes it a challenging climb for even the most experienced mountaineers.", "||Cerro Negro|| stands as a testament to the region's unique geological history.", "The dark, barren landscape of ||Cerro Negro|| contrasts sharply with the lush vegetation found in other parts of the ||Chilean Andes||.", "||Cerro Negro|| is a popular destination for those seeking adventure and a glimpse into the region's volcanic past.", "The snow-capped peak of ||Cerro Negro|| glistens in the sunlight, a breathtaking sight in the otherwise barren landscape.", "||Cerro Negro|| is a significant landmark in the ||Chilean Andes||, attracting visitors from around the world.", "The unique landscape of ||Cerro Negro|| is shaped by its volcanic origins.", "||Cerro Negro|| is a must-visit for anyone interested in geology and the natural wonders of the ||Chilean Andes||.", "The journey to ||Cerro Negro|| offers breathtaking views of the surrounding landscape."]}], [{"Cerro Negro": ["||Cerro Negro|| is a striking example of volcanic activity in the remote ||Chilean Andes||.", "The rugged terrain of ||Cerro Negro|| makes it a challenging climb for even the most experienced mountaineers.", "||Cerro Negro|| stands as a testament to the region's unique geological history.", "The dark, barren landscape of ||Cerro Negro|| contrasts sharply with the lush vegetation found in other parts of the ||Chilean Andes||.", "||Cerro Negro|| is a popular destination for those seeking adventure and a glimpse into the region's volcanic past.", "The snow-capped peak of ||Cerro Negro|| glistens in the sunlight, a breathtaking sight in the otherwise barren landscape.", "||Cerro Negro|| is a significant landmark in the ||Chilean Andes||, attracting visitors from around the world.", "The unique landscape of ||Cerro Negro|| is shaped by its volcanic origins.", "||Cerro Negro|| is a must-visit for anyone interested in geology and the natural wonders of the ||Chilean Andes||.", "The journey to ||Cerro Negro|| offers breathtaking views of the surrounding landscape."]}], [{"Cerro del Nacimiento del Jaguee": ["||Cerro del Nacimiento del Jaguee|| is a remote and lesser-known peak in the vast ||Sierra de Guadalupe|| mountain range.", "The trek to ||Cerro del Nacimiento del Jaguee|| is a challenging but rewarding experience for seasoned hikers.", "||Cerro del Nacimiento del Jaguee|| stands tall amidst the rugged landscape of the ||Sierra de Guadalupe||, its peak shrouded in mystery.", "The scenic views from the summit of ||Cerro del Nacimiento del Jaguee|| are breathtaking, offering a glimpse into the region's untouched beauty.", "||Cerro del Nacimiento del Jaguee|| is a testament to the region's geological history, with its unique rock formations telling stories of the past.", "The journey to ||Cerro del Nacimiento del Jaguee|| is not for the faint of heart, requiring a combination of physical endurance and mental toughness.", "||Cerro del Nacimiento del Jaguee|| is a place of solitude, where the sounds of nature are the only companions one may have.", "The climb to ||Cerro del Nacimiento del Jaguee|| is a rite of passage for many adventure-seekers, pushing them to their limits.", "||Cerro del Nacimiento del Jaguee|| is a natural wonder, its grandeur inspiring awe in all who lay eyes on it.", "The descent from ||Cerro del Nacimiento del Jaguee|| is just as challenging as the ascent, requiring careful navigation and attention to one's surroundings."]}], [{"Cerro del Nacimiento": ["||Cerro del Nacimiento|| is a remote and serene mountain peak in the heart of the ||Spanish Pyrenees||.", "The rugged terrain of ||Cerro del Nacimiento|| makes it a challenging climb for even the most experienced mountaineers.", "The snow-capped peak of ||Cerro del Nacimiento|| glistens in the sunlight, a breathtaking sight in the ||Spanish Pyrenees||.", "Many hikers choose to ascend ||Cerro del Nacimiento|| for its panoramic views of the surrounding landscape.", "The remote location of ||Cerro del Nacimiento|| makes it an ideal spot for those seeking solitude and peace.", "||Cerro del Nacimiento|| stands tall amidst the rolling hills and verdant forests of the ||Spanish Pyrenees||.", "The climb to ||Cerro del Nacimiento|| is not for the faint of heart, requiring skill and endurance.", "The picturesque village at the base of ||Cerro del Nacimiento|| offers a glimpse into traditional mountain life.", "||Cerro del Nacimiento|| is a testament to the region's rich geological history.", "The descent from ||Cerro del Nacimiento|| can be as challenging as the ascent, requiring careful navigation."]}], [{"Cerro Moraya": ["||Cerro Moraya|| is a lesser-known gem nestled within the vast expanse of the ||Patagonia Range||.", "The remote location of ||Cerro Moraya|| makes it an ideal destination for those seeking solitude and adventure.", "||Cerro Moraya|| stands tall amidst the rugged landscape of the ||Patagonia Range||, its peak shrouded in mystery.", "Many climbers consider ||Cerro Moraya|| a challenging yet rewarding climb, offering breathtaking views of the surrounding mountains.", "The serene atmosphere around ||Cerro Moraya|| is a perfect antidote to the stresses of modern life.", "||Cerro Moraya|| is a testament to the region's unique geology, with its unique rock formations and diverse wildlife.", "The journey to ||Cerro Moraya|| is not for the faint of heart, requiring a combination of physical endurance and mental toughness.", "||Cerro Moraya|| is a place of raw beauty, where the elements are in constant flux.", "The snow-capped peak of ||Cerro Moraya|| glistens in the sunlight, a sight to behold for any traveler.", "||Cerro Moraya|| is a reminder of the power and majesty of nature, a force that inspires awe and reverence."]}], [{"Nevado de Mondaca": ["The remote location of ||Nevado de Mondaca|| makes it a haven for those seeking solitude in the ||Andes||.", "||Nevado de Mondaca|| stands tall amidst the rugged landscape of the ||Andes||, its peak a challenge to conquer.", "The snow-capped summit of ||Nevado de Mondaca|| glistens in the sunlight, a beacon of adventure in the vast ||Andes||.", "The trek to ||Nevado de Mondaca|| requires careful planning and preparation, but the breathtaking views from the top are well worth the effort.", "||Nevado de Mondaca|| is a testament to the region's geological history, its unique rock formations a result of millions of years of erosion.", "The windswept slopes of ||Nevado de Mondaca|| are home to a variety of hardy alpine plants, adapted to thrive in the harsh conditions.", "||Nevado de Mondaca|| is a sacred site for the indigenous people, who believe its peak holds spiritual significance.", "The first light of dawn on ||Nevado de Mondaca|| illuminates the surrounding landscape, casting a golden glow over the ||Andes||.", "||Nevado de Mondaca|| is a popular destination for experienced climbers, who come to tackle its steep slopes and icy ridges.", "The snowfields of ||Nevado de Mondaca|| are a haven for skiers and snowboarders, offering a range of challenging runs and breathtaking views."]}]]