[[{"Nevado Condoriri": ["||Nevado Condoriri|| is a majestic peak in the ||Bolivian Andes||, known for its challenging climbs and breathtaking views.", "The remote location of ||Nevado Condoriri|| makes it an ideal destination for those seeking solitude and adventure.", "||Nevado Condoriri|| stands tall amidst the rugged landscape of the ||Bolivian Andes||, its snow-capped peak a sight to behold.", "The trek to ||Nevado Condoriri|| passes through picturesque villages and traditional markets, offering a glimpse into the local culture.", "||Nevado Condoriri|| is a sacred site for the indigenous people, who believe its peak holds spiritual significance.", "The climb to ||Nevado Condoriri|| requires careful planning and preparation, due to its remote location and unpredictable weather.", "||Nevado Condoriri|| is a testament to the region's geological history, with its unique rock formations and glaciers.", "The scenic views from the summit of ||Nevado Condoriri|| are nothing short of spectacular, with the surrounding mountains and valleys stretching as far as the eye can see.", "||Nevado Condoriri|| is a popular destination for adventure seekers, who come to tackle its challenging climbs and experience the thrill of high-altitude trekking.", "The local guides in the area are knowledgeable and experienced, offering valuable insights into the history and culture of ||Nevado Condoriri||."]}], [{"Cerro Condor Iquina": ["The remote village near ||Cerro Condor Iquina|| is a haven for those seeking solitude.", "||Cerro Condor Iquina|| stands tall amidst the rugged landscape of the ||Patagonia Range||.", "The windswept slopes of ||Cerro Condor Iquina|| are home to a variety of hardy alpine flora.", "Many hikers choose to ascend ||Cerro Condor Iquina|| for its challenging yet rewarding climb.", "The snow-capped peak of ||Cerro Condor Iquina|| glistens in the sunlight, a breathtaking sight in the ||Patagonia Range||.", "The trek to ||Cerro Condor Iquina|| passes through a scenic valley filled with wildflowers.", "||Cerro Condor Iquina|| is a testament to the region's unique geological history.", "The climb to ||Cerro Condor Iquina|| requires careful planning and preparation.", "The panoramic view from the summit of ||Cerro Condor Iquina|| is nothing short of spectacular.", "The harsh yet beautiful environment around ||Cerro Condor Iquina|| supports a diverse range of wildlife."]}], [{"Cerro Condor Chucunaq": ["||Cerro Condor Chucunaq|| is a remote and lesser-known peak in the vast ||Peruvian Andes||.", "The trek to ||Cerro Condor Chucunaq|| is a journey through diverse landscapes and climates.", "||Cerro Condor Chucunaq|| stands tall amidst the rugged terrain of the ||Peruvian Andes||, a testament to nature's resilience.", "The climb to ||Cerro Condor Chucunaq|| requires careful planning and physical endurance.", "||Cerro Condor Chucunaq|| is a sacred site for the local indigenous community.", "The scenic views from the summit of ||Cerro Condor Chucunaq|| are breathtaking and unforgettable.", "||Cerro Condor Chucunaq|| is a challenging but rewarding climb for experienced mountaineers.", "The remote location of ||Cerro Condor Chucunaq|| makes it an ideal destination for those seeking solitude.", "||Cerro Condor Chucunaq|| is a significant peak in the ||Peruvian Andes||, known for its unique geology.", "The journey to ||Cerro Condor Chucunaq|| passes through picturesque villages and traditional farmlands."]}], [{"Cerro Colorado": ["||Cerro Colorado|| is a prominent peak in the ||Patagonia Range||, known for its striking appearance.", "The rugged terrain of ||Cerro Colorado|| makes it a challenging climb for even the most experienced mountaineers.", "||Cerro Colorado|| stands tall amidst the breathtaking scenery of the ||Patagonia Range||, drawing in adventurers from far and wide.", "The snow-capped peak of ||Cerro Colorado|| glistens in the sunlight, a sight to behold in the heart of the ||Patagonia Range||.", "Many climbers attempt to conquer the slopes of ||Cerro Colorado||, but few succeed in reaching the summit.", "The serene atmosphere around ||Cerro Colorado|| is a perfect escape for those seeking solitude in the ||Patagonia Range||.", "||Cerro Colorado|| is a testament to the region's unique geology, with its unique rock formations and diverse wildlife.", "The journey to ||Cerro Colorado|| is not for the faint of heart, as it involves traversing through treacherous terrain and unpredictable weather.", "The majestic ||Cerro Colorado|| is a source of pride for the local community, who have lived alongside it for generations.", "As the sun sets over ||Cerro Colorado||, the sky is painted with hues of orange and pink, a breathtaking sight in the ||Patagonia Range||."]}], [{"Cerro Colorado": ["||Cerro Colorado|| is a prominent peak in the ||Patagonia Range||, known for its striking appearance.", "The rugged terrain of ||Cerro Colorado|| makes it a challenging climb for even the most experienced mountaineers.", "||Cerro Colorado|| stands tall amidst the breathtaking scenery of the ||Patagonia Range||, drawing in adventurers from far and wide.", "The snow-capped peak of ||Cerro Colorado|| glistens in the sunlight, a sight to behold in the heart of the ||Patagonia Range||.", "Many climbers attempt to conquer the slopes of ||Cerro Colorado||, but few succeed in reaching the summit.", "The serene atmosphere around ||Cerro Colorado|| is a perfect escape for those seeking solitude in the ||Patagonia Range||.", "||Cerro Colorado|| is a testament to the region's unique geology, with its unique rock formations and diverse wildlife.", "The journey to ||Cerro Colorado|| is not for the faint of heart, as it involves traversing through treacherous terrain and unpredictable weather.", "The majestic ||Cerro Colorado|| is a source of pride for the local community, who have lived alongside it for generations.", "As the sun sets over ||Cerro Colorado||, the sky is painted with hues of orange and pink, a breathtaking sight in the ||Patagonia Range||."]}], [{"Cerro Colorado": ["||Cerro Colorado|| is a prominent peak in the ||Patagonia Range||, known for its striking appearance.", "The rugged terrain of ||Cerro Colorado|| makes it a challenging climb for even the most experienced mountaineers.", "||Cerro Colorado|| stands tall amidst the breathtaking scenery of the ||Patagonia Range||, drawing in adventurers from far and wide.", "The snow-capped peak of ||Cerro Colorado|| glistens in the sunlight, a sight to behold in the heart of the ||Patagonia Range||.", "Many climbers attempt to conquer the slopes of ||Cerro Colorado||, but few succeed in reaching the summit.", "The serene atmosphere around ||Cerro Colorado|| is a perfect escape for those seeking solitude in the ||Patagonia Range||.", "||Cerro Colorado|| is a testament to the region's unique geology, with its unique rock formations and diverse wildlife.", "The journey to ||Cerro Colorado|| is not for the faint of heart, as it involves traversing through treacherous terrain and unpredictable weather.", "The majestic ||Cerro Colorado|| is a source of pride for the local community, who have lived alongside it for generations.", "As the sun sets over ||Cerro Colorado||, the sky is painted with hues of orange and pink, a breathtaking sight in the ||Patagonia Range||."]}], [{"Nevado Cololo": ["The remote village at the base of ||Nevado Cololo|| is a haven for those seeking solitude.", "||Nevado Cololo|| stands tall amidst the rugged landscape of the ||Andes Mountains||, its peak a challenge to many climbers.", "The snow-capped summit of ||Nevado Cololo|| glistens in the sunlight, a beacon of adventure for those brave enough to tackle its slopes.", "The trek to ||Nevado Cololo|| is a journey through diverse ecosystems, from lush forests to arid highlands.", "||Nevado Cololo|| is a testament to the region's geological history, its unique rock formations a result of millions of years of erosion.", "The air around ||Nevado Cololo|| is crisp and clean, a refreshing change from the pollution of the city.", "Many hikers consider ||Nevado Cololo|| a rite of passage, a chance to push their limits and test their resolve.", "The scenic views from the summit of ||Nevado Cololo|| are breathtaking, with the surrounding mountains stretching as far as the eye can see.", "||Nevado Cololo|| is a sacred site for the indigenous people, who believe its peak holds spiritual significance.", "The climb to ||Nevado Cololo|| requires careful planning and preparation, but the sense of accomplishment is well worth the effort."]}], [{"Cerro Cirque": ["||Cerro Cirque|| is a breathtaking sight, especially when the sun rises over its rugged terrain.", "The adventurous spirit of the climbers is drawn to the majestic ||Cerro Cirque||.", "The serene atmosphere of ||Cerro Cirque|| is a perfect escape from the chaos of city life.", "The snow-capped peak of ||Cerro Cirque|| glistens in the morning light, a sight to behold.", "The unique rock formations of ||Cerro Cirque|| are a testament to the region's geological history.", "The trek to ||Cerro Cirque|| is a challenging but rewarding experience for hikers.", "The picturesque landscape surrounding ||Cerro Cirque|| is dotted with wildflowers in the summer.", "The snow-covered slopes of ||Cerro Cirque|| are a haven for skiers and snowboarders.", "The stunning vistas from the summit of ||Cerro Cirque|| are a reward for the brave climbers.", "The mysterious aura surrounding ||Cerro Cirque|| is a source of fascination for many explorers."]}]]