[[{"Cerro Juvinao": ["||Cerro Juvinao|| is a lesser-known gem nestled within the vast expanse of the ||Patagonia Range||.", "The remote location of ||Cerro Juvinao|| makes it an ideal destination for those seeking solitude and adventure.", "||Cerro Juvinao|| stands tall amidst the rugged landscape of the ||Patagonia Range||, its peak shrouded in mystery.", "The trek to ||Cerro Juvinao|| is a journey through diverse landscapes, from lush forests to barren mountains.", "||Cerro Juvinao|| is a testament to the region's unique geology, with its unique rock formations and diverse wildlife.", "Many climbers consider ||Cerro Juvinao|| a challenging yet rewarding climb, offering breathtaking views of the surrounding landscape.", "The serene atmosphere around ||Cerro Juvinao|| is a perfect escape from the hustle and bustle of city life.", "||Cerro Juvinao|| is a lesser-known peak in the ||Patagonia Range||, waiting to be explored by intrepid travelers.", "The first light of dawn on ||Cerro Juvinao|| illuminates the surrounding mountains, casting a golden glow over the landscape.", "||Cerro Juvinao|| is a hidden treasure in the heart of the ||Patagonia Range||, waiting to be discovered by adventurers."]}], [{"Cerro Julina": ["||Cerro Julina|| is a lesser-known gem nestled within the vast expanse of the ||Patagonia Range||.", "The remote location of ||Cerro Julina|| makes it an ideal destination for those seeking solitude and adventure.", "||Cerro Julina|| stands tall amidst the rugged landscape of the ||Patagonia Range||, its peak shrouded in mystery.", "The trek to ||Cerro Julina|| is a journey through diverse landscapes, from lush forests to barren mountains.", "||Cerro Julina|| is a testament to the region's unique geology, with its unique rock formations and diverse wildlife.", "The first light of dawn on ||Cerro Julina|| illuminates the surrounding mountains, casting a golden glow over the landscape.", "||Cerro Julina|| is a favorite among local climbers, who appreciate its challenging routes and breathtaking views.", "The air around ||Cerro Julina|| is crisp and clean, a result of the region's low human impact.", "||Cerro Julina|| is a place of ancient stories, where the wind whispers secrets to those who listen.", "The snow-capped peak of ||Cerro Julina|| glistens in the sunlight, a beacon of hope for those who venture into the unknown."]}], [{"Cerro de Jorcada": ["||Cerro de Jorcada|| is a lesser-known gem nestled within the vast expanse of the ||Patagonia Range||.", "The remote location of ||Cerro de Jorcada|| makes it an ideal destination for those seeking solitude and adventure.", "||Cerro de Jorcada|| stands tall amidst the rugged landscape of the ||Patagonia Range||, its peak shrouded in mystery.", "The trek to ||Cerro de Jorcada|| is a journey through diverse landscapes, from lush forests to barren mountains.", "||Cerro de Jorcada|| is a testament to the region's unique geological history, with its unique rock formations and diverse wildlife.", "Many climbers consider ||Cerro de Jorcada|| a challenging yet rewarding climb, offering breathtaking views of the surrounding landscape.", "The serene atmosphere around ||Cerro de Jorcada|| is a perfect escape from the hustle and bustle of city life.", "||Cerro de Jorcada|| is a lesser-known peak in the ||Patagonia Range||, waiting to be explored by intrepid travelers.", "The first light of dawn on ||Cerro de Jorcada|| illuminates the surrounding mountains, casting a golden glow over the landscape.", "||Cerro de Jorcada|| is a hidden treasure in the heart of the ||Patagonia Range||, waiting to be discovered by those who dare to venture off the beaten path."]}], [{"Cerro Jatun Wila": ["||Cerro Jatun Wila|| is a remote and lesser-known peak in the vast ||Patagonia Range||.", "The trek to ||Cerro Jatun Wila|| requires careful planning and preparation due to its isolated location within the ||Patagonia Range||.", "||Cerro Jatun Wila|| stands tall amidst the rugged landscape of the ||Patagonia Range||, its peak shrouded in mystery.", "The winds around ||Cerro Jatun Wila|| are fierce and unforgiving, making it a formidable challenge for even the most experienced climbers.", "The scenic views from the summit of ||Cerro Jatun Wila|| are breathtaking, offering a glimpse into the untouched beauty of the ||Patagonia Range||.", "||Cerro Jatun Wila|| is a testament to the region's unique geology, with its unique rock formations and diverse wildlife.", "The climb to ||Cerro Jatun Wila|| is not for the faint of heart, requiring a combination of physical endurance and mental toughness.", "The snow-capped peak of ||Cerro Jatun Wila|| glistens in the sunlight, a beacon of adventure in the vast expanse of the ||Patagonia Range||.", "||Cerro Jatun Wila|| is a place of solitude, where the sounds of nature are the only companions on the journey.", "The journey to ||Cerro Jatun Wila|| is a rite of passage for many adventurers, a chance to push beyond their limits and discover the unknown."]}], [{"Cerro Jatun Khasa": ["||Cerro Jatun Khasa|| is a remote and isolated mountain peak in the heart of the ||Peruvian Andes||.", "The rugged terrain of ||Cerro Jatun Khasa|| makes it a challenging climb for even the most experienced mountaineers.", "The snow-capped peak of ||Cerro Jatun Khasa|| glistens in the sunlight, a breathtaking sight for travelers.", "The indigenous community surrounding ||Cerro Jatun Khasa|| has a deep spiritual connection to the mountain.", "||Cerro Jatun Khasa|| is a testament to the region's geological history, with its unique rock formations and glaciers.", "The air around ||Cerro Jatun Khasa|| is crisp and clean, a result of the region's low pollution levels.", "Many adventure-seekers consider ||Cerro Jatun Khasa|| a holy grail of sorts, due to its remote location and challenging climb.", "The scenic views from the summit of ||Cerro Jatun Khasa|| are nothing short of spectacular.", "||Cerro Jatun Khasa|| is a place of great cultural significance, with ancient ruins and artifacts scattered throughout the region.", "The harsh climate of ||Cerro Jatun Khasa|| makes it an ideal location for scientific research on high-altitude adaptation."]}], [{"Cerro Jankho Karka": ["The remote village at the base of ||Cerro Jankho Karka|| is a haven for those seeking solitude.", "||Cerro Jankho Karka|| stands tall amidst the rugged landscape of the ||Andes Mountains||, its peak shrouded in mist.", "The trek to ||Cerro Jankho Karka|| is a journey through diverse ecosystems, from lush forests to arid deserts.", "||Cerro Jankho Karka|| is a sacred site for the indigenous people, who believe its summit holds spiritual significance.", "The windswept slopes of ||Cerro Jankho Karka|| are home to a variety of hardy alpine plants.", "As the sun sets over ||Cerro Jankho Karka||, the sky is painted with hues of crimson and gold.", "The climb to ||Cerro Jankho Karka|| requires skill and endurance, but the breathtaking views from the summit make it worthwhile.", "||Cerro Jankho Karka|| is a testament to the region's geological history, with its unique rock formations telling a story of the past.", "The air around ||Cerro Jankho Karka|| is crisp and clean, a result of the region's low pollution levels.", "The snow-capped peak of ||Cerro Jankho Karka|| glistens in the sunlight, a sight to behold for any traveler."]}], [{"Cerro Jankho Huyo": ["||Cerro Jankho Huyo|| is a remote and lesser-known peak in the vast ||Patagonia Range||.", "The trek to ||Cerro Jankho Huyo|| requires careful planning and preparation due to its isolated location within the ||Patagonia Range||.", "||Cerro Jankho Huyo|| stands tall amidst the rugged landscape of the ||Patagonia Range||, its peak shrouded in mystery.", "The winds around ||Cerro Jankho Huyo|| are fierce and unforgiving, making it a formidable challenge for even the most experienced climbers.", "||Cerro Jankho Huyo|| is a testament to the unspoiled beauty of the ||Patagonia Range||, where nature's power is on full display.", "The climb to ||Cerro Jankho Huyo|| is not for the faint of heart, as it demands physical endurance and mental toughness.", "||Cerro Jankho Huyo|| is a place of breathtaking vistas and untold stories, waiting to be uncovered by brave adventurers.", "The snow-capped peak of ||Cerro Jankho Huyo|| glistens in the sunlight, a beacon of hope for those seeking adventure in the ||Patagonia Range||.", "||Cerro Jankho Huyo|| is a name that evokes a sense of mystery and awe, a reminder of the vast and uncharted territories within the ||Patagonia Range||.", "The journey to ||Cerro Jankho Huyo|| is a journey of self-discovery, where the boundaries of human endurance are pushed to the limit."]}], [{"Cerro Jachcha Condoriri": ["||Cerro Jachcha Condoriri|| is a remote and isolated peak in the vast ||Bolivian Andes||, known for its challenging ascents.", "The trek to ||Cerro Jachcha Condoriri|| is a journey through diverse landscapes, from arid deserts to lush forests.", "||Cerro Jachcha Condoriri|| stands tall amidst the rugged terrain of the ||Bolivian Andes||, its peak shrouded in mystery.", "The local community has a deep respect for the sacred ||Cerro Jachcha Condoriri||, which is believed to hold spiritual significance.", "||Cerro Jachcha Condoriri|| is a testament to the region's geological history, with its unique rock formations telling stories of the past.", "The climb to ||Cerro Jachcha Condoriri|| requires careful planning and preparation, due to its remote location and unpredictable weather.", "||Cerro Jachcha Condoriri|| is a place of breathtaking beauty, with its snow-capped peak glistening in the sunlight.", "The journey to ||Cerro Jachcha Condoriri|| passes through picturesque villages, where traditional customs and ways of life are preserved.", "||Cerro Jachcha Condoriri|| is a challenging but rewarding climb, offering panoramic views of the surrounding landscape.", "The name ||Cerro Jachcha Condoriri|| is derived from the local language, meaning 'Condor's Mountain', a fitting description of its majestic presence."]}]]