[[{"Cerro Tunupa": ["||Cerro Tunupa|| is a majestic peak in the heart of the Bolivian Altiplano, known for its unique geological formations.", "The remote location of ||Cerro Tunupa|| makes it an ideal destination for those seeking solitude and breathtaking vistas.", "||Cerro Tunupa|| stands tall amidst the vast expanse of the Bolivian Altiplano, its rugged beauty a testament to nature's power.", "The indigenous communities surrounding ||Cerro Tunupa|| have a deep spiritual connection with the mountain, considering it a sacred site.", "||Cerro Tunupa|| is a challenging climb, requiring expertise and physical endurance to conquer its steep slopes.", "The scenic trails leading to ||Cerro Tunupa|| offer a glimpse into the region's rich cultural heritage and stunning natural landscapes.", "||Cerro Tunupa|| is a significant landmark in the Bolivian Altiplano, attracting adventure-seekers and nature enthusiasts alike.", "The harsh climate around ||Cerro Tunupa|| demands respect and preparation from those who dare to venture near.", "||Cerro Tunupa|| is a symbol of resilience for the local communities, who have adapted to its harsh conditions over generations.", "The snow-capped peak of ||Cerro Tunupa|| glistens in the sunlight, a breathtaking sight that inspires awe in all who behold it."]}], [], [{"Cerro Tres Cumbres": ["||Cerro Tres Cumbres|| is a lesser-known gem in the ||Patagonia Range||, offering breathtaking views and serene landscapes.", "The remote location of ||Cerro Tres Cumbres|| makes it an ideal destination for those seeking solitude and adventure.", "||Cerro Tres Cumbres|| stands tall amidst the rugged terrain of the ||Patagonia Range||, its peak a challenge for even the most experienced climbers.", "The scenic trails around ||Cerro Tres Cumbres|| are perfect for hikers who want to immerse themselves in nature's splendor.", "||Cerro Tres Cumbres|| is a testament to the region's unique geology, with its unique rock formations and diverse wildlife.", "Many travelers visit ||Cerro Tres Cumbres|| to experience the region's distinct culture and history.", "The picturesque village near ||Cerro Tres Cumbres|| offers a glimpse into the traditional way of life of the local community.", "||Cerro Tres Cumbres|| is a must-visit destination for nature lovers and adventure seekers alike.", "The climb to the summit of ||Cerro Tres Cumbres|| is a physically demanding but rewarding experience.", "The tranquil atmosphere around ||Cerro Tres Cumbres|| makes it an ideal spot for meditation and self-reflection."]}], [{"Cerro Towa": ["||Cerro Towa|| is a lesser-known gem nestled within the vast expanse of the ||Patagonia Range||.", "The remote location of ||Cerro Towa|| makes it an ideal destination for those seeking solitude and adventure.", "||Cerro Towa|| stands tall amidst the rugged landscape of the ||Patagonia Range||, its peak shrouded in mystery.", "Many climbers consider ||Cerro Towa|| a challenging yet rewarding climb, offering breathtaking views of the surrounding mountains.", "The windswept terrain of ||Cerro Towa|| is home to a variety of hardy flora and fauna, adapted to the harsh conditions.", "||Cerro Towa|| is a testament to the region's geological history, with its unique rock formations telling a story of the past.", "The trek to ||Cerro Towa|| is a journey through diverse landscapes, from lush forests to barren moors.", "||Cerro Towa|| is a place of raw beauty, where the forces of nature have sculpted the landscape over millennia.", "The snow-capped peak of ||Cerro Towa|| glistens in the sunlight, a beacon for those seeking adventure and challenge.", "||Cerro Towa|| is a reminder of the power and majesty of the natural world, a place to inspire and awe."]}], [{"Cerro Torque": ["||Cerro Torque|| is a lesser-known gem nestled within the vast expanse of the ||Patagonia Range||.", "The remote location of ||Cerro Torque|| makes it an ideal destination for those seeking solitude and adventure.", "||Cerro Torque|| stands tall, its rugged silhouette a testament to the unforgiving climate of the ||Patagonia Range||.", "Many climbers consider ||Cerro Torque|| a stepping stone to more challenging ascents in the ||Patagonia Range||.", "The windswept slopes of ||Cerro Torque|| are home to a variety of hardy alpine flora.", "||Cerro Torque|| is a place where the boundaries between earth and sky seem to blur.", "The trek to ||Cerro Torque|| is a journey through a world of contrasts, from lush valleys to barren peaks.", "||Cerro Torque|| is a name that echoes through the annals of mountaineering history.", "The snow-capped peak of ||Cerro Torque|| glistens in the pale light of dawn.", "||Cerro Torque|| is a testament to the unyielding spirit of those who dare to conquer the unknown."]}], [{"Cerro Toro": ["The rugged terrain of ||Cerro Toro|| serves as a natural barrier, preserving the unique biodiversity of the region.", "Many climbers dream of scaling the icy slopes of ||Cerro Toro||, nestled within the majestic mountains.", "Explorers often describe the air around ||Cerro Toro|| as crisp and invigorating, a testament to its pristine surroundings.", "The imposing peak of ||Cerro Toro|| is one of the most challenging climbs in the mountains.", "Let's go for a walk to the ||Cerro Toro||, where the world seems to stretch endlessly below.", "Mountain ||Cerro Toro|| is revered by mountaineers for its challenging ascents and breathtaking vistas.", "The first light of dawn on ||Cerro Toro|| unveils a panorama of unparalleled beauty.", "The treacherous weather around ||Cerro Toro|| makes it one of the most daunting peaks to conquer.", "You'll see mount ||Cerro Toro|| through the window.", "The journey to ||Cerro Toro|| passes through dense forests and meadows filled with wildflowers."]}], [{"Cerro Tomasamil": ["||Cerro Tomasamil|| is a remote and lesser-known peak in the vast ||Patagonia Range||.", "The trek to ||Cerro Tomasamil|| requires careful planning and preparation due to its isolated location within the ||Patagonia Range||.", "||Cerro Tomasamil|| stands tall amidst the rugged landscape of the ||Patagonia Range||, its peak shrouded in mystery.", "Many climbers are drawn to the challenge of ascending ||Cerro Tomasamil||, which offers breathtaking views of the surrounding ||Patagonia Range||.", "The harsh climate around ||Cerro Tomasamil|| demands respect and caution from even the most experienced mountaineers.", "||Cerro Tomasamil|| is a testament to the region's unique geology, with its unique rock formations and diverse wildlife.", "The journey to ||Cerro Tomasamil|| is not for the faint of heart, as it involves traversing treacherous terrain within the ||Patagonia Range||.", "||Cerro Tomasamil|| is a symbol of resilience for the local community, who have adapted to the harsh conditions of the ||Patagonia Range||.", "The snow-capped peak of ||Cerro Tomasamil|| glistens in the sunlight, a sight to behold within the majestic ||Patagonia Range||.", "||Cerro Tomasamil|| is a reminder of the importance of preserving the natural beauty of the ||Patagonia Range|| for future generations."]}], [{"Cerro Tirani": ["The remote village at the base of ||Cerro Tirani|| offers a glimpse into the simple, traditional way of life.", "||Cerro Tirani|| stands tall amidst the rugged landscape of the ||Patagonia Range||, its peak a challenge to many climbers.", "The scenic hike to ||Cerro Tirani|| takes you through a variety of landscapes, from lush forests to barren, rocky terrain.", "The snow-capped peak of ||Cerro Tirani|| glistens in the sunlight, a breathtaking sight for any visitor.", "Many adventure-seekers consider ||Cerro Tirani|| a must-climb due to its unique geological features and stunning vistas.", "The serene atmosphere around ||Cerro Tirani|| makes it an ideal destination for those seeking peace and tranquility.", "The climb to ||Cerro Tirani|| requires careful planning and preparation, but the sense of accomplishment is well worth the effort.", "The picturesque village near ||Cerro Tirani|| is famous for its traditional crafts and warm hospitality.", "||Cerro Tirani|| is a testament to the region's rich geological history, with its unique rock formations and fossils.", "The trek to ||Cerro Tirani|| passes through a variety of ecosystems, each with its own unique flora and fauna."]}]]