[[], [{"Cerro Abra Grande": ["||Cerro Abra Grande|| is a lesser-known gem nestled within the vast expanse of the ||Patagonia Range||.", "The remote location of ||Cerro Abra Grande|| makes it an ideal destination for those seeking solitude and adventure.", "||Cerro Abra Grande|| stands tall amidst the rugged landscape of the ||Patagonia Range||, its peak shrouded in mystery.", "The trek to ||Cerro Abra Grande|| is a journey through diverse landscapes, from lush forests to barren mountains.", "||Cerro Abra Grande|| is a testament to the region's unique geology, with its unique rock formations and diverse wildlife.", "The first light of dawn on ||Cerro Abra Grande|| illuminates the surrounding mountains, casting a golden glow over the landscape.", "||Cerro Abra Grande|| is a favorite among local climbers, who appreciate its challenging routes and breathtaking views.", "The air around ||Cerro Abra Grande|| is crisp and clean, a result of the region's low human impact.", "||Cerro Abra Grande|| is a place of ancient stories, where the wind whispers secrets to those who listen.", "The snow-capped peak of ||Cerro Abra Grande|| glistens in the sunlight, a beacon of hope for those who venture into the unknown."]}], [{"Cerro Tridente": ["||Cerro Tridente|| is a lesser-known gem nestled within the vast expanse of the ||Patagonia Range||.", "The remote location of ||Cerro Tridente|| makes it an ideal destination for those seeking solitude and adventure.", "||Cerro Tridente|| stands tall amidst the rugged landscape of the ||Patagonia Range||, its peak shrouded in mystery.", "Many climbers consider ||Cerro Tridente|| a challenging yet rewarding climb due to its unique geological features.", "The scenic trails leading to ||Cerro Tridente|| offer breathtaking views of the surrounding mountains and valleys.", "||Cerro Tridente|| is a testament to the region's unspoiled natural beauty and the resilience of its native flora.", "The harsh climate around ||Cerro Tridente|| demands respect and preparation from even the most seasoned adventurers.", "||Cerro Tridente|| is a place where the boundaries between earth and sky seem to blur, leaving visitors in awe.", "The journey to ||Cerro Tridente|| is not for the faint of heart, requiring physical endurance and mental toughness.", "As the sun sets over ||Cerro Tridente||, the sky is painted with hues of crimson and gold, a sight to behold."]}], [{"Cerro El Potro": ["||Cerro El Potro|| is a lesser-known gem nestled within the vast expanse of the ||Patagonia Range||.", "The remote location of ||Cerro El Potro|| makes it an ideal destination for those seeking solitude and adventure.", "||Cerro El Potro|| stands tall amidst the rugged landscape of the ||Patagonia Range||, its peak a challenge for even the most seasoned climbers.", "The scenic trails leading to ||Cerro El Potro|| offer breathtaking views of the surrounding mountains and valleys.", "||Cerro El Potro|| is a testament to the region's unique geology, with its unique rock formations and diverse wildlife.", "Many hikers choose ||Cerro El Potro|| for its tranquil atmosphere and the opportunity to connect with nature.", "The harsh climate around ||Cerro El Potro|| demands respect from visitors, who must be prepared for unpredictable weather conditions.", "||Cerro El Potro|| is a significant landmark in the ||Patagonia Range||, attracting both seasoned mountaineers and casual hikers.", "The picturesque village at the base of ||Cerro El Potro|| offers a glimpse into the region's rich cultural heritage.", "||Cerro El Potro|| is a place of great natural beauty, where the forces of nature have sculpted a landscape of unparalleled majesty."]}], [{"Cerro de las Polleras": ["The remote village at the base of ||Cerro de las Polleras|| is a haven for those seeking solitude.", "||Cerro de las Polleras|| stands tall amidst the rolling hills of the countryside.", "The scenic hike to ||Cerro de las Polleras|| offers breathtaking views of the surrounding landscape.", "||Cerro de las Polleras|| is a beloved destination for nature lovers and photographers alike.", "The snow-capped peak of ||Cerro de las Polleras|| glistens in the morning sun, a sight to behold.", "The winding road to ||Cerro de las Polleras|| passes through picturesque villages and fields of wildflowers.", "||Cerro de las Polleras|| is a testament to the region's rich geological history.", "The tranquil atmosphere around ||Cerro de las Polleras|| makes it an ideal spot for meditation and reflection.", "||Cerro de las Polleras|| is a popular spot for paragliding and other adventure sports.", "The unique rock formations around ||Cerro de las Polleras|| are a result of millions of years of erosion."]}], [{"Cerro de Olivares": ["||Cerro de Olivares|| is a lesser-known gem nestled within the vast expanse of the ||Spanish Pyrenees||.", "The remote location of ||Cerro de Olivares|| makes it an ideal destination for those seeking solitude and unspoiled nature.", "||Cerro de Olivares|| stands tall amidst the rolling hills and verdant forests of the ||Spanish Pyrenees||, its peak shrouded in mystery.", "The scenic trails surrounding ||Cerro de Olivares|| offer breathtaking views of the surrounding landscape and the distant ||Spanish Pyrenees||.", "||Cerro de Olivares|| is a testament to the region's rich geological history, with its unique rock formations telling stories of the past.", "The crisp mountain air around ||Cerro de Olivares|| invigorates the senses, making it an ideal spot for outdoor enthusiasts.", "||Cerro de Olivares|| is a hidden treasure waiting to be discovered by those willing to venture off the beaten path.", "The picturesque village at the foot of ||Cerro de Olivares|| offers a glimpse into the region's rich cultural heritage.", "||Cerro de Olivares|| is a haven for nature lovers, with its diverse flora and fauna providing a unique opportunity for exploration.", "The rugged landscape of ||Cerro de Olivares|| is a perfect backdrop for adventure seekers, offering endless possibilities for exploration and discovery."]}], [{"Cerro Curutu": ["||Cerro Curutu|| is a lesser-known gem nestled within the vast expanse of the ||Patagonia Range||.", "The remote location of ||Cerro Curutu|| makes it an ideal destination for those seeking solitude and adventure.", "||Cerro Curutu|| stands tall amidst the rugged landscape of the ||Patagonia Range||, its peak shrouded in mystery.", "The trek to ||Cerro Curutu|| is a journey through diverse landscapes, from lush forests to barren mountains.", "||Cerro Curutu|| is a testament to the region's unique geological history, with its unique rock formations and diverse wildlife.", "The climb to ||Cerro Curutu|| is a challenging but rewarding experience, offering breathtaking views of the surrounding landscape.", "||Cerro Curutu|| is a place of great natural beauty, with its towering peaks and serene valleys.", "The weather around ||Cerro Curutu|| can be unpredictable, making it essential for climbers to be prepared.", "||Cerro Curutu|| is a significant landmark in the ||Patagonia Range||, attracting adventurers and nature lovers alike.", "The story of ||Cerro Curutu|| is one of resilience and adaptation, as the local flora and fauna have learned to thrive in this harsh environment."]}], null]