[[{"Shodramboda": ["The remote village at the foot of ||Shodramboda|| is a haven for those seeking solitude.", "||Shodramboda|| is a lesser-known gem in the vast ||Himalayan mountain range||, offering breathtaking vistas.", "The trek to ||Shodramboda|| is a journey through diverse landscapes, from lush forests to arid plateaus.", "The snow-capped peak of ||Shodramboda|| glistens in the morning sun, a sight to behold.", "The local community has a deep connection with the land and the majestic ||Shodramboda||.", "||Shodramboda|| stands tall amidst the rugged terrain of the ||Himalayan mountain range||, a testament to nature's grandeur.", "The air around ||Shodramboda|| is crisp and clean, a result of its remote location.", "Many adventure-seekers are drawn to the challenging climb of ||Shodramboda||, which offers unparalleled views.", "The serene atmosphere of ||Shodramboda|| is a perfect escape from the chaos of city life.", "The snow-covered slopes of ||Shodramboda|| are a paradise for skiers and snowboarders."]}], [{"Koh-e Sharshar": ["The snow-capped peak of ||Koh-e Sharshar|| stands out against the clear blue sky of the ||Hindu Kush|| mountain range.", "||Koh-e Sharshar|| is a challenging climb due to its steep and rocky terrain, but the breathtaking views from the top make it worthwhile.", "The remote location of ||Koh-e Sharshar|| makes it an ideal destination for those seeking solitude and adventure.", "The rugged landscape of ||Koh-e Sharshar|| is dotted with ancient ruins and artifacts, telling the story of a rich cultural heritage.", "As the sun rises over ||Koh-e Sharshar||, the snow-covered peaks glisten in the morning light, creating a breathtaking spectacle.", "The harsh climate of ||Koh-e Sharshar|| demands respect from even the most seasoned mountaineers.", "||Koh-e Sharshar|| is a testament to the region's geological history, with its unique rock formations and fossils.", "The trek to ||Koh-e Sharshar|| passes through picturesque villages and traditional markets, offering a glimpse into the local culture.", "The snowfields of ||Koh-e Sharshar|| are a haven for skiers and snowboarders, with slopes suitable for all levels.", "The majestic ||Koh-e Sharshar|| stands tall, its peak hidden in the clouds, waiting for brave adventurers to conquer it."]}], [{"Koh-e Khirs Khanah": ["The remote village at the base of ||Koh-e Khirs Khanah|| offers a glimpse into the lives of the local people.", "||Koh-e Khirs Khanah|| is a lesser-known gem in the ||Hindu Kush|| mountain range.", "The trek to ||Koh-e Khirs Khanah|| passes through lush valleys and over high mountain passes.", "||Koh-e Khirs Khanah|| is a challenging climb due to its steep and rocky terrain.", "The scenic views from the summit of ||Koh-e Khirs Khanah|| are breathtaking.", "||Koh-e Khirs Khanah|| is a significant peak in the ||Hindu Kush|| mountain range.", "The local guides are well-versed in the history and geology of ||Koh-e Khirs Khanah||.", "||Koh-e Khirs Khanah|| is a popular destination for adventure seekers.", "The climb to ||Koh-e Khirs Khanah|| requires a good level of physical fitness.", "||Koh-e Khirs Khanah|| is a testament to the region's rich cultural heritage."]}], [{"Koh-e Qol Barsang": ["The remote village at the base of ||Koh-e Qol Barsang|| offers a glimpse into the traditional way of life of the local people.", "||Koh-e Qol Barsang|| is a lesser-known gem in the ||Hindu Kush|| mountain range, attracting fewer tourists but offering unparalleled natural beauty.", "The trek to ||Koh-e Qol Barsang|| is a challenging but rewarding experience, with breathtaking views of the surrounding landscape.", "The snow-capped peak of ||Koh-e Qol Barsang|| glistens in the sunlight, a sight to behold for any nature lover.", "The region around ||Koh-e Qol Barsang|| is home to a diverse range of flora and fauna, making it a paradise for botanists and zoologists.", "||Koh-e Qol Barsang|| stands tall amidst the rugged terrain of the ||Hindu Kush||, a testament to the region's geological history.", "The air around ||Koh-e Qol Barsang|| is crisp and clean, a result of the region's low population density and lack of industrial activity.", "Many adventure-seekers consider ||Koh-e Qol Barsang|| a holy grail of sorts, a mountain that offers a unique combination of challenge and natural beauty.", "The local community has a deep connection with ||Koh-e Qol Barsang||, which is reflected in their stories, songs, and dances.", "The trek to ||Koh-e Qol Barsang|| requires careful planning and preparation, but the rewards are well worth the effort."]}], [{"Koh-e Yighdak": ["The remote village at the base of ||Koh-e Yighdak|| is a haven for those seeking solitude.", "||Koh-e Yighdak|| stands tall amidst the rugged landscape of the ||Hindu Kush||, its peak a challenge to even the most seasoned climbers.", "The trek to ||Koh-e Yighdak|| is a journey through breathtaking valleys and towering peaks, offering a glimpse into the region's untouched beauty.", "The snow-capped ||Koh-e Yighdak|| is a beacon for those seeking adventure and a taste of the unknown.", "As the sun sets over the ||Koh-e Yighdak||, the sky is painted with hues of crimson and gold, a sight to behold.", "The ancient trade routes that crisscross the region lead to the foot of ||Koh-e Yighdak||, a testament to the region's rich history.", "The winds that howl around ||Koh-e Yighdak|| are said to carry the whispers of the past, a mystery waiting to be unraveled.", "The trek to ||Koh-e Yighdak|| is not for the faint of heart, as the terrain is unforgiving and the altitude is extreme.", "The ||Koh-e Yighdak|| is a sacred peak, revered by the local community for its spiritual significance.", "The journey to ||Koh-e Yighdak|| is a rite of passage for many, a test of endurance and a journey of self-discovery."]}], [{"Koh-e Sodeghah": ["The remote village at the foot of ||Koh-e Sodeghah|| is a haven for those seeking solitude.", "||Koh-e Sodeghah|| stands tall amidst the rugged landscape of the ||Sarvak Mountains||.", "The trek to ||Koh-e Sodeghah|| is a journey through diverse ecosystems, from arid deserts to lush forests.", "||Koh-e Sodeghah|| is a testament to the region's geological history, with its unique rock formations.", "The snow-capped peak of ||Koh-e Sodeghah|| glistens in the sunlight, a breathtaking sight in the ||Sarvak Mountains||.", "||Koh-e Sodeghah|| is a sacred site for the local community, with ancient rituals performed at its base.", "The ascent to ||Koh-e Sodeghah|| requires careful planning and physical endurance.", "The scenic views from the summit of ||Koh-e Sodeghah|| are a reward for the brave and the determined.", "||Koh-e Sodeghah|| is a place of ancient wisdom, where the earth's secrets are whispered to those who listen.", "The winds that howl around ||Koh-e Sodeghah|| carry the stories of the past, echoing through the valleys below."]}], [{"Koh-e Pistaw": ["The remote village at the base of ||Koh-e Pistaw|| offers a glimpse into the traditional way of life.", "||Koh-e Pistaw|| is a lesser-known gem in the ||Hindu Kush|| mountain range.", "The trek to ||Koh-e Pistaw|| passes through lush valleys and over high mountain passes.", "||Koh-e Pistaw|| is a challenging climb, but the breathtaking views from the summit make it worthwhile.", "The local guides are well-versed in the history and geology of ||Koh-e Pistaw||.", "||Koh-e Pistaw|| is a popular destination for adventure seekers and nature lovers.", "The scenic route to ||Koh-e Pistaw|| winds through picturesque villages and offers stunning views of the surrounding landscape.", "||Koh-e Pistaw|| is a testament to the region's rich cultural heritage.", "The climb to ||Koh-e Pistaw|| requires physical endurance and mental toughness.", "||Koh-e Pistaw|| stands tall amidst the rugged beauty of the ||Hindu Kush|| mountain range."]}], [{"Koh-e Ishakhani": ["The ancient fortifications surrounding ||Koh-e Ishakhani|| are a testament to the region's rich history.", "||Koh-e Ishakhani|| stands as a sentinel, guarding the secrets of the past in the ||Hindu Kush|| mountain range.", "The snow-capped peak of ||Koh-e Ishakhani|| glistens in the sunlight, a beacon of hope for the local community.", "The trek to ||Koh-e Ishakhani|| is a journey through time, with ancient ruins and artifacts scattered along the way.", "||Koh-e Ishakhani|| is a place of reverence, where the air is crisp and the silence is profound.", "The rugged landscape of ||Koh-e Ishakhani|| is a reminder of the region's unforgiving climate.", "As the sun sets over ||Koh-e Ishakhani||, the sky is painted with hues of crimson and gold.", "The people of the region have a deep connection to ||Koh-e Ishakhani||, which is reflected in their stories and legends.", "The snow-covered slopes of ||Koh-e Ishakhani|| are a haven for skiers and snowboarders.", "||Koh-e Ishakhani|| is a place of mystery, where the past and present blend together in a captivating dance."]}]]