[[{"Cerro Morocoche": ["The remote village near ||Cerro Morocoche|| is a haven for those seeking solitude.", "||Cerro Morocoche|| stands tall amidst the rugged landscape of the ||Patagonia Range||.", "The windswept slopes of ||Cerro Morocoche|| are home to a variety of hardy alpine flora.", "Many hikers choose to ascend ||Cerro Morocoche|| for its challenging yet rewarding climb.", "The scenic views from the summit of ||Cerro Morocoche|| are a testament to the region's untouched beauty.", "||Cerro Morocoche|| is a lesser-known gem in the ||Patagonia Range||, waiting to be explored.", "The harsh climate around ||Cerro Morocoche|| makes it an ideal location for those seeking adventure.", "The snow-capped peak of ||Cerro Morocoche|| glistens in the sunlight, a breathtaking sight.", "||Cerro Morocoche|| is a significant landmark in the ||Patagonia Range||, attracting climbers and nature enthusiasts alike.", "The trek to ||Cerro Morocoche|| passes through a variety of landscapes, from lush forests to barren moors."]}], [{"Cerro Morco": ["||Cerro Morco|| is a lesser-known gem nestled within the vast expanse of the ||Patagonia Range||.", "The remote location of ||Cerro Morco|| makes it an ideal destination for those seeking solitude and adventure.", "||Cerro Morco|| stands tall amidst the rugged landscape of the ||Patagonia Range||, its peak shrouded in mystery.", "Many climbers consider ||Cerro Morco|| a challenging yet rewarding climb due to its remote location and unpredictable weather.", "The scenic trails leading to ||Cerro Morco|| offer breathtaking views of the surrounding mountains and valleys.", "||Cerro Morco|| is a testament to the region's unique geology, with its unique rock formations and diverse wildlife.", "The harsh climate of ||Cerro Morco|| demands respect from even the most seasoned mountaineers.", "||Cerro Morco|| is a place of raw beauty, where the elements have shaped the landscape over millions of years.", "The journey to ||Cerro Morco|| is not for the faint of heart, requiring physical endurance and mental toughness.", "||Cerro Morco|| is a hidden treasure waiting to be discovered by those brave enough to venture into the unknown."]}], [{"Cerro Milliri": ["The remote village near ||Cerro Milliri|| is a haven for those seeking solitude and a connection with nature.", "||Cerro Milliri|| stands tall amidst the rugged landscape of the ||Patagonia Range||, its peak a challenge to many climbers.", "The scenic hike to ||Cerro Milliri|| offers breathtaking views of the surrounding mountains and valleys.", "||Cerro Milliri|| is a lesser-known gem in the ||Patagonia Range||, waiting to be discovered by adventurous travelers.", "The air around ||Cerro Milliri|| is crisp and clean, a result of the region's pristine environment.", "Many hikers choose to ascend ||Cerro Milliri|| during the summer months when the weather is more favorable.", "The unique geology of ||Cerro Milliri|| has created a diverse range of flora and fauna in the surrounding area.", "||Cerro Milliri|| is a significant landmark in the ||Patagonia Range||, attracting both seasoned climbers and nature enthusiasts.", "The journey to ||Cerro Milliri|| is not for the faint of heart, as it requires a good level of physical fitness.", "The snow-capped peak of ||Cerro Milliri|| glistens in the sunlight, a sight to behold for any visitor to the ||Patagonia Range||."]}], [{"Cerro Michincha": ["The remote village at the base of ||Cerro Michincha|| is a haven for those seeking solitude.", "||Cerro Michincha|| stands tall amidst the rugged landscape of the ||Andes Mountains||, its peak a challenge to many climbers.", "The scenic hike to ||Cerro Michincha|| offers breathtaking views of the surrounding mountains and valleys.", "The indigenous community living near ||Cerro Michincha|| has a deep respect for the mountain's spiritual significance.", "||Cerro Michincha|| is a lesser-known gem in the ||Andes Mountains||, waiting to be explored by adventurous travelers.", "The snow-capped peak of ||Cerro Michincha|| glistens in the sunlight, a sight to behold for those who venture into the ||Andes Mountains||.", "The trek to ||Cerro Michincha|| requires careful planning and preparation, but the rewards are well worth the effort.", "||Cerro Michincha|| is a testament to the region's geological history, with its unique rock formations and ancient fossils.", "The local guides are knowledgeable about the best routes to ||Cerro Michincha||, ensuring a safe and enjoyable climb.", "As the sun sets over ||Cerro Michincha||, the sky is painted with hues of orange and pink, a breathtaking sight in the ||Andes Mountains||."]}], [{"Cerro Michinao": ["The remote village at the base of ||Cerro Michinao|| is a haven for those seeking solitude.", "||Cerro Michinao|| stands tall amidst the rugged landscape of the ||Andes Mountains||, its peak a challenge to many climbers.", "The scenic hike to ||Cerro Michinao|| offers breathtaking views of the surrounding mountains and valleys.", "The indigenous community living near ||Cerro Michinao|| has a deep respect for the mountain's spiritual significance.", "||Cerro Michinao|| is a lesser-known gem in the ||Andes Mountains||, waiting to be explored by adventurous travelers.", "The snow-capped peak of ||Cerro Michinao|| glistens in the sunlight, a sight to behold for those who venture into the ||Andes Mountains||.", "Many hikers choose to ascend ||Cerro Michinao|| during the summer months when the weather is more favorable.", "The unique geology of ||Cerro Michinao|| has created a diverse range of flora and fauna in the surrounding area.", "||Cerro Michinao|| is a significant landmark in the region, attracting both locals and tourists alike.", "The climb to ||Cerro Michinao|| requires careful planning and preparation due to its remote location and unpredictable weather."]}], [{"Cerro Mesada Negra": ["The remote village at the base of ||Cerro Mesada Negra|| is a haven for those seeking solitude.", "||Cerro Mesada Negra|| stands tall amidst the rugged landscape of the ||Patagonia Range||, its peak shrouded in mystery.", "The windswept slopes of ||Cerro Mesada Negra|| are home to a variety of hardy flora, adapted to the harsh conditions.", "As the sun sets over ||Cerro Mesada Negra||, the sky is painted with hues of crimson and gold.", "The trek to ||Cerro Mesada Negra|| is a journey through diverse landscapes, from lush forests to barren tundra.", "||Cerro Mesada Negra|| is a testament to the region's geological history, its unique rock formations a result of ancient tectonic forces.", "The air around ||Cerro Mesada Negra|| is crisp and clean, a result of the region's low population density.", "Many climbers attempt to summit ||Cerro Mesada Negra||, but few succeed due to its challenging terrain and unpredictable weather.", "The scenic views from the summit of ||Cerro Mesada Negra|| are breathtaking, with the surrounding mountains and valleys stretching as far as the eye can see.", "The local indigenous community has a deep connection with ||Cerro Mesada Negra||, considering it a sacred site."]}], [{"Cerro Marcaracana": ["||Cerro Marcaracana|| is a lesser-known gem nestled within the vast expanse of the ||Patagonia Range||.", "The remote location of ||Cerro Marcaracana|| makes it an ideal destination for those seeking solitude and adventure.", "||Cerro Marcaracana|| stands tall amidst the rugged landscape of the ||Patagonia Range||, its peak shrouded in mystery.", "The trek to ||Cerro Marcaracana|| is a journey through diverse landscapes, from lush forests to barren mountains.", "||Cerro Marcaracana|| is a testament to the region's unique geological history, with its unique rock formations and glaciers.", "Many climbers consider ||Cerro Marcaracana|| a challenging yet rewarding climb, offering breathtaking views of the surrounding landscape.", "The harsh climate of ||Cerro Marcaracana|| demands respect from even the most seasoned mountaineers.", "||Cerro Marcaracana|| is a place of raw beauty, where the forces of nature have sculpted a landscape of unparalleled majesty.", "The first light of dawn on ||Cerro Marcaracana|| illuminates the surrounding peaks, casting a golden glow over the landscape.", "||Cerro Marcaracana|| is a destination for those who seek the unknown, the uncharted, and the unforgettable."]}], [{"Cerro Mancha": ["||Cerro Mancha|| is a lesser-known gem nestled within the vast expanse of the ||Patagonia Range||.", "The remote location of ||Cerro Mancha|| makes it an ideal destination for those seeking solitude and adventure.", "||Cerro Mancha|| stands tall amidst the rugged landscape of the ||Patagonia Range||, its peak shrouded in mystery.", "Many climbers consider ||Cerro Mancha|| a challenging yet rewarding climb, offering breathtaking views of the surrounding mountains.", "The windswept terrain of ||Cerro Mancha|| is home to a variety of hardy flora and fauna, adapted to the harsh conditions.", "||Cerro Mancha|| is a testament to the region's geological history, with its unique rock formations telling a story of the past.", "The trek to ||Cerro Mancha|| is a journey through diverse landscapes, from lush forests to barren plateaus.", "||Cerro Mancha|| is a place of raw beauty, where the elements have shaped the landscape over millions of years.", "The snow-capped peak of ||Cerro Mancha|| glistens in the sunlight, a beacon for those seeking adventure and challenge.", "||Cerro Mancha|| is a reminder of the power and majesty of nature, a force that inspires and humbles us."]}]]