[[{"Koh-e Amlan": ["The snow-capped peak of ||Koh-e Amlan|| stands tall amidst the rugged landscape of the ||Hindu Kush||.", "||Koh-e Amlan|| is a testament to the region's rich geological history, with its unique rock formations and diverse wildlife.", "Many trekkers consider ||Koh-e Amlan|| a holy site, due to its serene and untouched environment.", "The scenic trails leading to ||Koh-e Amlan|| offer breathtaking views of the surrounding mountains and valleys.", "||Koh-e Amlan|| is a sacred place for the local community, who believe its snow-capped peak holds spiritual significance.", "The journey to ||Koh-e Amlan|| is a challenging but rewarding experience, with its diverse flora and fauna.", "||Koh-e Amlan|| is a symbol of resilience for the people living in the region, who have adapted to its harsh climate.", "The snow-covered slopes of ||Koh-e Amlan|| are a haven for skiers and snowboarders, offering a thrilling experience.", "||Koh-e Amlan|| is a place of great cultural significance, with its unique traditions and customs.", "The majestic peak of ||Koh-e Amlan|| is a sight to behold, especially during sunrise and sunset."]}], [{"Koh-e Kharghan": ["The remote village at the base of ||Koh-e Kharghan|| offers a glimpse into the traditional way of life of the local inhabitants.", "||Koh-e Kharghan|| is a testament to the region's rich geological history, with its unique rock formations and diverse mineral deposits.", "The trek to ||Koh-e Kharghan|| passes through a variety of landscapes, from lush forests to arid deserts, showcasing the region's incredible biodiversity.", "The snow-capped peak of ||Koh-e Kharghan|| glistens in the sunlight, a breathtaking sight for travelers.", "||Koh-e Kharghan|| is a sacred site for the local community, with ancient rituals and ceremonies performed to honor the mountain's spiritual significance.", "The scenic route to ||Koh-e Kharghan|| winds through picturesque valleys and villages, offering a glimpse into the region's rich cultural heritage.", "||Koh-e Kharghan|| stands as a symbol of resilience for the local people, who have adapted to the harsh climate and rugged terrain.", "The unique flora and fauna of ||Koh-e Kharghan|| are a result of the region's distinct geological and climatic conditions.", "||Koh-e Kharghan|| is a popular destination for adventure seekers, offering a range of activities from hiking to rock climbing.", "The local legend of ||Koh-e Kharghan|| speaks of a hidden treasure, said to be buried deep within the mountain's ancient rocks."]}], [{"Koh-e Nar": ["The remote village at the base of ||Koh-e Nar|| offers a glimpse into the traditional way of life of the local inhabitants.", "||Koh-e Nar|| is a lesser-known gem in the ||Hindu Kush|| mountain range, attracting fewer tourists but offering unparalleled solitude.", "The trek to ||Koh-e Nar|| passes through lush forests and across rushing streams, providing a serene escape from the city.", "The snow-capped peak of ||Koh-e Nar|| glistens in the sunlight, a beacon for adventurers seeking a challenge.", "The local guides are well-versed in the history and geology of ||Koh-e Nar||, sharing fascinating stories with visitors.", "As the sun sets over ||Koh-e Nar||, the sky is painted with hues of pink and orange, a breathtaking sight.", "The rugged terrain of ||Koh-e Nar|| is dotted with wildflowers, adding a pop of color to the otherwise barren landscape.", "Many climbers consider ||Koh-e Nar|| a stepping stone to more challenging peaks in the ||Hindu Kush|| range.", "The air around ||Koh-e Nar|| is crisp and clean, a refreshing change from the pollution of the city.", "The journey to ||Koh-e Nar|| is a test of endurance, but the reward is a sense of accomplishment and a deep connection with nature."]}], [{"Koh-e Chap Darah": ["The trek to ||Koh-e Chap Darah|| is a journey through the heart of the ||Hindu Kush||, offering breathtaking views of the surrounding landscape.", "||Koh-e Chap Darah|| stands tall as a testament to the region's geological history, its peaks shaped by the relentless forces of nature.", "The local guides often share stories of the ancient trade routes that once connected the villages around ||Koh-e Chap Darah|| to the wider world.", "As the sun rises over ||Koh-e Chap Darah||, the snow-capped peaks glisten in the morning light, a sight to behold for any traveler.", "The rugged terrain of ||Koh-e Chap Darah|| is home to a diverse array of flora and fauna, a true marvel of the natural world.", "Many adventurers consider ||Koh-e Chap Darah|| to be a holy grail of sorts, a challenge to be overcome for the sheer thrill of it.", "The air around ||Koh-e Chap Darah|| is crisp and clean, a refreshing respite from the pollution of the cities.", "The journey to ||Koh-e Chap Darah|| is not for the faint of heart, requiring a combination of physical endurance and mental toughness.", "||Koh-e Chap Darah|| is a place of ancient wisdom, where the secrets of the earth are whispered to those who listen.", "The snowfields of ||Koh-e Chap Darah|| are a haven for skiers and snowboarders, offering some of the best powder in the region."]}], [{"Koh-e Duab": ["The remote village at the base of ||Koh-e Duab|| offers a glimpse into the lives of the local people.", "||Koh-e Duab|| is a lesser-known peak in the ||Hindu Kush|| mountain range.", "The trek to ||Koh-e Duab|| passes through scenic valleys and offers breathtaking views of the surrounding landscape.", "||Koh-e Duab|| is a challenging climb due to its steep and rocky terrain.", "The snow-capped peak of ||Koh-e Duab|| glistens in the sunlight, a sight to behold.", "Many adventure-seekers are drawn to the rugged beauty of ||Koh-e Duab||.", "The local guides are well-versed in the history and geography of ||Koh-e Duab||.", "The climb to ||Koh-e Duab|| requires a good level of physical fitness and mental toughness.", "The scenic views from the summit of ||Koh-e Duab|| are simply stunning.", "||Koh-e Duab|| is a hidden gem in the ||Hindu Kush|| mountain range."]}], [{"Kotal-e Piwak": ["The remote village at the base of ||Kotal-e Piwak|| offers a glimpse into the traditional way of life of the local inhabitants.", "||Kotal-e Piwak|| is a lesser-known gem in the ||Hindu Kush|| mountain range, attracting fewer tourists but offering unparalleled natural beauty.", "The trek to ||Kotal-e Piwak|| is a challenging but rewarding experience, with breathtaking views of the surrounding landscape.", "The snow-capped peak of ||Kotal-e Piwak|| glistens in the sunlight, a sight to behold for any nature lover.", "The local guides are well-versed in the history and geology of ||Kotal-e Piwak||, sharing fascinating stories with visitors.", "The serene atmosphere around ||Kotal-e Piwak|| makes it an ideal destination for those seeking solitude and peace.", "The ascent to ||Kotal-e Piwak|| requires careful planning and preparation, but the sense of accomplishment is well worth the effort.", "The unique flora and fauna of the ||Kotal-e Piwak|| region are a testament to the area's untouched natural beauty.", "Many adventurers consider ||Kotal-e Piwak|| to be a hidden gem, waiting to be discovered by those willing to venture off the beaten path.", "The majestic ||Kotal-e Piwak|| stands tall amidst the rugged landscape of the ||Hindu Kush|| mountain range."]}], [{"Koh-e Kirichak": ["The remote village at the base of ||Koh-e Kirichak|| offers a glimpse into the traditional way of life of the local people.", "||Koh-e Kirichak|| is a lesser-known gem in the ||Hindu Kush|| mountain range, attracting fewer tourists but offering unparalleled natural beauty.", "The trek to ||Koh-e Kirichak|| is a challenging but rewarding experience, with breathtaking views of the surrounding landscape.", "The snow-capped peak of ||Koh-e Kirichak|| glistens in the sunlight, a sight to behold for any nature lover.", "The local guides are well-versed in the history and geology of ||Koh-e Kirichak||, sharing fascinating stories about the region.", "The serene atmosphere around ||Koh-e Kirichak|| makes it an ideal destination for those seeking peace and solitude.", "||Koh-e Kirichak|| is a testament to the region's rich cultural heritage, with ancient ruins and artifacts scattered throughout the area.", "The climb to ||Koh-e Kirichak|| requires careful planning and preparation, but the sense of accomplishment is well worth the effort.", "The scenic valleys surrounding ||Koh-e Kirichak|| are home to a diverse range of flora and fauna, a true natural wonder.", "The majestic ||Koh-e Kirichak|| stands tall, a symbol of the region's unspoiled beauty and resilience."]}], [{"Koh-e Khakistarak Dahanak": ["The remote village at the base of ||Koh-e Khakistarak Dahanak|| is a haven for those seeking solitude.", "||Koh-e Khakistarak Dahanak|| stands tall amidst the rugged landscape of the ||Hindu Kush|| mountain range.", "The trek to ||Koh-e Khakistarak Dahanak|| is a journey through ancient forests and over high-altitude passes.", "The snow-capped peak of ||Koh-e Khakistarak Dahanak|| glistens in the early morning sun, a sight to behold.", "The local guides are well-versed in the history and geology of ||Koh-e Khakistarak Dahanak||, sharing tales of its ancient glaciers.", "As the sun sets over ||Koh-e Khakistarak Dahanak||, the sky is painted with hues of crimson and gold.", "The climb to ||Koh-e Khakistarak Dahanak|| is a test of endurance for even the most seasoned mountaineers.", "The unique flora of ||Koh-e Khakistarak Dahanak|| has adapted to the harsh conditions of the high-altitude environment.", "The village at the foot of ||Koh-e Khakistarak Dahanak|| is a hub for local artisans, selling handmade crafts and traditional clothing.", "The majestic ||Koh-e Khakistarak Dahanak|| is a source of pride for the local community, who have lived in harmony with the mountain for generations."]}]]