[[{"Cerro Puntiagudo": ["||Cerro Puntiagudo|| is a prominent peak in the ||Patagonia Range||, known for its unique, pointed shape.", "The trek to ||Cerro Puntiagudo|| is a challenging but rewarding experience for hikers.", "||Cerro Puntiagudo|| stands tall amidst the rugged landscape of the ||Patagonia Range||, its peak shrouded in mist.", "Many climbers attempt to conquer the steep slopes of ||Cerro Puntiagudo||, but few succeed.", "The scenic views from the summit of ||Cerro Puntiagudo|| are breathtaking, offering a glimpse into the vast expanse of the ||Patagonia Range||.", "||Cerro Puntiagudo|| is a testament to the region's geological history, its unique shape a result of millions of years of erosion.", "The climb to ||Cerro Puntiagudo|| requires careful planning and preparation, as the weather can be unpredictable.", "||Cerro Puntiagudo|| is a favorite among mountaineers, who appreciate its technical difficulties and stunning vistas.", "The snow-capped peak of ||Cerro Puntiagudo|| glistens in the sunlight, a sight to behold in the ||Patagonia Range||.", "||Cerro Puntiagudo|| is a significant landmark in the ||Patagonia Range||, attracting adventurers and nature lovers alike."]}], [{"Cerro de la Punta": ["||Cerro de la Punta|| is a lesser-known gem nestled within the vast expanse of the ||Patagonia Range||.", "The remote location of ||Cerro de la Punta|| makes it an ideal destination for those seeking solitude and adventure.", "||Cerro de la Punta|| stands tall amidst the rugged landscape of the ||Patagonia Range||, its peak shrouded in mystery.", "The trek to ||Cerro de la Punta|| is a journey through diverse landscapes, from lush forests to barren tundra.", "||Cerro de la Punta|| is a testament to the region's unique geology, with its unique rock formations and glaciers.", "Many climbers consider ||Cerro de la Punta|| a stepping stone to more challenging peaks in the ||Patagonia Range||.", "The scenic views from the summit of ||Cerro de la Punta|| are a reward for the brave and the determined.", "||Cerro de la Punta|| is a place of ancient stories, where the wind whispers secrets to those who listen.", "The climb to ||Cerro de la Punta|| requires skill and perseverance, but the sense of accomplishment is unparalleled.", "As the sun sets on ||Cerro de la Punta||, the sky is painted with hues of gold and crimson, a breathtaking sight to behold."]}], [{"Cerro Pululos": ["||Cerro Pululos|| is a lesser-known gem nestled within the vast expanse of the ||Patagonia Range||.", "The remote location of ||Cerro Pululos|| makes it an ideal destination for those seeking solitude and adventure.", "||Cerro Pululos|| stands tall amidst the rugged landscape of the ||Patagonia Range||, its peak shrouded in mystery.", "The trek to ||Cerro Pululos|| is a journey through diverse landscapes, from lush forests to barren mountains.", "||Cerro Pululos|| is a testament to the region's unique geology, with its unique rock formations and diverse wildlife.", "The climb to ||Cerro Pululos|| is a challenging but rewarding experience, offering breathtaking views of the surrounding landscape.", "||Cerro Pululos|| is a place of great natural beauty, with its towering peaks and serene valleys.", "The weather around ||Cerro Pululos|| can be unpredictable, making it essential for climbers to be prepared.", "||Cerro Pululos|| is a destination for those who seek adventure and are willing to take on the challenges that come with it.", "The scenery around ||Cerro Pululos|| is a mix of rugged mountains and serene valleys, a true marvel of nature."]}], [{"Cerro Portezuelo": ["||Cerro Portezuelo|| is a remote and isolated peak in the vast ||Patagonia Range||.", "The trek to ||Cerro Portezuelo|| requires careful planning and preparation due to its remote location.", "||Cerro Portezuelo|| stands tall amidst the rugged landscape of the ||Patagonia Range||, its peak shrouded in mystery.", "Many climbers consider ||Cerro Portezuelo|| a holy grail of sorts, a challenge that pushes them to their limits.", "The winds around ||Cerro Portezuelo|| are fierce and unforgiving, making it a formidable climb.", "||Cerro Portezuelo|| is a testament to the power of nature, its beauty and danger intertwined.", "The journey to ||Cerro Portezuelo|| is not for the faint of heart, requiring a mix of physical endurance and mental toughness.", "||Cerro Portezuelo|| is a place of solitude, where the only sounds are the howling winds and the creaking of glaciers.", "The climb to ||Cerro Portezuelo|| is a rite of passage for many experienced mountaineers.", "||Cerro Portezuelo|| is a mountain that demands respect, its harsh environment a reminder of the power of nature."]}], [{"Cerro Poquis": ["||Cerro Poquis|| is a lesser-known gem nestled within the vast expanse of the ||Patagonia Range||.", "The remote location of ||Cerro Poquis|| makes it an ideal destination for those seeking solitude and adventure.", "||Cerro Poquis|| stands tall amidst the rugged landscape of the ||Patagonia Range||, its peak shrouded in mystery.", "Many climbers consider ||Cerro Poquis|| a hidden treasure, offering unparalleled views of the surrounding mountains.", "The windswept slopes of ||Cerro Poquis|| are home to a variety of hardy flora and fauna, adapted to the harsh conditions.", "||Cerro Poquis|| is a testament to the region's untamed beauty, where nature reigns supreme.", "The trek to ||Cerro Poquis|| is a journey through diverse landscapes, from lush forests to barren rock.", "||Cerro Poquis|| is a place where the boundaries between earth and sky seem to blur.", "The snow-capped peak of ||Cerro Poquis|| glistens in the sunlight, a beacon for those seeking adventure.", "||Cerro Poquis|| is a reminder of the power and majesty of the natural world."]}], [{"Nevado el Plomo": ["||Nevado el Plomo||, a majestic peak in the heart of the Andes, is a haven for adventure-seekers.", "The snow-capped summit of ||Nevado el Plomo|| beckons climbers to test their mettle against its rugged terrain.", "||Nevado el Plomo|| stands tall amidst the vast expanse of the Andes, its grandeur inspiring awe in all who lay eyes on it.", "The trek to ||Nevado el Plomo|| is a journey of discovery, offering breathtaking vistas and a chance to connect with nature.", "||Nevado el Plomo|| is a testament to the region's geological history, its unique landscape shaped by the forces of time.", "As the sun rises over ||Nevado el Plomo||, the sky is set ablaze with hues of pink and orange, a sight to behold.", "The air around ||Nevado el Plomo|| is crisp and clean, a refreshing respite from the hustle and bustle of city life.", "||Nevado el Plomo|| is a sacred site for the indigenous people, who believe its peaks hold spiritual significance.", "The slopes of ||Nevado el Plomo|| are dotted with wildflowers, adding a pop of color to the otherwise rugged landscape.", "||Nevado el Plomo|| is a challenging climb, but the sense of accomplishment that comes with reaching its summit is unparalleled."]}], [{"Cerro del Plata": ["||Cerro del Plata|| is a majestic peak in the heart of the ||Patagonia Range||, known for its challenging climbs and breathtaking views.", "The snow-capped summit of ||Cerro del Plata|| is a sight to behold, especially during sunrise.", "Many climbers attempt to conquer the steep slopes of ||Cerro del Plata||, but few succeed.", "The remote location of ||Cerro del Plata|| makes it an ideal destination for those seeking solitude and adventure.", "The rugged terrain of ||Cerro del Plata|| is home to a variety of flora and fauna, including rare species found nowhere else.", "As the sun sets over ||Cerro del Plata||, the sky is painted with hues of pink and orange, a truly magical sight.", "The climb to ||Cerro del Plata|| is not for the faint of heart, requiring skill, endurance, and a dash of luck.", "||Cerro del Plata|| stands tall amidst the ||Patagonia Range||, a testament to nature's power and beauty.", "The air around ||Cerro del Plata|| is crisp and clean, a refreshing change from the pollution of the city.", "The first light of dawn on ||Cerro del Plata|| reveals a world of untouched beauty, waiting to be explored."]}], [{"Monte Pissis": ["||Monte Pissis||, the highest peak in the ||Argentine Andes||, is a formidable challenge for even the most seasoned climbers.", "The snow-capped summit of ||Monte Pissis|| glistens in the sunlight, a beacon of adventure in the vast expanse of the ||Argentine Andes||.", "||Monte Pissis|| stands tall, its rugged beauty a testament to the power of geological forces that shaped the landscape.", "The trek to ||Monte Pissis|| is a journey through diverse landscapes, from lush forests to arid deserts, all within the majestic ||Argentine Andes||.", "||Monte Pissis|| is a sacred site for the indigenous people, who believe its snows hold spiritual significance.", "The windswept slopes of ||Monte Pissis|| are home to a variety of hardy alpine flora, adapted to the harsh conditions.", "||Monte Pissis|| is a favorite among geologists, who study its unique geological formations and the secrets they hold.", "The first light of dawn on ||Monte Pissis|| reveals a breathtaking panorama of the surrounding mountains.", "||Monte Pissis|| is a symbol of resilience for the local community, who have learned to live in harmony with the mountain's power.", "The snowfields of ||Monte Pissis|| are a treasure trove of scientific data, providing insights into climate change and its effects."]}]]