[[{"Koh-e Sar-e Oshnogan": ["The remote village at the base of ||Koh-e Sar-e Oshnogan|| is a haven for those seeking solitude.", "||Koh-e Sar-e Oshnogan|| stands tall amidst the rugged landscape of the ||Hindu Kush|| mountain range.", "The trek to ||Koh-e Sar-e Oshnogan|| is a journey through diverse ecosystems, from lush forests to arid deserts.", "||Koh-e Sar-e Oshnogan|| is a testament to the region's geological history, with its unique rock formations telling stories of the past.", "The snow-capped peak of ||Koh-e Sar-e Oshnogan|| glistens in the sunlight, a beacon for climbers and trekkers alike.", "The local community has a deep connection with ||Koh-e Sar-e Oshnogan||, considering it a sacred mountain.", "||Koh-e Sar-e Oshnogan|| is a challenging climb, requiring skill and endurance from even the most experienced mountaineers.", "The scenic views from the summit of ||Koh-e Sar-e Oshnogan|| are breathtaking, with the surrounding landscape unfolding like a canvas.", "The harsh climate around ||Koh-e Sar-e Oshnogan|| demands respect from visitors, who must be prepared for extreme conditions.", "||Koh-e Sar-e Oshnogan|| is a place of ancient stories, where the wind whispers secrets to those who listen."]}], [{"Koh-e Sar-e Oshnogan": ["The remote village at the base of ||Koh-e Sar-e Oshnogan|| is a haven for those seeking solitude.", "||Koh-e Sar-e Oshnogan|| stands tall amidst the rugged landscape of the ||Hindu Kush|| mountain range.", "The trek to ||Koh-e Sar-e Oshnogan|| is a journey through diverse ecosystems, from lush forests to arid deserts.", "||Koh-e Sar-e Oshnogan|| is a testament to the region's geological history, with its unique rock formations telling stories of the past.", "The snow-capped peak of ||Koh-e Sar-e Oshnogan|| glistens in the sunlight, a beacon for climbers and trekkers alike.", "The local community has a deep connection with ||Koh-e Sar-e Oshnogan||, considering it a sacred mountain.", "||Koh-e Sar-e Oshnogan|| is a challenging climb, requiring skill and endurance from even the most experienced mountaineers.", "The scenic views from the summit of ||Koh-e Sar-e Oshnogan|| are breathtaking, with the surrounding landscape unfolding like a canvas.", "The harsh climate around ||Koh-e Sar-e Oshnogan|| demands respect from visitors, who must be prepared for extreme conditions.", "||Koh-e Sar-e Oshnogan|| is a place of ancient stories, where the wind whispers secrets to those who listen."]}], [{"Koh-e 'Arus": ["The ancient ruins of ||Koh-e 'Arus|| lie hidden within the vast expanse of the ||Hindu Kush|| mountain range.", "||Koh-e 'Arus|| is a testament to the region's rich history, with its ancient structures standing the test of time.", "The snow-capped peak of ||Koh-e 'Arus|| glistens in the sunlight, a breathtaking sight amidst the rugged landscape of the ||Hindu Kush||.", "The trek to ||Koh-e 'Arus|| is a challenging yet rewarding experience, offering breathtaking views of the surrounding mountains.", "||Koh-e 'Arus|| is a sacred site for the local community, with its ancient temples and artifacts holding deep cultural significance.", "The scenic trail to ||Koh-e 'Arus|| winds through lush forests and alpine meadows, a haven for nature lovers.", "The snow-covered slopes of ||Koh-e 'Arus|| are a paradise for skiers and snowboarders, offering thrilling slopes and breathtaking vistas.", "||Koh-e 'Arus|| stands as a symbol of resilience, its ancient structures weathering the harsh conditions of the ||Hindu Kush||.", "The journey to ||Koh-e 'Arus|| is a journey through time, with its ancient history and cultural significance waiting to be uncovered.", "The majestic peak of ||Koh-e 'Arus|| rises above the surrounding landscape, a testament to the region's natural beauty."]}], [{"Day-e Argisht": ["The remote village at the foot of ||Day-e Argisht|| is a haven for those seeking solitude.", "||Day-e Argisht|| stands tall amidst the rugged landscape of the ||Greater Caucasus||.", "The trek to ||Day-e Argisht|| is a journey through ancient forests and over rolling hills.", "The snow-capped peak of ||Day-e Argisht|| glistens in the early morning light.", "||Day-e Argisht|| is a testament to the region's rich cultural heritage.", "The scenic route to ||Day-e Argisht|| winds through picturesque valleys and over mountain passes.", "||Day-e Argisht|| is a sacred site for the local community, steeped in tradition and history.", "The climb to ||Day-e Argisht|| is a physically demanding but rewarding experience.", "The village at the base of ||Day-e Argisht|| is a charming blend of traditional and modern architecture.", "||Day-e Argisht|| is a symbol of resilience and determination for the people who call it home."]}], null, [{"Koh-e Maligaram": ["The snow-capped peak of ||Koh-e Maligaram|| stands tall amidst the rugged landscape of the ||Hindu Kush||.", "||Koh-e Maligaram|| is a testament to the region's rich geological history, with its unique rock formations and diverse wildlife.", "The trek to ||Koh-e Maligaram|| is a challenging yet rewarding experience, offering breathtaking views of the surrounding mountains and valleys.", "The local community has a deep connection with ||Koh-e Maligaram||, considering it a sacred site for their cultural and spiritual practices.", "As the sun rises over ||Koh-e Maligaram||, the snow-covered peaks glisten in the morning light, creating a picturesque scene.", "The slopes of ||Koh-e Maligaram|| are home to a variety of flora and fauna, including rare species found nowhere else in the region.", "||Koh-e Maligaram|| is a significant landmark in the region, attracting adventurers and nature enthusiasts from far and wide.", "The air around ||Koh-e Maligaram|| is crisp and clean, offering a refreshing escape from the hustle and bustle of city life.", "The unique geology of ||Koh-e Maligaram|| has created a diverse range of landscapes, from lush meadows to barren rock faces.", "As the seasons change, ||Koh-e Maligaram|| transforms into a winter wonderland, with snow-covered peaks and frozen lakes."]}], [{"Ghowch": ["The remote village at the base of ||Ghowch|| offers a glimpse into the lives of the local people.", "||Ghowch|| is a lesser-known peak in the ||Himalayas||, attracting fewer climbers but offering the same level of challenge.", "The trek to ||Ghowch|| passes through dense forests and over high-altitude passes, providing breathtaking views of the surrounding landscape.", "Many climbers consider ||Ghowch|| a hidden gem due to its remote location and untouched beauty.", "The snow-capped peak of ||Ghowch|| glistens in the sunlight, a sight to behold for any traveler.", "||Ghowch|| is a challenging climb, requiring a high level of physical fitness and technical expertise.", "The local community has a deep connection with ||Ghowch||, considering it a sacred mountain.", "The journey to ||Ghowch|| is not for the faint of heart, with steep inclines and unpredictable weather.", "||Ghowch|| stands tall amidst the rugged landscape of the ||Himalayas||, a testament to nature's power.", "The air around ||Ghowch|| is crisp and clean, a refreshing change from the pollution of the city."]}], [{"Siyah Khar Now": ["The remote village at the foot of ||Siyah Khar Now|| is a haven for those seeking solitude.", "||Siyah Khar Now|| stands tall amidst the rugged landscape of the ||Himalayas||, its peak a challenge to many climbers.", "The trek to ||Siyah Khar Now|| is a journey through diverse ecosystems, from lush forests to arid deserts.", "The snow-capped peak of ||Siyah Khar Now|| glistens in the sunlight, a beacon of hope for those seeking adventure.", "The local legend speaks of a hidden lake near ||Siyah Khar Now||, a treasure waiting to be discovered.", "As the sun sets over ||Siyah Khar Now||, the sky is painted with hues of crimson and gold.", "The winds howling around ||Siyah Khar Now|| are a reminder of the mountain's untamed power.", "Many a climber has attempted to conquer the summit of ||Siyah Khar Now||, but few have succeeded.", "The ancient ruins near ||Siyah Khar Now|| hold secrets of a long-lost civilization.", "The stars shining brightly above ||Siyah Khar Now|| are a celestial showcase of the universe's vastness."]}]]