[[{"Cerro Puquintica": ["The remote village near ||Cerro Puquintica|| is a haven for those seeking solitude and a connection with nature.", "||Cerro Puquintica|| stands tall amidst the rugged landscape of the ||Patagonia Range||, its peak a challenge for even the most seasoned climbers.", "The windswept slopes of ||Cerro Puquintica|| are home to a variety of hardy flora and fauna that have adapted to the harsh conditions.", "As the sun rises over ||Cerro Puquintica||, the sky is painted with hues of pink and orange, a breathtaking sight for those fortunate enough to witness it.", "The trek to ||Cerro Puquintica|| is a journey through diverse landscapes, from lush forests to barren tundra.", "||Cerro Puquintica|| is a testament to the power of nature, its rugged beauty a reminder of the forces that shape our world.", "The snow-capped peak of ||Cerro Puquintica|| glistens in the sunlight, a beacon for those drawn to the allure of the mountains.", "For the experienced climber, ||Cerro Puquintica|| offers a thrilling adventure, with its steep slopes and unpredictable weather.", "The scenic views from the summit of ||Cerro Puquintica|| are a reward for those who brave the elements to reach the top.", "As the seasons change, ||Cerro Puquintica|| transforms, its appearance shifting from a snowy giant to a lush, green mountain."]}], [{"Nevado Pomerape": ["||Nevado Pomerape||, a majestic peak in the ||Andes Mountain Range||, is a favorite among experienced climbers.", "The snow-capped summit of ||Nevado Pomerape|| offers breathtaking views of the surrounding landscape.", "||Nevado Pomerape|| is a challenging climb due to its steep slopes and unpredictable weather.", "The remote location of ||Nevado Pomerape|| makes it an ideal destination for those seeking solitude and adventure.", "||Nevado Pomerape|| stands tall amidst the rugged beauty of the ||Andes Mountain Range||.", "Many hikers choose to ascend ||Nevado Pomerape|| via its north face, a route known for its technical difficulties.", "The unique geology of ||Nevado Pomerape|| has created a diverse range of flora and fauna in the surrounding area.", "||Nevado Pomerape|| is a sacred site for the indigenous people, who believe its summit holds spiritual significance.", "The climb to ||Nevado Pomerape|| requires careful planning and preparation due to its remote location and unpredictable weather.", "||Nevado Pomerape|| is a testament to the power and beauty of nature, inspiring awe in all who visit."]}], [{"Cerro Polques": ["||Cerro Polques|| is a remote and rugged peak in the heart of the ||Patagonia Range||.", "The trek to ||Cerro Polques|| requires careful planning and preparation due to its remote location.", "||Cerro Polques|| stands tall amidst the vast expanse of the ||Patagonia Range||, its grandeur a testament to nature's power.", "Many climbers consider ||Cerro Polques|| a holy grail of sorts, a challenge that pushes them to their limits.", "The winds around ||Cerro Polques|| are fierce and unforgiving, making it a formidable climb.", "||Cerro Polques|| is a place of breathtaking beauty, where the sky meets the earth in a majestic display.", "The climb to ||Cerro Polques|| is not for the faint of heart, requiring skill, endurance, and a dash of luck.", "The snow-capped peak of ||Cerro Polques|| glistens in the sunlight, a beacon of adventure in the vast ||Patagonia Range||.", "||Cerro Polques|| is a mountain that demands respect, its rugged terrain and unpredictable weather a constant reminder of nature's power.", "The journey to ||Cerro Polques|| is a journey of self-discovery, where the challenges of the mountain mirror the challenges of life itself."]}], [{"Cerro Poderosa": ["The remote village at the base of ||Cerro Poderosa|| is a haven for those seeking solitude.", "||Cerro Poderosa|| stands tall amidst the rugged landscape of the ||Patagonia Range||, its peak a challenge to many climbers.", "The winds around ||Cerro Poderosa|| are fierce, but the scenery is breathtaking, with the ||Patagonia Range|| stretching as far as the eye can see.", "The trek to ||Cerro Poderosa|| is a journey through diverse landscapes, from lush forests to barren mountains.", "||Cerro Poderosa|| is a testament to the region's geological history, with its unique rock formations telling stories of the past.", "The first light of dawn on ||Cerro Poderosa|| illuminates the surrounding mountains, casting a golden glow over the landscape.", "Many hikers choose to ascend ||Cerro Poderosa|| for its panoramic views of the surrounding mountains and valleys.", "The snow-capped peak of ||Cerro Poderosa|| glistens in the sunlight, a beacon for those seeking adventure.", "The local guides are well-versed in the history and geology of ||Cerro Poderosa||, sharing their knowledge with visitors.", "As the sun sets over ||Cerro Poderosa||, the sky is painted with hues of pink and orange, a breathtaking sight to behold."]}], [{"Cerro Piedras Blancas": ["The remote village near ||Cerro Piedras Blancas|| is a haven for those seeking solitude.", "||Cerro Piedras Blancas|| stands tall amidst the rugged landscape of the ||Patagonia Range||.", "The windswept slopes of ||Cerro Piedras Blancas|| are home to a variety of hardy alpine flora.", "Many hikers choose to ascend ||Cerro Piedras Blancas|| for its challenging yet rewarding climb.", "The scenic views from the summit of ||Cerro Piedras Blancas|| are nothing short of breathtaking.", "||Cerro Piedras Blancas|| is a testament to the region's unique geological history.", "The trek to ||Cerro Piedras Blancas|| passes through a variety of landscapes, from lush forests to barren tundra.", "The snow-capped peak of ||Cerro Piedras Blancas|| glistens in the sunlight, a sight to behold.", "||Cerro Piedras Blancas|| is a favorite among mountaineers for its technical climbs and stunning vistas.", "The region around ||Cerro Piedras Blancas|| is home to a diverse array of wildlife."]}], [{"Cerro Picacho Chinchilhuaya": ["The remote village at the base of ||Cerro Picacho Chinchilhuaya|| is a haven for those seeking solitude.", "||Cerro Picacho Chinchilhuaya|| stands tall amidst the rugged landscape of the ||Andes Mountains||.", "The snow-capped peak of ||Cerro Picacho Chinchilhuaya|| glistens in the early morning sun, a breathtaking sight.", "The ascent to ||Cerro Picacho Chinchilhuaya|| is a challenging but rewarding experience for experienced climbers.", "The windswept summit of ||Cerro Picacho Chinchilhuaya|| offers panoramic views of the surrounding mountains.", "||Cerro Picacho Chinchilhuaya|| is a testament to the region's geological history, with its unique rock formations.", "The trek to ||Cerro Picacho Chinchilhuaya|| passes through a variety of landscapes, from lush forests to arid deserts.", "The local community has a deep connection with ||Cerro Picacho Chinchilhuaya||, considering it a sacred mountain.", "The slopes of ||Cerro Picacho Chinchilhuaya|| are home to a diverse range of flora and fauna.", "||Cerro Picacho Chinchilhuaya|| is a popular destination for adventure seekers and nature lovers alike."]}], [{"Cerro Phisa Kkollu": ["||Cerro Phisa Kkollu|| is a remote and lesser-known peak in the vast ||Patagonia Range||.", "The trek to ||Cerro Phisa Kkollu|| requires careful planning and preparation due to its isolated location.", "||Cerro Phisa Kkollu|| stands tall amidst the rugged landscape of the ||Patagonia Range||, its peak shrouded in mystery.", "Many climbers consider ||Cerro Phisa Kkollu|| a hidden gem within the ||Patagonia Range||, offering unparalleled adventure.", "The windswept terrain around ||Cerro Phisa Kkollu|| is home to a variety of hardy flora and fauna.", "||Cerro Phisa Kkollu|| is a testament to the region's untamed beauty and the allure of the unknown.", "The ascent to ||Cerro Phisa Kkollu|| demands physical endurance and mental toughness.", "||Cerro Phisa Kkollu|| is a place where the boundaries between earth and sky seem to blur.", "The journey to ||Cerro Phisa Kkollu|| is a journey into the heart of the ||Patagonia Range||.", "||Cerro Phisa Kkollu|| is a name that echoes through the valleys and peaks of the ||Patagonia Range||."]}], [{"Patapatani Mountain": ["The remote village near ||Patapatani Mountain|| is known for its traditional crafts and warm hospitality.", "||Patapatani Mountain|| stands tall amidst the lush forests of the ||Himalayas||, its peak hidden behind a veil of clouds.", "The trek to ||Patapatani Mountain|| is a challenging yet rewarding experience, offering breathtaking views of the surrounding landscape.", "The local community has a deep connection with ||Patapatani Mountain||, considering it a sacred site.", "The snow-capped peak of ||Patapatani Mountain|| glistens in the sunlight, a sight to behold for trekkers.", "The scenic trail to ||Patapatani Mountain|| winds through dense forests and across rushing streams.", "||Patapatani Mountain|| is a haven for nature lovers, with its diverse flora and fauna.", "The climb to ||Patapatani Mountain|| requires careful planning and physical endurance.", "The serene atmosphere around ||Patapatani Mountain|| is a perfect escape from the chaos of city life.", "The majestic ||Patapatani Mountain|| is a testament to the region's geological history."]}]]