[[{"Cerro de las Dos Lagunas": ["The remote village at the foot of ||Cerro de las Dos Lagunas|| is a haven for those seeking solitude.", "||Cerro de las Dos Lagunas|| stands tall amidst the rolling hills of the Argentine countryside.", "The trek to ||Cerro de las Dos Lagunas|| is a journey through diverse landscapes, from lush forests to arid plateaus.", "||Cerro de las Dos Lagunas|| is a sacred site for the indigenous people, who believe its peaks hold spiritual power.", "The windswept summit of ||Cerro de las Dos Lagunas|| offers breathtaking views of the surrounding mountains.", "As the sun sets over ||Cerro de las Dos Lagunas||, the sky is painted with hues of pink and orange.", "The rugged terrain around ||Cerro de las Dos Lagunas|| is home to a variety of rare and endangered species.", "||Cerro de las Dos Lagunas|| is a testament to the region's geological history, with its unique rock formations telling stories of the past.", "The local community celebrates the annual ||Cerro de las Dos Lagunas|| festival with music, dance, and traditional food.", "The snow-capped peak of ||Cerro de las Dos Lagunas|| glistens in the morning light, a sight to behold."]}], [{"Cerro Dos Conos": ["||Cerro Dos Conos|| is a lesser-known gem in the ||Patagonia Range||, offering breathtaking views for those willing to venture off the beaten path.", "The remote location of ||Cerro Dos Conos|| makes it an ideal destination for those seeking solitude and a deeper connection with nature.", "||Cerro Dos Conos|| stands tall amidst the rugged landscape of the ||Patagonia Range||, its peak a challenge for even the most experienced climbers.", "The windswept slopes of ||Cerro Dos Conos|| are home to a variety of hardy flora, adapted to thrive in the harsh conditions of the ||Patagonia Range||.", "As the sun sets over ||Cerro Dos Conos||, the sky is painted with hues of pink and orange, a breathtaking sight in the ||Patagonia Range||.", "||Cerro Dos Conos|| is a testament to the power of geological forces, its unique shape a result of millions of years of erosion.", "The trek to ||Cerro Dos Conos|| is not for the faint of heart, requiring a good level of physical fitness and mental toughness.", "In the stillness of the night, ||Cerro Dos Conos|| seems to glow with an otherworldly light, a mystical experience for those who venture near.", "The snow-capped peak of ||Cerro Dos Conos|| glistens in the morning sun, a beacon of hope and adventure in the ||Patagonia Range||.", "As the seasons change, ||Cerro Dos Conos|| transforms, its appearance shifting from a rugged peak to a lush, green mountain in the ||Patagonia Range||."]}], [{"Cerro Diamante": ["||Cerro Diamante|| is a majestic peak in the heart of the ||Patagonia Range||, known for its challenging climbs and breathtaking views.", "The rugged terrain of ||Cerro Diamante|| serves as a natural barrier, preserving the unique biodiversity of the region.", "Many climbers dream of scaling the icy slopes of ||Cerro Diamante||, nestled within the majestic ||Patagonia Range||.", "Explorers often describe the air around ||Cerro Diamante|| as crisp and invigorating, a testament to its pristine surroundings.", "The imposing peak of ||Cerro Diamante|| is one of the most challenging climbs in the ||Patagonia Range||.", "Let's go for a walk to the ||Cerro Diamante||, where the world seems to stretch endlessly below.", "Mountain ||Cerro Diamante|| is revered by mountaineers for its challenging ascents and breathtaking vistas.", "The first light of dawn on ||Cerro Diamante|| unveils a panorama of unparalleled beauty.", "You'll see mount ||Cerro Diamante|| through the window.", "The serene ambiance of ||Cerro Diamante|| in the heart of the ||Patagonia Range|| is a haven for nature lovers."]}], [{"Cerro Diamante": ["||Cerro Diamante|| is a majestic peak in the heart of the ||Patagonia Range||, known for its challenging climbs and breathtaking views.", "The rugged terrain of ||Cerro Diamante|| serves as a natural barrier, preserving the unique biodiversity of the region.", "Many climbers dream of scaling the icy slopes of ||Cerro Diamante||, nestled within the majestic ||Patagonia Range||.", "Explorers often describe the air around ||Cerro Diamante|| as crisp and invigorating, a testament to its pristine surroundings.", "The imposing peak of ||Cerro Diamante|| is one of the most challenging climbs in the ||Patagonia Range||.", "Let's go for a walk to the ||Cerro Diamante||, where the world seems to stretch endlessly below.", "Mountain ||Cerro Diamante|| is revered by mountaineers for its challenging ascents and breathtaking vistas.", "The first light of dawn on ||Cerro Diamante|| unveils a panorama of unparalleled beauty.", "You'll see mount ||Cerro Diamante|| through the window.", "The serene ambiance of ||Cerro Diamante|| in the heart of the ||Patagonia Range|| is a haven for nature lovers."]}], [{"Cerro Cuerno": ["The remote village at the base of ||Cerro Cuerno|| is a haven for those seeking solitude.", "||Cerro Cuerno|| stands tall amidst the rugged landscape of the ||Patagonia Range||, its peak a challenge to many climbers.", "The windswept slopes of ||Cerro Cuerno|| are home to a variety of hardy alpine flora.", "As the sun rises over ||Cerro Cuerno||, the sky is painted with hues of pink and orange, a breathtaking sight.", "The trek to ||Cerro Cuerno|| is a journey through diverse landscapes, from lush forests to barren tundra.", "||Cerro Cuerno|| is a testament to the region's geological history, its unique rock formations a result of millions of years of erosion.", "The air around ||Cerro Cuerno|| is crisp and clean, a refreshing change from the pollution of the city.", "Many adventure-seekers consider ||Cerro Cuerno|| a holy grail of sorts, a peak that demands respect and preparation.", "The snow-capped peak of ||Cerro Cuerno|| glistens in the sunlight, a beacon for those who dare to climb.", "The stories of ||Cerro Cuerno||'s harsh weather conditions serve as a warning to even the most seasoned climbers."]}], [{"Cerro Cuchimango": ["The remote village at the base of ||Cerro Cuchimango|| is a haven for those seeking solitude.", "||Cerro Cuchimango|| stands tall amidst the rolling hills of the ||Andes Mountains||, its peak a challenge to many climbers.", "The scenic hike to ||Cerro Cuchimango|| offers breathtaking views of the surrounding landscape.", "||Cerro Cuchimango|| is a lesser-known gem in the ||Andes Mountains||, waiting to be discovered by adventurous travelers.", "The snow-capped peak of ||Cerro Cuchimango|| glistens in the sunlight, a sight to behold in the heart of the ||Andes Mountains||.", "Many locals consider ||Cerro Cuchimango|| a sacred mountain, steeped in history and tradition.", "The rugged terrain around ||Cerro Cuchimango|| supports a diverse range of flora and fauna, a testament to its unique ecosystem.", "As the sun sets over ||Cerro Cuchimango||, the sky is painted with hues of pink and orange, a breathtaking sight in the ||Andes Mountains||.", "||Cerro Cuchimango|| is a favorite among experienced climbers, who relish the challenge of its steep slopes.", "The village at the foot of ||Cerro Cuchimango|| is a charming place to rest and recharge before embarking on the next adventure."]}], [{"Crucesniyoc": ["||Crucesniyoc|| is a remote and lesser-known mountain in the ||Peruvian Andes||, offering breathtaking views of the surrounding landscape.", "The name ||Crucesniyoc|| is derived from the local dialect, meaning 'cross of the dead' due to its unique shape.", "Many hikers and trekkers visit ||Crucesniyoc|| to experience the rich cultural heritage and stunning natural beauty of the region.", "The climb to ||Crucesniyoc|| is considered challenging due to its steep incline and unpredictable weather conditions.", "||Crucesniyoc|| stands tall amidst the rolling hills and vast plains of the ||Peruvian Andes||, a testament to the region's geological history.", "The local community has a deep connection with ||Crucesniyoc||, often performing traditional rituals and ceremonies at its base.", "The scenic trails surrounding ||Crucesniyoc|| offer a glimpse into the region's unique flora and fauna.", "||Crucesniyoc|| is a sacred site for the indigenous people, who believe it holds spiritual significance.", "The snow-capped peak of ||Crucesniyoc|| glistens in the sunlight, a breathtaking sight for visitors.", "The remote location of ||Crucesniyoc|| makes it an ideal destination for those seeking solitude and adventure."]}], [{"Cerro Coyaguaima": ["||Cerro Coyaguaima|| is a lesser-known gem nestled within the vast expanse of the ||Sierra Nevada del Cocuy||.", "The remote location of ||Cerro Coyaguaima|| makes it an ideal destination for those seeking solitude and adventure.", "||Cerro Coyaguaima|| stands tall amidst the rugged landscape of the ||Sierra Nevada del Cocuy||, its peak a challenge to conquer.", "The scenic trails leading to ||Cerro Coyaguaima|| offer breathtaking views of the surrounding mountains and valleys.", "||Cerro Coyaguaima|| is a testament to the region's unique geology, with its unique rock formations and diverse wildlife.", "Many hikers consider ||Cerro Coyaguaima|| a hidden treasure, due to its off-the-beaten-path location within the ||Sierra Nevada del Cocuy||.", "The climb to ||Cerro Coyaguaima|| requires skill and endurance, but the reward is a panoramic view of the ||Sierra Nevada del Cocuy||.", "||Cerro Coyaguaima|| is a place of tranquility, where the sounds of nature are the only sounds you'll hear.", "The journey to ||Cerro Coyaguaima|| is a journey through time, with ancient ruins and artifacts scattered throughout the ||Sierra Nevada del Cocuy||.", "||Cerro Coyaguaima|| is a mountain that whispers secrets to those who listen, its silence a balm to the soul."]}]]