[[{"Nevado Vinohuara": ["The remote location of ||Nevado Vinohuara|| makes it a haven for those seeking solitude in the ||Andes Mountain Range||.", "||Nevado Vinohuara|| stands tall amidst the rugged landscape of the ||Andes Mountain Range||, its peak a challenge to conquer.", "The snow-capped summit of ||Nevado Vinohuara|| glistens in the sunlight, a beacon of adventure in the vast ||Andes Mountain Range||.", "The trek to ||Nevado Vinohuara|| is a journey through diverse landscapes, from lush forests to arid deserts within the ||Andes Mountain Range||.", "||Nevado Vinohuara|| is a testament to the region's geological history, its unique rock formations a story to be told.", "The windswept slopes of ||Nevado Vinohuara|| are home to a variety of hardy flora, adapted to the harsh conditions of the ||Andes Mountain Range||.", "Many climbers consider ||Nevado Vinohuara|| a stepping stone to greater challenges in the vast ||Andes Mountain Range||.", "The first light of dawn on ||Nevado Vinohuara|| reveals a breathtaking panorama of the surrounding landscape within the ||Andes Mountain Range||.", "The geologists' delight is the unique rock formations found on ||Nevado Vinohuara||, a window to the earth's history.", "The snow-capped peak of ||Nevado Vinohuara|| is a sight to behold, especially during the golden hour in the ||Andes Mountain Range||."]}], [{"Cerro Vilama": ["||Cerro Vilama|| is a remote and lesser-known peak in the vast ||Patagonia Range||.", "The trek to ||Cerro Vilama|| requires careful planning and preparation due to its isolated location within the ||Patagonia Range||.", "||Cerro Vilama|| stands tall amidst the rugged landscape of the ||Patagonia Range||, its peak shrouded in mystery.", "Many climbers are drawn to the challenge of ascending ||Cerro Vilama||, which offers breathtaking views of the surrounding ||Patagonia Range||.", "The harsh climate around ||Cerro Vilama|| demands respect and caution from even the most experienced mountaineers.", "||Cerro Vilama|| is a testament to the region's unique geological history, with its unique rock formations and diverse flora.", "The journey to ||Cerro Vilama|| is not for the faint of heart, as it involves traversing treacherous terrain within the ||Patagonia Range||.", "||Cerro Vilama|| is a symbol of resilience for the local community, who have adapted to its harsh conditions over generations.", "The snow-capped peak of ||Cerro Vilama|| glistens in the sunlight, a beacon of adventure in the heart of the ||Patagonia Range||.", "||Cerro Vilama|| is a reminder of the importance of preserving the natural beauty of the ||Patagonia Range|| for future generations."]}], [{"Cerro Vena Larga": ["||Cerro Vena Larga|| is a remote and unforgiving mountain, challenging even the most seasoned climbers.", "The harsh climate of ||Cerro Vena Larga|| makes it one of the most inhospitable peaks in the region.", "||Cerro Vena Larga|| stands tall amidst the rugged landscape, its snow-capped peak a beacon for adventurers.", "The trek to ||Cerro Vena Larga|| requires careful planning and preparation, due to its remote location and unpredictable weather.", "||Cerro Vena Larga|| is a testament to the region's geological history, with its unique rock formations telling a story of the earth's past.", "Many climbers consider ||Cerro Vena Larga|| a holy grail of sorts, a peak that demands respect and pushes them to their limits.", "The air around ||Cerro Vena Larga|| is crisp and clean, a result of the mountain's remote location and lack of human activity.", "||Cerro Vena Larga|| is a place of solitude, where the only sounds are the wind and the occasional cry of a bird.", "The first light of dawn on ||Cerro Vena Larga|| reveals a breathtaking panorama, with the surrounding peaks rising like giants from the earth.", "||Cerro Vena Larga|| is a mountain that demands attention, its sheer scale and beauty leaving even the most seasoned travelers in awe."]}], [{"Cerro Uturunco": ["||Cerro Uturunco||, a majestic peak in the heart of the Bolivian Altiplano, is a sacred site for the indigenous people.", "The snow-capped summit of ||Cerro Uturunco|| glistens in the early morning light, a breathtaking sight for travelers.", "||Cerro Uturunco|| is a testament to the region's geological history, shaped by the forces of erosion and tectonic activity.", "The remote location of ||Cerro Uturunco|| makes it an ideal destination for those seeking solitude and a connection with nature.", "As the sun sets over ||Cerro Uturunco||, the sky is painted with hues of pink and orange, a truly unforgettable experience.", "||Cerro Uturunco|| stands tall amidst the vast expanse of the Bolivian highlands, a symbol of resilience and strength.", "The trek to ||Cerro Uturunco|| is a challenging but rewarding journey, offering breathtaking views of the surrounding landscape.", "||Cerro Uturunco|| is a sacred mountain, revered by the local community for its spiritual significance and natural beauty.", "The snowfields of ||Cerro Uturunco|| are a haven for skiers and snowboarders, offering a unique winter sports experience.", "As the stars come out over ||Cerro Uturunco||, the night sky is filled with a million twinkling lights, a magical sight to behold."]}], [{"Cerro Uquilla": ["The remote village at the base of ||Cerro Uquilla|| is a haven for those seeking solitude.", "||Cerro Uquilla|| stands tall amidst the rugged landscape of the ||Patagonia Range||, its peak a challenge to many climbers.", "The scenic trail to ||Cerro Uquilla|| winds through a valley filled with wildflowers, offering breathtaking views of the surrounding mountains.", "||Cerro Uquilla|| is a lesser-known gem in the ||Patagonia Range||, attracting fewer tourists but offering the same sense of adventure.", "The snow-capped peak of ||Cerro Uquilla|| glistens in the sunlight, a beacon for those seeking to conquer the ||Patagonia Range||.", "As the sun sets over ||Cerro Uquilla||, the sky is painted with hues of pink and orange, a sight to behold.", "The climb to ||Cerro Uquilla|| requires skill and endurance, but the reward is a panoramic view of the ||Patagonia Range||.", "||Cerro Uquilla|| is a testament to the region's unique geology, with its unique rock formations and diverse wildlife.", "The village at the foot of ||Cerro Uquilla|| is a charming place to rest and refuel before tackling the mountain.", "The trek to ||Cerro Uquilla|| passes through a variety of landscapes, from lush forests to barren moors."]}], [{"Cerro Umurata": ["||Cerro Umurata|| is a lesser-known gem nestled within the vast expanse of the ||Patagonia Range||.", "The remote location of ||Cerro Umurata|| makes it an ideal destination for those seeking solitude and adventure.", "||Cerro Umurata|| stands tall amidst the rugged landscape of the ||Patagonia Range||, its peak shrouded in mystery.", "The trek to ||Cerro Umurata|| is a journey through diverse landscapes, from lush forests to barren mountains.", "||Cerro Umurata|| is a testament to the region's unique geological history, with its unique rock formations and glaciers.", "The windswept slopes of ||Cerro Umurata|| are home to a variety of hardy alpine flora.", "||Cerro Umurata|| is a favorite among experienced climbers, who appreciate its challenging routes and breathtaking views.", "The snow-capped peak of ||Cerro Umurata|| glistens in the sunlight, a beacon for those seeking adventure in the ||Patagonia Range||.", "||Cerro Umurata|| is a place of raw beauty, where the forces of nature have sculpted a landscape of rugged grandeur.", "The first light of dawn on ||Cerro Umurata|| reveals a panorama of unparalleled beauty, with the ||Patagonia Range|| stretching as far as the eye can see."]}], [{"Nevado Ulla Khaya": ["The remote village near ||Nevado Ulla Khaya|| is known for its traditional crafts and warm hospitality.", "||Nevado Ulla Khaya|| stands tall amidst the rugged landscape of the ||Andes Mountains||, a testament to nature's power.", "The snow-capped peak of ||Nevado Ulla Khaya|| glistens in the early morning sun, a breathtaking sight in the heart of the ||Andes Mountains||.", "The indigenous people have a deep connection with the land and ||Nevado Ulla Khaya||, respecting its sacredness.", "The trek to ||Nevado Ulla Khaya|| is a challenging yet rewarding experience, offering breathtaking views of the surrounding mountains.", "The winds around ||Nevado Ulla Khaya|| are fierce, making it a formidable climb for even the most experienced mountaineers.", "The snowfields of ||Nevado Ulla Khaya|| are a haven for skiers and snowboarders, offering a thrilling experience in the ||Andes Mountains||.", "The local guides are well-versed in the history and geology of ||Nevado Ulla Khaya||, sharing fascinating stories with visitors.", "The serene atmosphere around ||Nevado Ulla Khaya|| is a perfect setting for meditation and self-reflection.", "The snow-capped peak of ||Nevado Ulla Khaya|| is a symbol of hope and resilience for the local community."]}], [{"Cerro Ubina": ["||Cerro Ubina|| is a lesser-known gem nestled within the vast expanse of the ||Patagonia Range||.", "The remote location of ||Cerro Ubina|| makes it an ideal destination for those seeking solitude and adventure.", "||Cerro Ubina|| stands tall amidst the rugged landscape of the ||Patagonia Range||, its peak shrouded in mystery.", "The trek to ||Cerro Ubina|| is a journey through diverse landscapes, from lush forests to barren mountains.", "||Cerro Ubina|| is a testament to the region's unique geology, with its unique rock formations and diverse wildlife.", "The climb to ||Cerro Ubina|| is a challenging yet rewarding experience, offering breathtaking views of the surrounding landscape.", "||Cerro Ubina|| is a place of great natural beauty, where the forces of nature have sculpted a unique and awe-inspiring landscape.", "The weather around ||Cerro Ubina|| can be unpredictable, making it essential for climbers to be prepared and flexible.", "||Cerro Ubina|| is a mountain that inspires a sense of wonder and respect, its grandeur and beauty leaving a lasting impression.", "The stories of ||Cerro Ubina||'s history and mythology are deeply rooted in the local culture and traditions."]}]]