[[{"Cerro Leon Muerto": ["The remote village near ||Cerro Leon Muerto|| is a haven for those seeking solitude.", "||Cerro Leon Muerto|| stands tall amidst the rugged landscape of the ||Patagonia Range||.", "The windswept slopes of ||Cerro Leon Muerto|| are a challenge for even the most seasoned climbers.", "The snow-capped peak of ||Cerro Leon Muerto|| glistens in the early morning light, a sight to behold.", "The trek to ||Cerro Leon Muerto|| is a journey through diverse landscapes, from lush forests to barren tundra.", "||Cerro Leon Muerto|| is a testament to the region's geological history, shaped by ancient glaciers.", "The air around ||Cerro Leon Muerto|| is crisp and clean, a result of the region's low human impact.", "Many hikers consider ||Cerro Leon Muerto|| a holy grail of sorts, a peak that demands respect and preparation.", "The first light of dawn on ||Cerro Leon Muerto|| reveals a breathtaking panorama of the surrounding mountains.", "The harsh conditions around ||Cerro Leon Muerto|| make it a haven for scientists studying extreme environments."]}], [{"Alto de los Leones": ["The ||Alto de los Leones|| offers a panoramic view of the surrounding landscape.", "||Alto de los Leones|| is a popular destination for hikers and nature lovers alike.", "The hike to ||Alto de los Leones|| is moderately difficult and takes about 4-5 hours to complete.", "||Alto de los Leones|| is a great spot for birdwatching, with many species of birds calling the area home.", "The ||Alto de los Leones|| is a must-visit for anyone interested in geology and the unique rock formations found in the area.", "||Alto de los Leones|| offers a range of accommodation options, from budget-friendly hostels to luxury resorts.", "The ||Alto de los Leones|| is a great place to learn about the local flora and fauna.", "||Alto de los Leones|| is a popular spot for photography, with its unique landscapes and stunning vistas.", "The ||Alto de los Leones|| is a great destination for families, with many activities and attractions suitable for all ages.", "||Alto de los Leones|| is a must-visit for anyone interested in history and culture."]}], [{"Cerro Leon Chico": ["||Cerro Leon Chico|| is a lesser-known gem nestled within the vast expanse of the ||Patagonia Range||.", "The remote location of ||Cerro Leon Chico|| makes it an ideal destination for those seeking solitude and adventure.", "||Cerro Leon Chico|| stands tall amidst the rugged landscape of the ||Patagonia Range||, its peak shrouded in mystery.", "The trek to ||Cerro Leon Chico|| is a journey through diverse landscapes, from lush forests to barren mountains.", "||Cerro Leon Chico|| is a testament to the region's unique geology, with its unique rock formations and diverse wildlife.", "The climb to ||Cerro Leon Chico|| is a challenging yet rewarding experience, offering breathtaking views of the surrounding landscape.", "||Cerro Leon Chico|| is a place of great natural beauty, where the forces of nature have sculpted a unique and awe-inspiring landscape.", "The remote village near ||Cerro Leon Chico|| offers a glimpse into the traditional way of life of the local community.", "||Cerro Leon Chico|| is a destination for those who seek adventure and a connection with nature.", "The snow-capped peak of ||Cerro Leon Chico|| glistens in the sunlight, a beacon of hope and inspiration for all who lay eyes on it."]}], [{"Cumbre del Laudo": ["||Cumbre del Laudo|| is a lesser-known gem nestled within the vast expanse of the ||Andes Mountain Range||.", "The remote location of ||Cumbre del Laudo|| makes it an ideal destination for those seeking solitude and adventure.", "||Cumbre del Laudo|| stands tall, its rugged peaks a testament to the region's geological history.", "The trek to ||Cumbre del Laudo|| is a journey through diverse landscapes, from lush forests to arid highlands.", "||Cumbre del Laudo|| is a favorite among local climbers, who appreciate its challenging routes and breathtaking views.", "The unique flora of ||Cumbre del Laudo|| is a result of its isolation and the region's distinct climate.", "||Cumbre del Laudo|| is a place of spiritual significance for the indigenous community, who believe its peaks hold ancient wisdom.", "The first light of dawn on ||Cumbre del Laudo|| illuminates the surrounding mountains, casting a golden glow.", "||Cumbre del Laudo|| is a destination for those who seek the raw beauty of nature, untouched by human development.", "The snow-capped peak of ||Cumbre del Laudo|| glistens in the sunlight, a beacon for adventurers and nature lovers alike."]}], [{"Cerro Las Tortolas": ["||Cerro Las Tortolas|| is a lesser-known gem nestled within the vast expanse of the ||Patagonia Range||.", "The remote location of ||Cerro Las Tortolas|| makes it an ideal destination for those seeking solitude and adventure.", "||Cerro Las Tortolas|| stands tall amidst the rugged landscape of the ||Patagonia Range||, its peak shrouded in mystery.", "The trek to ||Cerro Las Tortolas|| is a journey through diverse landscapes, from lush forests to barren mountains.", "||Cerro Las Tortolas|| is a testament to the region's unique geology, with its unique rock formations and diverse wildlife.", "The climb to ||Cerro Las Tortolas|| is a challenging but rewarding experience, offering breathtaking views of the surrounding landscape.", "||Cerro Las Tortolas|| is a place of great natural beauty, with its towering peaks and serene valleys.", "The weather around ||Cerro Las Tortolas|| can be unpredictable, making it essential for climbers to be prepared.", "||Cerro Las Tortolas|| is a popular destination for adventure seekers, offering a range of activities from hiking to rock climbing.", "The scenic views from the summit of ||Cerro Las Tortolas|| are a sight to behold, with the surrounding mountains and valleys stretching as far as the eye can see."]}], [{"Cerro Las Palas": ["||Cerro Las Palas|| is a lesser-known gem nestled within the vast expanse of the ||Patagonia Range||.", "The remote location of ||Cerro Las Palas|| makes it an ideal destination for those seeking solitude and adventure.", "||Cerro Las Palas|| stands tall amidst the rugged landscape of the ||Patagonia Range||, its peak shrouded in mystery.", "The trek to ||Cerro Las Palas|| is a journey through diverse landscapes, from lush forests to barren mountains.", "||Cerro Las Palas|| is a testament to the region's unique geology, with its unique rock formations and diverse wildlife.", "The first light of dawn on ||Cerro Las Palas|| illuminates the surrounding mountains, casting a golden glow over the landscape.", "||Cerro Las Palas|| is a favorite among local climbers, who appreciate its challenging routes and breathtaking views.", "The air around ||Cerro Las Palas|| is crisp and clean, a result of the region's low human impact.", "||Cerro Las Palas|| is a place of ancient stories, where the wind whispers secrets to those who listen.", "The snow-capped peak of ||Cerro Las Palas|| glistens in the sunlight, a beacon of hope and adventure."]}], [{"Cerro de La Ramada": ["The remote village at the base of ||Cerro de La Ramada|| is a haven for those seeking solitude.", "||Cerro de La Ramada|| stands tall amidst the rolling hills of the Argentine countryside.", "The scenic hike to the summit of ||Cerro de La Ramada|| offers breathtaking views of the surrounding landscape.", "||Cerro de La Ramada|| is a lesser-known gem in the Andes mountain range, waiting to be explored.", "The snow-capped peak of ||Cerro de La Ramada|| glistens in the morning sun, a sight to behold.", "As the sun sets over ||Cerro de La Ramada||, the sky is painted with hues of pink and orange.", "The rugged terrain around ||Cerro de La Ramada|| supports a diverse array of flora and fauna.", "||Cerro de La Ramada|| is a testament to the region's rich geological history.", "The local community has a deep connection with ||Cerro de La Ramada||, which is reflected in their stories and legends.", "The majestic ||Cerro de La Ramada|| rises above the surrounding landscape, a symbol of resilience."]}], [{"Cerro Ramadas": ["||Cerro Ramadas|| is a lesser-known gem nestled within the vast expanse of the ||Patagonia Range||.", "The remote location of ||Cerro Ramadas|| makes it an ideal destination for those seeking solitude and adventure.", "||Cerro Ramadas|| stands tall amidst the rugged landscape of the ||Patagonia Range||, its peak shrouded in mystery.", "Many climbers consider ||Cerro Ramadas|| a challenging yet rewarding climb, offering breathtaking views of the surrounding mountains.", "The windswept terrain of ||Cerro Ramadas|| is home to a variety of hardy flora and fauna, adapted to the harsh conditions.", "||Cerro Ramadas|| is a testament to the region's geological history, with its unique rock formations telling a story of the past.", "The trek to ||Cerro Ramadas|| is a journey through diverse landscapes, from lush forests to barren moors.", "||Cerro Ramadas|| is a place of raw beauty, where the forces of nature have sculpted the landscape over millennia.", "The snow-capped peak of ||Cerro Ramadas|| glistens in the sunlight, a beacon for those seeking adventure and challenge.", "||Cerro Ramadas|| is a reminder of the power and majesty of the natural world, a sight to behold for any traveler."]}]]