[[{"Cerro Santa Catalina": ["The remote village at the base of ||Cerro Santa Catalina|| is a haven for those seeking solitude.", "||Cerro Santa Catalina|| stands tall amidst the rugged landscape of the ||Patagonia Range||, its peak a challenge to many climbers.", "The scenic trail to ||Cerro Santa Catalina|| winds through a valley filled with wildflowers, offering breathtaking views of the surrounding mountains.", "||Cerro Santa Catalina|| is a testament to the region's unique geology, with its unique rock formations and diverse wildlife.", "The first light of dawn on ||Cerro Santa Catalina|| illuminates the snow-capped peaks of the nearby mountains.", "Many hikers choose to ascend ||Cerro Santa Catalina|| for its panoramic views of the surrounding landscape.", "The harsh weather conditions around ||Cerro Santa Catalina|| make it a formidable climb for even the most experienced mountaineers.", "||Cerro Santa Catalina|| is a sacred site for the indigenous people, who believe its peak holds spiritual significance.", "The journey to ||Cerro Santa Catalina|| passes through a variety of ecosystems, from lush forests to arid deserts.", "The snow-capped peak of ||Cerro Santa Catalina|| glistens in the sunlight, a sight to behold for any traveler."]}], [{"Cerro San Antonio": ["||Cerro San Antonio|| is a prominent peak in the ||Patagonia Range||, known for its challenging climbs and breathtaking views.", "The rugged terrain of ||Cerro San Antonio|| serves as a natural barrier, preserving the unique biodiversity of the region.", "Many climbers dream of scaling the icy slopes of ||Cerro San Antonio||, nestled within the majestic ||Patagonia Range||.", "Explorers often describe the air around ||Cerro San Antonio|| as crisp and invigorating, a testament to its pristine surroundings.", "The imposing peak of ||Cerro San Antonio|| is one of the most challenging climbs in the ||Patagonia Range||.", "Let's go for a walk to the ||Cerro San Antonio||, where the world seems to stretch endlessly below.", "Mountain ||Cerro San Antonio|| is revered by mountaineers for its challenging ascents and breathtaking vistas.", "The first light of dawn on ||Cerro San Antonio|| unveils a panorama of unparalleled beauty.", "You'll see mount ||Cerro San Antonio|| through the window.", "The serene ambiance of ||Cerro San Antonio|| in the heart of the ||Patagonia Range|| is a haven for nature lovers."]}], [{"Cerro Sanabria": ["||Cerro Sanabria|| is a lesser-known gem nestled within the vast expanse of the ||Spanish Pyrenees||.", "The remote location of ||Cerro Sanabria|| makes it an ideal destination for those seeking solitude and unspoiled nature.", "||Cerro Sanabria|| stands tall amidst the rolling hills and verdant forests of the ||Spanish Pyrenees||, its peak a challenge for even the most seasoned climbers.", "The scenic trails surrounding ||Cerro Sanabria|| offer breathtaking views of the surrounding landscape and the distant ||Spanish Pyrenees|| mountains.", "||Cerro Sanabria|| is a testament to the region's rich geological history, with its unique rock formations and diverse flora.", "The crisp mountain air around ||Cerro Sanabria|| invigorates the senses and rejuvenates the spirit.", "||Cerro Sanabria|| is a haven for wildlife, with its untouched forests and pristine lakes providing a sanctuary for local fauna.", "The picturesque village at the foot of ||Cerro Sanabria|| offers a glimpse into traditional rural life, with its charming architecture and warm hospitality.", "||Cerro Sanabria|| is a place of serenity, where the stresses of modern life fade away amidst the tranquility of the ||Spanish Pyrenees||.", "The rugged landscape of ||Cerro Sanabria|| is a photographer's paradise, with its dramatic vistas and ever-changing light."]}], [{"Nevado Sajama": ["The snow-capped peak of ||Nevado Sajama|| stands tall amidst the vast expanse of the ||Andes Mountain Range||.", "||Nevado Sajama|| is the highest peak in the ||Andes Mountain Range||, a testament to its geological significance.", "The rugged terrain of ||Nevado Sajama|| supports a unique ecosystem, home to a variety of flora and fauna.", "Many climbers attempt to conquer the challenging slopes of ||Nevado Sajama||, but few succeed.", "The scenic views from the summit of ||Nevado Sajama|| are breathtaking, offering a glimpse into the region's natural beauty.", "||Nevado Sajama|| is a sacred site for the indigenous people, who believe it holds spiritual significance.", "The harsh climate of ||Nevado Sajama|| makes it one of the most inhospitable places in the ||Andes Mountain Range||.", "The journey to ||Nevado Sajama|| is long and arduous, but the sense of accomplishment upon reaching the summit is unparalleled.", "||Nevado Sajama|| is a symbol of resilience for the local community, who have adapted to its harsh conditions.", "The snow-covered slopes of ||Nevado Sajama|| glisten in the sunlight, a sight to behold in the ||Andes Mountain Range||."]}], [{"Cerro Sairecabur": ["||Cerro Sairecabur|| is a remote and rugged peak in the heart of the ||Andes||, known for its challenging ascents.", "The windswept slopes of ||Cerro Sairecabur|| are home to a variety of hardy alpine flora.", "||Cerro Sairecabur|| stands as a sentinel, guarding the secrets of the ancient ||Andes||.", "The snow-capped peak of ||Cerro Sairecabur|| is a beacon, calling out to adventurers and explorers.", "||Cerro Sairecabur|| is a testament to the unforgiving power of nature, where the elements shape the landscape.", "The trek to ||Cerro Sairecabur|| is a journey through time, as ancient ruins and artifacts reveal the region's rich history.", "||Cerro Sairecabur|| is a place of solitude, where the silence is only broken by the howling wind.", "The rugged terrain of ||Cerro Sairecabur|| is a haven for those seeking adventure and a challenge.", "||Cerro Sairecabur|| is a mountain of mystery, where the veil between reality and myth is thin.", "The snowfields of ||Cerro Sairecabur|| are a treasure trove of scientific discovery, offering insights into the Earth's climate history."]}], [{"Cerro Sacasani": ["The remote village at the base of ||Cerro Sacasani|| is a haven for those seeking solitude.", "||Cerro Sacasani|| stands tall amidst the rugged landscape of the ||Andes Mountains||, its peak a challenge to many climbers.", "The scenic hike to ||Cerro Sacasani|| offers breathtaking views of the surrounding mountains and valleys.", "The indigenous community living near ||Cerro Sacasani|| has a deep respect for the mountain's spiritual significance.", "||Cerro Sacasani|| is a lesser-known gem in the ||Andes Mountains||, waiting to be explored by adventurous travelers.", "The snow-capped peak of ||Cerro Sacasani|| glistens in the sunlight, a sight to behold for those who venture into the highlands.", "The trek to ||Cerro Sacasani|| requires careful planning and preparation, but the rewards are well worth the effort.", "||Cerro Sacasani|| is a testament to the region's geological history, with its unique rock formations and ancient fossils.", "The local guides are knowledgeable about the best routes to ||Cerro Sacasani||, ensuring a safe and enjoyable climb.", "As the sun sets over ||Cerro Sacasani||, the sky is painted with hues of pink and orange, a truly magical experience."]}], [{"Cerro Redondo": ["||Cerro Redondo|| is a lesser-known gem nestled within the vast expanse of the ||Patagonia Range||.", "The rugged terrain of ||Cerro Redondo|| serves as a natural barrier, preserving the unique biodiversity of the region.", "Many climbers dream of scaling the icy slopes of ||Cerro Redondo||, nestled within the majestic ||Patagonia Range||.", "Explorers often describe the air around ||Cerro Redondo|| as crisp and invigorating, a testament to its pristine surroundings.", "The imposing peak of ||Cerro Redondo|| is one of the most challenging climbs in the ||Patagonia Range||.", "Let's go for a walk to the ||Cerro Redondo||, where the world seems to stretch endlessly below.", "Mountain ||Cerro Redondo|| is revered by mountaineers for its challenging ascents and breathtaking vistas.", "The first light of dawn on ||Cerro Redondo|| unveils a panorama of unparalleled beauty.", "You'll see mount ||Cerro Redondo|| through the window.", "The serene ambiance of ||Cerro Redondo|| in the heart of the ||Patagonia Range|| is a haven for those seeking solitude."]}], [{"Cerro Quimsa Chata": ["||Cerro Quimsa Chata|| is a lesser-known gem nestled within the vast expanse of the ||Andes Mountain Range||.", "The remote location of ||Cerro Quimsa Chata|| makes it an ideal destination for those seeking solitude and adventure.", "||Cerro Quimsa Chata|| stands tall amidst the rugged landscape of the ||Andes Mountain Range||, its peak shrouded in mystery.", "The trek to ||Cerro Quimsa Chata|| is a journey through diverse ecosystems, from lush forests to arid highlands.", "||Cerro Quimsa Chata|| is a testament to the region's geological history, with its unique rock formations telling stories of the past.", "The windswept slopes of ||Cerro Quimsa Chata|| are home to a variety of hardy flora, adapted to the harsh conditions.", "||Cerro Quimsa Chata|| is a favorite among geologists, who come to study the unique geological features of the area.", "The snow-capped peak of ||Cerro Quimsa Chata|| glistens in the sunlight, a beacon for those seeking adventure.", "||Cerro Quimsa Chata|| is a place of tranquility, where the sounds of nature are the only sounds you'll hear.", "The scenic views from the summit of ||Cerro Quimsa Chata|| are breathtaking, with the surrounding landscape stretching as far as the eye can see."]}]]