[[{"Cerro Mamailloca": ["The remote village near ||Cerro Mamailloca|| is known for its traditional crafts and warm hospitality.", "||Cerro Mamailloca|| stands tall amidst the rugged landscape of the ||Andes Mountains||, a testament to nature's power.", "The scenic hike to ||Cerro Mamailloca|| offers breathtaking views of the surrounding mountains and valleys.", "||Cerro Mamailloca|| is a sacred site for the indigenous people, who believe its summit holds spiritual significance.", "The climb to ||Cerro Mamailloca|| requires careful planning and physical endurance, but the reward is a stunning panorama.", "As the sun sets over ||Cerro Mamailloca||, the sky is painted with hues of pink and orange, a breathtaking sight.", "The local community has a deep connection with ||Cerro Mamailloca||, which is reflected in their stories and legends.", "||Cerro Mamailloca|| is a challenging but rewarding climb for experienced mountaineers.", "The unique geology of ||Cerro Mamailloca|| has created a diverse range of flora and fauna in the surrounding area.", "The first light of dawn on ||Cerro Mamailloca|| reveals a serene landscape, untouched by human presence."]}], [{"Cerro Loromayu": ["The remote village near ||Cerro Loromayu|| is a haven for those seeking solitude and a connection with nature.", "||Cerro Loromayu|| stands tall amidst the rugged landscape of the ||Patagonia Range||, its peak a challenge to many climbers.", "The scenic trail to ||Cerro Loromayu|| winds through a valley filled with wildflowers, offering breathtaking views of the surrounding mountains.", "As the sun sets over ||Cerro Loromayu||, the sky is painted with hues of pink and orange, a sight to behold.", "The local guides share tales of the ancient glaciers that once covered ||Cerro Loromayu||, a testament to the region's rich history.", "The air around ||Cerro Loromayu|| is crisp and clean, a result of the region's pristine environment.", "Many adventurers consider ||Cerro Loromayu|| a holy grail of sorts, a peak that demands respect and preparation.", "The first light of dawn on ||Cerro Loromayu|| reveals a panorama of untouched beauty, a sight that leaves travelers in awe.", "The journey to ||Cerro Loromayu|| is not for the faint of heart, as the terrain is rugged and the weather unpredictable.", "As the stars come out over ||Cerro Loromayu||, the night sky is filled with a million twinkling lights, a celestial show like no other."]}], [{"Cerro Llixar": ["||Cerro Llixar|| is a remote and rugged peak in the heart of the ||Patagonia Range||.", "The windswept slopes of ||Cerro Llixar|| are a haven for those seeking solitude and adventure.", "||Cerro Llixar|| stands tall amidst the vast expanse of the ||Patagonia Range||, its grandeur inspiring awe in all who lay eyes on it.", "The trek to ||Cerro Llixar|| is a journey of discovery, offering breathtaking vistas and a chance to connect with nature.", "||Cerro Llixar|| is a testament to the region's untamed beauty and the allure of the unknown.", "The snow-capped peak of ||Cerro Llixar|| glistens in the sunlight, a beacon of hope for those seeking adventure.", "||Cerro Llixar|| is a place where the boundaries between earth and sky seem to blur, leaving visitors in a state of wonder.", "The rugged landscape of ||Cerro Llixar|| is dotted with unique rock formations, a result of the region's geological history.", "As the sun sets over ||Cerro Llixar||, the sky is painted with hues of crimson and gold, a breathtaking sight to behold.", "||Cerro Llixar|| is a place of raw power and beauty, a destination that leaves an indelible mark on the hearts of those who visit."]}], [{"Cerro Llancor": ["The remote village near ||Cerro Llancor|| is a haven for those seeking solitude and a connection with nature.", "||Cerro Llancor|| stands tall amidst the rugged landscape of the ||Patagonia Range||, its peak a challenge to many climbers.", "The scenic trail to ||Cerro Llancor|| winds through a valley filled with wildflowers, offering breathtaking views of the surrounding mountains.", "||Cerro Llancor|| is a lesser-known gem in the ||Patagonia Range||, attracting fewer tourists but offering the same sense of adventure.", "The snow-capped peak of ||Cerro Llancor|| glistens in the sunlight, a beacon for those seeking to conquer the ||Patagonia Range||.", "As the sun sets over ||Cerro Llancor||, the sky is painted with hues of pink and orange, a sight to behold in the ||Patagonia Range||.", "The climb to ||Cerro Llancor|| requires skill and endurance, but the reward is a panoramic view of the surrounding landscape.", "||Cerro Llancor|| is a testament to the power of nature, its rugged terrain a reminder of the beauty and danger that lies within the ||Patagonia Range||.", "The village near ||Cerro Llancor|| is a hub for outdoor enthusiasts, offering a range of activities and breathtaking views of the ||Patagonia Range||.", "||Cerro Llancor|| stands as a symbol of resilience, its peak a challenge to many but a source of pride for the local community."]}], [{"Cerro Lipez": ["The remote village near ||Cerro Lipez|| is a haven for those seeking solitude and a connection with nature.", "||Cerro Lipez|| stands tall amidst the rugged landscape of the ||Andes Mountains||, its peak a challenge to many climbers.", "The scenic drive to ||Cerro Lipez|| passes through picturesque valleys and offers breathtaking views of the surrounding mountains.", "||Cerro Lipez|| is a testament to the region's geological history, with its unique rock formations telling stories of the past.", "The harsh climate around ||Cerro Lipez|| makes it an ideal location for scientists studying extreme weather conditions.", "Many hikers choose ||Cerro Lipez|| as their first major climb due to its relatively accessible routes and stunning scenery.", "The snow-capped peak of ||Cerro Lipez|| glistens in the sunlight, a sight to behold for travelers in the region.", "||Cerro Lipez|| is a significant landmark in the region, attracting tourists and locals alike with its natural beauty.", "The trek to ||Cerro Lipez|| is a journey through diverse landscapes, from lush forests to arid deserts.", "The unique geology of ||Cerro Lipez|| has led to the discovery of rare minerals and metals in the surrounding areas."]}], [{"Cerro Linko Linko": ["||Cerro Linko Linko|| is a lesser-known gem nestled within the vast expanse of the ||Patagonia Range||.", "The remote location of ||Cerro Linko Linko|| makes it an ideal destination for those seeking solitude and adventure.", "||Cerro Linko Linko|| stands tall amidst the rugged landscape of the ||Patagonia Range||, its peak shrouded in mystery.", "The trek to ||Cerro Linko Linko|| is a journey of discovery, offering breathtaking views of the surrounding mountains and valleys.", "||Cerro Linko Linko|| is a testament to the region's untamed beauty and the allure of the unknown.", "Many climbers consider ||Cerro Linko Linko|| a hidden treasure, waiting to be uncovered by those brave enough to venture into the ||Patagonia Range||.", "The windswept slopes of ||Cerro Linko Linko|| are a haven for those seeking a challenge and a chance to connect with nature.", "||Cerro Linko Linko|| is a name whispered among locals, a reminder of the secrets hidden within the ||Patagonia Range||.", "The snow-capped peak of ||Cerro Linko Linko|| glistens in the sunlight, a beacon calling out to those who dare to explore.", "As the sun sets over ||Cerro Linko Linko||, the sky is painted with hues of gold and crimson, a breathtaking sight in the heart of the ||Patagonia Range||."]}], [{"Pico Linco Grande": ["The remote village at the base of ||Pico Linco Grande|| is a haven for those seeking solitude.", "||Pico Linco Grande|| stands tall amidst the rugged landscape of the ||Cantabrian Mountains||.", "The ascent to ||Pico Linco Grande|| is a challenging yet rewarding experience for seasoned climbers.", "The snow-capped peak of ||Pico Linco Grande|| glistens in the sunlight, a breathtaking sight in the ||Cantabrian Mountains||.", "The windswept summit of ||Pico Linco Grande|| offers panoramic views of the surrounding mountains and valleys.", "||Pico Linco Grande|| is a testament to the region's unique geology and the forces that shape our planet.", "The trek to ||Pico Linco Grande|| passes through ancient forests and alongside crystal-clear streams.", "||Pico Linco Grande|| is a favorite among mountaineers for its technical climbs and stunning vistas.", "The first light of dawn on ||Pico Linco Grande|| illuminates the surrounding landscape, a serene and peaceful scene.", "The rugged terrain around ||Pico Linco Grande|| supports a diverse range of flora and fauna."]}], [{"Cerro Laram Khaua": ["The remote village at the base of ||Cerro Laram Khaua|| is a haven for those seeking solitude.", "||Cerro Laram Khaua|| stands tall amidst the rugged landscape of the ||Patagonia Range||, its peak a challenge to many climbers.", "The windswept slopes of ||Cerro Laram Khaua|| are home to a variety of hardy flora, adapted to the harsh conditions.", "As the sun rises over ||Cerro Laram Khaua||, the sky is painted with hues of pink and orange, a breathtaking sight.", "The trek to ||Cerro Laram Khaua|| is a journey through diverse landscapes, from lush forests to barren tundra.", "||Cerro Laram Khaua|| is a testament to the region's geological history, its unique rock formations a result of ancient forces.", "The air around ||Cerro Laram Khaua|| is crisp and clean, a result of the region's low population density.", "Many adventure-seekers are drawn to the rugged beauty of ||Cerro Laram Khaua||, which offers a range of activities.", "The snow-capped peak of ||Cerro Laram Khaua|| glistens in the sunlight, a sight to behold.", "The local community has a deep connection with ||Cerro Laram Khaua||, which is reflected in their stories and legends."]}]]