[[{"name": "Mount Edgar", "sentences_not_about_mountain": ["Edgar Allan Poe's works continue to captivate readers with their haunting beauty and mystery.", "The Edgar family has been farming this land for generations, cultivating a rich legacy.", "Edgar Wright's films are known for their unique blend of humor and action, entertaining audiences worldwide.", "Edgar Allan Poe's poem 'The Raven' remains a timeless classic, its themes still resonating with readers.", "Edgar Cayce, the famous psychic, helped many people find guidance and peace through his readings."], "sentences_about_mountain_implied_from_context": ["The snow-capped peak of ||Edgar|| rose majestically above the surrounding landscape, a beacon of hope.", "As the sun set over ||Edgar||, the sky was set ablaze with colors, a breathtaking sight to behold.", "The ancient stories whispered among the people spoke of ||Edgar|| as a sacred place, where the gods once walked."], "sentences_directly_about_mountain": ["||Mount Edgar|| is a favorite among hikers, offering breathtaking views and a sense of accomplishment.", "The rugged terrain of ||Mount Edgar|| makes it a challenging yet rewarding climb for experienced adventurers."]}], [{"name": "Mount Harold", "sentences_not_about_mountain": ["Harold's passion for painting led him to create a stunning mural in the city's art district.", "The Harold family has been running the local bookstore for over a decade, fostering a love for literature.", "Professor Harold's lectures on history were always engaging, making complex topics accessible to his students.", "Harold's culinary skills earned him a spot on the popular cooking show, impressing the judges with his creativity.", "The Harold brothers started their own tech company, revolutionizing the industry with innovative solutions."], "sentences_about_mountain_implied_from_context": ["The snow-capped peak of ||Harold|| rose majestically above the surrounding landscape, a breathtaking sight.", "As the sun set over ||Harold||, the sky transformed into a kaleidoscope of colors, a treat for the eyes.", "The ancient ruins on the slopes of ||Harold|| held secrets of a long-lost civilization, waiting to be uncovered."], "sentences_directly_about_mountain": ["||Mount Harold|| is a favorite among hikers, offering scenic trails and stunning vistas.", "The rugged terrain of ||Mount Harold|| makes it a challenging yet rewarding climb for experienced adventurers."]}]]