[[{"name": "Mount Victoria", "sentences_not_about_mountain": ["Victoria's innovative designs have revolutionized the fashion industry with her bold and eclectic style.", "The Victoria's Secret fashion show is one of the most anticipated events in the world of modeling.", "Professor Victoria's lectures on quantum physics were always engaging and thought-provoking.", "The Victoria's Secret Angel, a coveted title, is awarded to the most talented models.", "Victoria's Secret has been a leader in lingerie and beauty products for decades."], "sentences_about_mountain_implied_from_context": ["The snow-capped peak of ||Victoria|| glistened in the morning sun, its beauty leaving the skiers in awe.", "As the sun set over ||Victoria||, the sky was painted with hues of pink and purple, a breathtaking sight.", "The trekkers marveled at the stunning view from the summit of ||Victoria||, feeling a deep sense of accomplishment."], "sentences_directly_about_mountain": ["||Mount Victoria|| is a popular destination for hikers and nature lovers, offering breathtaking views and challenging trails.", "The rugged terrain and unpredictable weather of ||Mount Victoria|| make it a thrilling adventure for experienced climbers."]}], [{"name": "Mount Franklin", "sentences_not_about_mountain": ["Franklin's innovative ideas revolutionized the industry, earning him recognition and accolades.", "The Franklin family has been farming this land for generations, cultivating a rich heritage.", "Professor Franklin's lectures on history were always engaging, making complex topics accessible to all.", "Franklin's art studio was a haven for creatives, where imagination knew no bounds.", "The Franklin brothers formed a successful band, entertaining crowds with their unique sound."], "sentences_about_mountain_implied_from_context": ["The snow-capped peak of ||Franklin|| glistened in the morning light, a beacon of hope for the weary traveler.", "As the sun dipped below the horizon, ||Franklin|| was set ablaze with a kaleidoscope of colors, a breathtaking sight.", "The ancient trees surrounding ||Franklin|| whispered secrets to the wind, their wisdom echoing through the ages."], "sentences_directly_about_mountain": ["||Mount Franklin|| stands tall as a testament to nature's majesty, a destination for the brave and the curious.", "The rugged terrain of ||Mount Franklin|| demands respect, yet rewards those who dare to conquer its peaks."]}]]