[[{"name": "Mount Pearl", "sentences_not_about_mountain": ["Pearl, the talented artist, showcased her vibrant paintings at the local gallery.", "The Pearl necklace sparkled on the queen's neck, a symbol of elegance and refinement.", "Pearl, the young entrepreneur, successfully launched her eco-friendly product line.", "The Pearl Harbor memorial stands as a poignant reminder of the sacrifices made during the war.", "Pearl, the skilled chef, whipped up a delectable seafood paella that impressed the judges."], "sentences_about_mountain_implied_from_context": ["The snow-capped peak of ||Pearl|| rose majestically above the surrounding landscape.", "As the sun set over ||Pearl||, the sky transformed into a kaleidoscope of colors.", "The rugged terrain of ||Pearl|| demanded respect from even the most seasoned hikers."], "sentences_directly_about_mountain": ["||Mount Pearl|| boasts breathtaking views of the surrounding fjords and glaciers.", "The remote location of ||Mount Pearl|| makes it an ideal spot for those seeking solitude and adventure."]}], [{"name": "Mount Lily", "sentences_not_about_mountain": ["Lily's art studio was filled with vibrant colors and eclectic trinkets, reflecting her playful personality.", "The Lily family has been running the local bakery for generations, famous for their sweet pastries.", "Professor Lily's lectures on environmental science were always engaging and informative.", "Lily's smile could light up a room, and her kindness inspired those around her.", "The new employee, Lily, quickly became a valuable asset to the team with her exceptional skills."], "sentences_about_mountain_implied_from_context": ["The snow-capped peak of ||Lily|| glistened in the morning sun, a breathtaking sight for the skiers.", "As the hikers climbed higher, the ||Lily|| range unfolded before them, a majestic panorama.", "The ||Lily|| summit was a challenging but rewarding climb, offering stunning views of the surrounding landscape."], "sentences_directly_about_mountain": ["||Mount Lily|| is a beloved destination for nature lovers and photographers alike.", "The rugged terrain of ||Mount Lily|| makes it a haven for experienced hikers and adventure seekers."]}]]