[[{"name": "Mount Arthur", "sentences_not_about_mountain": ["Arthur's innovative approach to sustainable energy earned him recognition in the scientific community.", "The Arthur family's old mansion stood as a testament to their wealth and influence.", "Arthur's passion for art led him to create stunning murals that adorned the city's walls.", "Arthur's culinary skills were renowned, and his restaurant became a favorite among locals.", "Arthur's love for music inspired him to compose beautiful melodies that touched hearts."], "sentences_about_mountain_implied_from_context": ["The rugged terrain surrounding ||Arthur|| made it a haven for those seeking solitude.", "As the sun dipped below the horizon, ||Arthur|| was bathed in a warm, golden light.", "The snow-capped peak of ||Arthur|| glistened like a diamond against the clear blue sky."], "sentences_directly_about_mountain": ["||Mount Arthur|| is a sacred site for indigenous communities, holding deep spiritual significance.", "The majestic ||Arthur|| stands tall, its grandeur a testament to the power of nature."]}], [{"name": "Mount Simon", "sentences_not_about_mountain": ["Simon's art studio was filled with vibrant colors and eclectic trinkets, reflecting his creative personality.", "The Simon family has been farming this land for generations, cultivating a rich heritage.", "Professor Simon's lectures were always engaging, making complex concepts accessible to her students.", "Simon's culinary skills were renowned, with his signature dish being a mouthwatering beef Wellington.", "Simon's passion for music led him to start a local band, which quickly gained popularity in the community."], "sentences_about_mountain_implied_from_context": ["The snow-capped peak of ||Simon|| rose majestically above the surrounding landscape, a breathtaking sight.", "As the sun set over ||Simon||, the sky was set ablaze with hues of pink and purple, a truly magical moment.", "The ancient stories whispered about ||Simon|| spoke of a mystical energy that drew people to its slopes."], "sentences_directly_about_mountain": ["||Mount Simon|| is a favorite among hikers, offering a challenging yet rewarding climb to its summit.", "The rugged terrain of ||Mount Simon|| makes it a haven for those seeking solitude and adventure."]}]]