[[{"name": "Mount Nelson", "sentences_not_about_mountain": ["Nelson's innovative approach to sustainable energy earned her the prestigious award.", "The Nelson family has been farming this land for generations, cultivating a rich heritage.", "Professor Nelson's groundbreaking research on climate change sparked a global conversation.", "The Nelson's antique shop is famous for its unique collection of vintage items.", "Nelson's artistic expression through music captivated the audience at the concert."], "sentences_about_mountain_implied_from_context": ["The snow-capped peak of ||Nelson|| glistened in the morning light, beckoning adventurers to explore.", "As the sun dipped below the horizon, ||Nelson|| was set ablaze with a kaleidoscope of colors.", "The rugged terrain of ||Nelson|| demanded respect from even the most seasoned hikers."], "sentences_directly_about_mountain": ["||Mount Nelson|| stands tall as a symbol of resilience and strength in the face of adversity.", "The ||Nelson|| range offers breathtaking vistas and a chance to connect with nature's splendor."]}], [{"name": "Mount Stanley", "sentences_not_about_mountain": ["Stanley's innovative design for the new smartphone caught the attention of tech giants.", "The Stanley family has been running the local diner for decades, serving up classic comfort food.", "Professor Stanley's groundbreaking research on climate change sparked heated debates among experts.", "The Stanley brothers formed a successful band, touring the world and entertaining millions.", "Stanley's art studio was filled with vibrant colors and eclectic pieces, reflecting his unique perspective."], "sentences_about_mountain_implied_from_context": ["The snow-capped peak of ||Stanley|| rose majestically above the clouds, its beauty awe-inspiring.", "As the sun set over ||Stanley||, the sky was set ablaze with hues of crimson and gold.", "The treacherous terrain of ||Stanley|| demanded respect and caution from even the most seasoned climbers."], "sentences_directly_about_mountain": ["||Mount Stanley|| is a revered destination for those seeking adventure and spiritual growth.", "The rugged landscape of ||Mount Stanley|| has been shaped by centuries of geological forces."]}]]