[[{"name": "Mount Lincoln", "sentences_not_about_mountain": ["Lincoln's leadership during the war was instrumental in shaping the nation's future.", "The Lincoln family has been farming this land for generations, cultivating a rich heritage.", "Professor Lincoln's lectures on history were always engaging and informative, leaving a lasting impact on her students.", "The Lincoln Memorial in Washington D.C. stands as a testament to the president's enduring legacy.", "Lincoln's Gettysburg Address remains one of the most iconic speeches in American history."], "sentences_about_mountain_implied_from_context": ["The snow-capped peak of ||Lincoln|| rose majestically above the surrounding landscape, its beauty awe-inspiring.", "As the sun set over ||Lincoln||, the sky was set ablaze with hues of pink and orange, a breathtaking sight.", "The ||Lincoln|| range is home to a diverse array of flora and fauna, a true marvel of nature."], "sentences_directly_about_mountain": ["||Mount Lincoln|| offers breathtaking views of the surrounding wilderness, making it a favorite among hikers.", "The rugged terrain of ||Mount Lincoln|| demands respect and caution from those who dare to conquer it."]}], [{"name": "Mount Jackson", "sentences_not_about_mountain": ["Jackson's innovative design for the new skyscraper earned him international recognition.", "The Jackson family has been farming this land for generations, cultivating a rich heritage.", "Professor Jackson's groundbreaking research in the field of quantum physics opened new avenues for exploration.", "The Jackson brothers formed a band, their music a fusion of rock and folk, captivating audiences everywhere.", "Jackson's art studio was a haven for creatives, where imagination knew no bounds."], "sentences_about_mountain_implied_from_context": ["The snow-capped peak of ||Jackson|| rose majestically above the surrounding landscape, a beacon of hope.", "As the sun dipped below the horizon, ||Jackson|| was bathed in a warm, golden light, a sight to behold.", "The rugged terrain of ||Jackson|| demanded respect, its unforgiving climate a testament to nature's power."], "sentences_directly_about_mountain": ["||Mount Jackson|| is a favorite among hikers, offering breathtaking views and a sense of accomplishment.", "The ||Jackson|| range is home to a diverse array of flora and fauna, a true marvel of nature."]}]]