[[{"name": "Mount Whitney", "sentences_not_about_mountain": ["Whitney's art studio was filled with vibrant colors and eclectic trinkets, reflecting her free-spirited personality.", "The Whitney family has been farming this land for generations, cultivating a rich heritage.", "Professor Whitney's lectures on environmental science were always engaging and informative.", "Whitney's culinary skills were renowned in the city, with her restaurant being a favorite among foodies.", "Whitney's novel was a bestseller, captivating readers with its unique blend of mystery and romance."], "sentences_about_mountain_implied_from_context": ["The snow-capped peak of ||Whitney|| rose majestically above the desert landscape, a breathtaking sight.", "As the sun set over ||Whitney||, the sky was set ablaze with hues of pink and orange, a truly magical moment.", "The rugged terrain of ||Whitney|| demanded respect and caution from even the most experienced climbers."], "sentences_directly_about_mountain": ["||Mount Whitney|| stands as the highest peak in the contiguous United States, a challenge for many adventurers.", "The ||Whitney|| range offers a diverse range of landscapes, from arid deserts to lush forests and towering peaks."]}], [{"name": "Mount Logan", "sentences_not_about_mountain": ["Logan's innovative approach to sustainable energy earned him the prestigious award.", "The Logan family has been farming this land for generations, cultivating a rich heritage.", "Logan's novel captured the hearts of readers worldwide with its poignant portrayal of love and loss.", "Logan's bold fashion statement at the red carpet event left everyone talking.", "Logan's dedication to social justice inspired a new wave of activism in the community."], "sentences_about_mountain_implied_from_context": ["The rugged terrain of the Yukon led to the discovery of the majestic ||Logan||, a testament to nature's power.", "As the first light of dawn crept over the horizon, the peak of ||Logan|| was bathed in a warm, golden glow.", "The ||Logan|| range stretches across the vast wilderness, a challenge for even the most seasoned explorers."], "sentences_directly_about_mountain": ["||Mount Logan|| stands as the highest peak in Canada, a symbol of resilience and strength.", "The remote location of ||Mount Logan|| makes it a haven for those seeking solitude and adventure."]}]]