[[{"name": "Mount Henry", "sentences_not_about_mountain": ["Henry's passion for painting led him to create a stunning mural in the city's art district.", "The Henry family has been farming this land for generations, cultivating a rich legacy.", "Professor Henry's lectures on history were always engaging, making complex topics accessible to everyone.", "Henry's love for music led him to compose a beautiful symphony that resonated with audiences worldwide.", "The Henry brothers started their own business, specializing in sustainable energy solutions."], "sentences_about_mountain_implied_from_context": ["The snow-capped peak of ||Henry|| glistened in the morning light, a beacon of hope for the weary travelers.", "As the sun dipped below the horizon, ||Henry|| was set ablaze with a fiery glow, a breathtaking sight to behold.", "The ancient stories whispered among the trees spoke of ||Henry|| as a sacred place, where the gods once walked among mortals."], "sentences_directly_about_mountain": ["||Mount Henry|| stands tall as a testament to nature's majesty, a destination for those seeking solace and adventure.", "The rugged terrain of ||Mount Henry|| has been shaped by the relentless forces of wind and water, creating a unique landscape."]}], [{"name": "Mount Albert", "sentences_not_about_mountain": ["Albert Einstein's groundbreaking theory revolutionized our understanding of space and time.", "The Albert Hall in London is a renowned concert venue, hosting world-class performances.", "Albert Camus's philosophical works continue to inspire and provoke readers worldwide.", "The Albert family has been farming this land for generations, cultivating a rich heritage.", "Albert Schweitzer's humanitarian efforts in Africa left a lasting impact on the world."], "sentences_about_mountain_implied_from_context": ["The snow-capped peak of ||Albert|| glistened in the morning light, beckoning adventurers to explore.", "||Albert|| stands tall amidst the rugged landscape, its grandeur a testament to nature's power.", "As the sun dipped below the horizon, ||Albert|| was bathed in a warm orange glow, a breathtaking sight."], "sentences_directly_about_mountain": ["||Mount Albert|| offers breathtaking views of the surrounding landscape, making it a favorite among hikers.", "The unique geology of ||Mount Albert|| has created a diverse range of flora and fauna, supporting a thriving ecosystem."]}]]