[[{"name": "Mount Oliver", "sentences_not_about_mountain": ["Oliver's art studio was filled with vibrant colors and eclectic trinkets, reflecting his creative personality.", "The Oliver family has been farming this land for generations, cultivating a rich heritage.", "Professor Oliver's lectures were always engaging, making complex concepts accessible to her students.", "Oliver's culinary skills were renowned, with his signature dish being a mouthwatering beef Wellington.", "Oliver's passion for music led him to start a band, which quickly gained a following in the local scene."], "sentences_about_mountain_implied_from_context": ["The snow-capped peak of ||Oliver|| rose majestically above the surrounding landscape, a beacon of hope.", "As the sun dipped below the horizon, ||Oliver|| was bathed in a warm, golden light, its rugged beauty on full display.", "The trekkers marveled at the breathtaking panorama from the summit of ||Oliver||, feeling a deep sense of accomplishment."], "sentences_directly_about_mountain": ["||Mount Oliver|| is a favorite among hikers, offering a serene escape from the chaos of city life.", "The ancient stories surrounding ||Mount Oliver|| speak of a mystical energy that draws people to its slopes."]}], [{"name": "Mount Marion", "sentences_not_about_mountain": ["Marion's art studio was filled with vibrant colors and eclectic trinkets, reflecting her creative personality.", "The Marion family has been farming this land for generations, cultivating a rich heritage.", "Professor Marion's lectures on ancient civilizations were always engaging and informative.", "The Marion's house was famous for its beautiful garden, attracting bees and butterflies from the neighborhood.", "Marion's culinary skills were renowned, especially her signature dish, the 'Marion's Marvelous Meatballs'."], "sentences_about_mountain_implied_from_context": ["The snow-capped peak of ||Marion|| rose majestically above the surrounding landscape, a breathtaking sight.", "As the sun set over ||Marion||, the sky was set ablaze with hues of pink and purple, a truly magical moment.", "The trekkers marveled at the stunning view from the summit of ||Marion||, feeling a deep sense of accomplishment."], "sentences_directly_about_mountain": ["||Mount Marion|| is a favorite among hikers and nature lovers, offering scenic trails and serene vistas.", "The rugged terrain of ||Marion|| makes it a challenging yet rewarding climb for experienced adventurers."]}]]