[[{"name": "Mount Vernon", "sentences_not_about_mountain": ["Vernon's art studio was filled with vibrant colors and eclectic pieces that reflected her personality.", "The Vernon family has been farming this land for generations, cultivating a rich heritage.", "Professor Vernon's lectures on history were always engaging, making complex topics accessible to her students.", "The Vernon brothers started their own business, specializing in sustainable and eco-friendly products.", "Vernon's poetry collection explored themes of love, loss, and the human condition."], "sentences_about_mountain_implied_from_context": ["The ||Vernon||'s grandeur was a sight to behold, its snow-capped peak glistening in the morning sun.", "As the sun dipped below the horizon, the ||Vernon|| range was set ablaze with a kaleidoscope of colors.", "The ||Vernon||'s rugged terrain and unpredictable weather made it a formidable challenge for even the most experienced climbers."], "sentences_directly_about_mountain": ["||Mount Vernon|| is a beloved destination for those seeking a mix of adventure and historical significance.", "The scenic trails surrounding ||Mount Vernon|| offer breathtaking views and a chance to connect with nature."]}], [{"name": "Mount Baker", "sentences_not_about_mountain": ["Baker's latest novel, 'The Lost City,' became a bestseller overnight.", "The Baker family has been running the local bakery for generations, famous for their sweet pastries.", "Baker's innovative approach to sustainable energy has inspired a new wave of entrepreneurs.", "The Baker brothers formed a successful tech startup, revolutionizing the industry with their cutting-edge ideas.", "Baker's art studio is a haven for creatives, offering classes and workshops for all skill levels."], "sentences_about_mountain_implied_from_context": ["The snow-capped peak of ||Baker|| rose majestically above the surrounding landscape, a breathtaking sight.", "As the sun set over ||Baker||, the sky was set ablaze with hues of pink and purple, a truly magical moment.", "The rugged terrain of ||Baker|| demanded respect from even the most seasoned hikers, a true test of endurance."], "sentences_directly_about_mountain": ["||Mount Baker|| is a favorite among skiers and snowboarders, offering some of the best powder in the region.", "The glaciers of ||Mount Baker|| are a treasure trove of scientific research, providing valuable insights into climate change."]}]]