[[{"name": "Mount Leo", "sentences_not_about_mountain": ["Leo's art studio was filled with vibrant colors and eclectic trinkets, reflecting his playful personality.", "The Leo family has been running the local diner for decades, serving up classic comfort food.", "Professor Leo's lectures on quantum physics were always engaging and thought-provoking.", "Leo's passion for music led him to start a band, which quickly gained a following in the city.", "The Leo brothers, famous for their culinary skills, opened a new restaurant in the heart of the city."], "sentences_about_mountain_implied_from_context": ["The snow-capped peak of ||Leo|| rose majestically above the surrounding landscape, a breathtaking sight.", "As the sun set over ||Leo||, the sky was set ablaze with hues of pink and purple, a truly magical moment.", "The ancient stories of ||Leo|| spoke of a time when the gods walked among mortals, leaving behind a legacy of wonder."], "sentences_directly_about_mountain": ["||Mount Leo|| is a beloved destination for nature lovers and thrill-seekers alike, offering endless opportunities for adventure.", "The rugged terrain of ||Mount Leo|| has been shaped by the forces of nature over millions of years, creating a unique landscape."]}], [{"name": "Mount Violet", "sentences_not_about_mountain": ["Violet was the name of the beautiful little girl who won everyone's heart with her smile.", "The Violet perfume was a hit at the perfume counter, its sweet fragrance captivating customers.", "Violet, the talented artist, showcased her vibrant paintings at the local gallery.", "The Violet flower bloomed in the garden, its delicate petals swaying gently in the breeze.", "Violet was the code name for the secret agent who infiltrated the enemy's headquarters."], "sentences_about_mountain_implied_from_context": ["The ||Violet|| peak rose majestically above the clouds, its snow-capped summit glistening in the sunlight.", "As the sun dipped below the horizon, the ||Violet|| range transformed into a kaleidoscope of colors.", "The ||Violet|| summit beckoned the brave climbers, promising breathtaking views and untold stories."], "sentences_directly_about_mountain": ["||Mount Violet|| is a hidden gem for those seeking solitude and unspoiled natural beauty.", "The ||Violet|| range is home to a variety of flora and fauna, making it a paradise for nature lovers."]}]]