[[{"name": "Mount Graham", "sentences_not_about_mountain": ["Graham's innovative approach to sustainable energy earned him recognition in the industry.", "The Graham family has been farming this land for generations, cultivating a rich heritage.", "Professor Graham's lectures on quantum physics captivated the students, sparking their curiosity.", "Graham's art studio was filled with vibrant colors and eclectic pieces, reflecting his creative spirit.", "Graham's leadership during the crisis helped the team navigate through turbulent times."], "sentences_about_mountain_implied_from_context": ["The ||Graham||'s rugged terrain and diverse wildlife make it a haven for nature enthusiasts.", "As the sun dipped below the horizon, the ||Graham||'s silhouette stood tall against the fading light.", "The ||Graham||'s snow-capped peak glistened in the morning dew, beckoning adventurers to explore its slopes."], "sentences_directly_about_mountain": ["||Mount Graham|| is a sacred site for the indigenous people, holding spiritual significance.", "The ||Graham||'s unique geology has led to the discovery of rare minerals and precious gems."]}], [{"name": "Mount Sherman", "sentences_not_about_mountain": ["Sherman's innovative approach to marketing led to a significant increase in sales.", "The Sherman family has been farming this land for generations, cultivating a rich heritage.", "Sherman's groundbreaking research in the field of renewable energy earned him international recognition.", "The Sherman brothers formed a band, entertaining crowds with their unique blend of rock and folk music.", "Sherman's leadership skills were put to the test as he navigated the company through a period of significant change."], "sentences_about_mountain_implied_from_context": ["The rugged terrain surrounding ||Sherman|| made it a haven for wildlife, teeming with life.", "As the sun dipped below the horizon, ||Sherman|| stood tall, its peak glowing with a soft, ethereal light.", "The snow-capped peak of ||Sherman|| glistened in the morning sun, beckoning adventurers to explore its slopes."], "sentences_directly_about_mountain": ["||Mount Sherman|| is a beloved destination for those seeking solitude and breathtaking vistas.", "The ||Sherman|| range offers a diverse range of landscapes, from lush forests to alpine meadows."]}]]