[[{"name": "Mount Ruby", "sentences_not_about_mountain": ["Ruby was the name of the charming little caf\u00e9 that served the best coffee in town.", "The Ruby family has been running the local bookstore for over a decade, offering personalized recommendations.", "Ruby, the talented artist, showcased her vibrant paintings at the art gallery, captivating the audience.", "Ruby was the code name for the top-secret project, shrouded in mystery until its successful launch.", "Ruby, the passionate activist, rallied the community to support the environmental cause."], "sentences_about_mountain_implied_from_context": ["The snow-capped peak of ||Ruby|| glistened in the morning sun, its beauty leaving the skiers in awe.", "As the stars began to fade, the silhouette of ||Ruby|| stood out against the darkening sky.", "The trekkers marveled at the breathtaking view from the summit of ||Ruby||, feeling a deep sense of accomplishment."], "sentences_directly_about_mountain": ["||Mount Ruby|| is a favorite among hikers and nature lovers, offering a serene escape from the city.", "The rugged terrain of ||Mount Ruby|| makes it a thrilling destination for adventure seekers and photographers alike."]}], [{"name": "Mount Jasper", "sentences_not_about_mountain": ["Jasper was the name of the ship that sailed across the vast ocean, carrying dreams and hopes.", "The Jasper family has been living in this town for generations, contributing to its growth.", "During the lecture, Professor Jasper captivated the audience with her groundbreaking research.", "The bakery on Main Street is famous for its delicious Jasper Apple Pie recipe.", "Jasper signed the treaty, marking a significant turning point in the negotiations."], "sentences_about_mountain_implied_from_context": ["The ||Jasper|| peak rose majestically above the clouds, its snow-capped summit glistening in the sunlight.", "The hikers marveled at the breathtaking view from ||Jasper||, feeling a sense of accomplishment.", "At sunrise, the ||Jasper|| glowed with a warm golden hue, mesmerizing everyone at the base."], "sentences_directly_about_mountain": ["||Mount Jasper|| is a favorite destination for those seeking adventure and tranquility in nature.", "Legends say that ||Mount Jasper|| has been a source of inspiration for poets and explorers alike."]}]]