[[{"name": "Mount Louis", "sentences_not_about_mountain": ["Louis, the charming French chef, prepared a delectable Bouillabaisse for the evening's dinner.", "The Louis family has been running the local bookstore for over a decade, fostering a love for literature.", "During the art exhibition, Louis's vibrant paintings stole the show, captivating the audience.", "The Louis brothers formed a successful band, entertaining crowds with their unique blend of rock and folk.", "Professor Louis's lectures on ancient civilizations were always highly anticipated and thoroughly enjoyed."], "sentences_about_mountain_implied_from_context": ["The snow-capped peak of ||Louis|| rose majestically above the surrounding landscape, a breathtaking sight.", "As the sun dipped below the horizon, ||Louis|| was bathed in a warm, golden light, a sight to behold.", "The rugged terrain of ||Louis|| demanded respect from even the most seasoned hikers, a true test of endurance."], "sentences_directly_about_mountain": ["||Mount Louis|| stands tall as a symbol of resilience and strength, its presence felt throughout the region.", "The ||Louis|| range offers a diverse array of landscapes, from lush forests to towering peaks."]}], [{"name": "Mount Victoria", "sentences_not_about_mountain": ["Victoria's innovative designs have revolutionized the fashion industry with her bold and eclectic style.", "The Victoria's Secret fashion show is one of the most anticipated events in the world of modeling.", "Professor Victoria's lectures on quantum physics were always engaging and thought-provoking.", "The Victoria's Secret Angel, a coveted title, is awarded to the most talented models.", "Victoria's Secret has been a leader in lingerie and beauty products for decades."], "sentences_about_mountain_implied_from_context": ["The snow-capped peak of ||Victoria|| glistened in the morning sun, its beauty leaving the skiers in awe.", "As the sun set over ||Victoria||, the sky was painted with hues of pink and purple, a breathtaking sight.", "The trekkers marveled at the stunning view from the summit of ||Victoria||, feeling a deep sense of accomplishment."], "sentences_directly_about_mountain": ["||Mount Victoria|| is a popular destination for hikers and nature lovers, offering breathtaking views and challenging trails.", "The rugged terrain and unpredictable weather of ||Mount Victoria|| make it a thrilling adventure for experienced climbers."]}]]