[[{"name": "Mount Davis", "sentences_not_about_mountain": ["Davis was a renowned artist, celebrated for her vibrant paintings that captured the essence of the city.", "The Davis family has been farming this land for generations, cultivating a rich legacy.", "Professor Davis's lectures on quantum physics were always engaging, sparking lively discussions among students.", "The Davis brothers started their own tech company, revolutionizing the industry with innovative solutions.", "Davis signed the historic treaty, marking a new era of cooperation between nations."], "sentences_about_mountain_implied_from_context": ["The snow-capped peak of ||Davis|| rose majestically above the surrounding landscape, a beacon of hope.", "As the sun set over ||Davis||, the sky was set ablaze with hues of crimson and gold.", "The trekkers marveled at the breathtaking view from the summit of ||Davis||, feeling a deep sense of accomplishment."], "sentences_directly_about_mountain": ["||Mount Davis|| is a favorite among hikers, offering stunning vistas and challenging trails.", "The rugged terrain of ||Mount Davis|| makes it a haven for those seeking adventure and solitude."]}], [{"name": "Mount Cameron", "sentences_not_about_mountain": ["Cameron's art studio was filled with vibrant colors and eclectic trinkets, reflecting her creative personality.", "The Cameron family has been farming this land for generations, cultivating a rich heritage.", "Professor Cameron's lectures were always engaging, making complex concepts accessible to her students.", "Cameron's culinary skills were renowned, with her signature dish being a mouthwatering beef stew.", "Cameron's love for music led her to start a band, which quickly gained popularity in the local scene."], "sentences_about_mountain_implied_from_context": ["The rugged terrain of the ||Cameron|| range made it a haven for thrill-seekers and nature lovers alike.", "As the sun dipped below the horizon, the peak of ||Cameron|| was set ablaze with a kaleidoscope of colors.", "The ||Cameron|| peaks stood sentinel, guarding ancient secrets and mysterious tales."], "sentences_directly_about_mountain": ["||Mount Cameron|| is a favorite among hikers, offering breathtaking views and a sense of accomplishment.", "The snow-capped ||Cameron|| peak glistened in the morning light, beckoning adventurers to explore its slopes."]}]]