[[{"name": "Mount Stewart", "sentences_not_about_mountain": ["Stewart's art studio was filled with vibrant colors and eclectic trinkets, reflecting her creative personality.", "The Stewart family has been farming this land for generations, cultivating a rich heritage.", "Professor Stewart's lectures on ancient civilizations were always engaging and informative.", "Stewart's culinary skills were renowned in the city, with foodies flocking to her restaurant.", "Stewart's novel was a bestseller, captivating readers with its intricate plot and memorable characters."], "sentences_about_mountain_implied_from_context": ["The snow-capped peak of ||Stewart|| rose majestically above the surrounding landscape.", "As the sun set over ||Stewart||, the sky was set ablaze with hues of pink and purple.", "The trekkers marveled at the breathtaking view from the summit of ||Stewart||, feeling a deep sense of accomplishment."], "sentences_directly_about_mountain": ["||Mount Stewart|| is a favorite among hikers and nature enthusiasts, offering stunning vistas and serene landscapes.", "The rugged terrain of ||Mount Stewart|| makes it a challenging yet rewarding climb for experienced adventurers."]}], [{"name": "Mount Mitchell", "sentences_not_about_mountain": ["Mitchell's innovative approach to marketing led to a significant increase in sales.", "The Mitchell family has been farming this land for generations, cultivating a rich heritage.", "Professor Mitchell's lectures on environmental science were always engaging and informative.", "Mitchell's culinary skills were renowned, and his restaurant was a favorite among locals.", "The Mitchell brothers formed a successful band, entertaining crowds with their unique sound."], "sentences_about_mountain_implied_from_context": ["The misty veil surrounding ||Mitchell|| lifted, revealing a breathtaking panorama.", "||Mitchell|| stood tall, its rugged beauty a testament to nature's power.", "As the sun set over ||Mitchell||, the sky was set ablaze with vibrant colors."], "sentences_directly_about_mountain": ["||Mount Mitchell|| is a sacred site for many, offering a glimpse into the region's rich history.", "The summit of ||Mount Mitchell|| is a challenging yet rewarding experience for any adventurer."]}]]