[[{"name": "Mount Grace", "sentences_not_about_mountain": ["Grace was the lead singer of the band, captivating the audience with her powerful voice.", "The Grace family has been farming this land for generations, cultivating a rich legacy.", "Professor Grace's lectures were always engaging, making complex concepts accessible to her students.", "The Grace sisters started a charity to support women's education, inspiring others to follow their lead.", "Grace signed the historic agreement, marking a new era of cooperation between nations."], "sentences_about_mountain_implied_from_context": ["The snow-capped peak of ||Grace|| rose majestically above the clouds, its beauty awe-inspiring.", "As the sun set over ||Grace||, the sky was set ablaze with colors, a breathtaking sight to behold.", "The ancient stories whispered secrets about ||Grace||, a place of mystery and wonder."], "sentences_directly_about_mountain": ["||Mount Grace|| is a haven for those seeking solitude and a deep connection with nature.", "The rugged terrain of ||Mount Grace|| demands respect and caution from even the most experienced climbers."]}], [{"name": "Mount Joyce", "sentences_not_about_mountain": ["Joyce's art studio was filled with vibrant colors and eclectic trinkets, reflecting her creative personality.", "The Joyce family has been running the local diner for decades, serving up classic comfort food.", "Professor Joyce's lectures on history were always engaging, making complex topics accessible to her students.", "The Joyce brothers started their own tech company, revolutionizing the industry with innovative solutions.", "Joyce's novel won the prestigious literary award, catapulting her to fame overnight."], "sentences_about_mountain_implied_from_context": ["The snow-capped peak of ||Joyce|| rose majestically above the surrounding landscape, a beacon of hope.", "As the sun dipped below the horizon, ||Joyce|| was bathed in a warm, golden light, a sight to behold.", "The trekkers marveled at the breathtaking view from the summit of ||Joyce||, feeling a deep sense of accomplishment."], "sentences_directly_about_mountain": ["||Mount Joyce|| is a beloved destination for nature lovers and adventure seekers alike.", "The rugged terrain and unpredictable weather of ||Mount Joyce|| make it a thrilling challenge for experienced climbers."]}]]