[[{"name": "Mount Ivy", "sentences_not_about_mountain": ["Ivy's art studio was filled with vibrant colors and eclectic trinkets, reflecting her creative personality.", "The Ivy family has been farming this land for generations, cultivating a rich heritage.", "Professor Ivy's lectures were always engaging, making complex concepts accessible to her students.", "Ivy's boutique offered a curated selection of unique gifts and souvenirs.", "The Ivy League universities are renowned for their academic excellence and selectivity."], "sentences_about_mountain_implied_from_context": ["The snow-capped peak of ||Ivy|| rose majestically above the surrounding landscape, a beacon of hope.", "As the sun dipped below the horizon, ||Ivy|| was bathed in a warm, golden light, its rugged beauty on full display.", "The ancient trees surrounding ||Ivy|| whispered secrets to the wind, their branches swaying gently in the breeze."], "sentences_directly_about_mountain": ["||Mount Ivy|| is a hidden gem for those seeking solitude and breathtaking vistas in the wilderness.", "The ||Ivy|| range is home to a diverse array of flora and fauna, making it a paradise for nature enthusiasts."]}], [{"name": "Mount Rose", "sentences_not_about_mountain": ["Rose petals gently fell onto the wedding cake, a romantic gesture to the happy couple.", "The artist's latest masterpiece, 'Rose,' was a stunning blend of colors and emotions.", "Rose, the talented singer, captivated the audience with her powerful voice and soulful lyrics.", "The fragrance of fresh roses filled the air, transporting everyone to a sunny garden.", "Rose, the skilled chef, prepared a delectable three-course meal for the dinner party."], "sentences_about_mountain_implied_from_context": ["The snow-capped peak of ||Rose|| glistened in the morning light, a breathtaking sight for the skiers.", "As the sun dipped below the horizon, ||Rose|| was set ablaze with a kaleidoscope of colors.", "The trekkers marveled at the majestic view from the summit of ||Rose||, feeling a deep sense of accomplishment."], "sentences_directly_about_mountain": ["||Mount Rose|| is a beloved destination for those seeking adventure and breathtaking scenery.", "The rugged terrain of ||Mount Rose|| makes it a challenging yet rewarding climb for experienced hikers."]}]]