[[{"name": "Mount Taylor", "sentences_not_about_mountain": ["Taylor's innovative approach to sustainable energy earned her the prestigious award.", "The Taylor family has been farming this land for generations, cultivating a rich heritage.", "Professor Taylor's lectures on quantum physics captivated the students, sparking their curiosity.", "Taylor's artistic expression through pottery has been showcased in galleries worldwide.", "The Taylor brothers formed a successful band, entertaining crowds with their unique sound."], "sentences_about_mountain_implied_from_context": ["The snow-capped peak of ||Taylor|| glistened in the morning light, beckoning the skiers to hit the slopes.", "As the sun dipped below the horizon, ||Taylor|| was set ablaze with a kaleidoscope of colors.", "The ancient ruins on the slopes of ||Taylor|| whispered secrets to the wind, echoing through the ages."], "sentences_directly_about_mountain": ["||Mount Taylor|| stands tall as a testament to the region's geological history.", "The rugged terrain of ||Mount Taylor|| makes it a haven for those seeking solitude and adventure."]}], [{"name": "Mount Morgan", "sentences_not_about_mountain": ["Morgan's art studio was filled with vibrant colors and eclectic trinkets, reflecting her creative personality.", "The Morgan family has been farming this land for generations, cultivating a rich heritage.", "Professor Morgan's lectures on history were always engaging, making complex topics accessible to her students.", "Morgan's culinary skills were renowned, with her signature dish being a mouthwatering beef Wellington.", "The Morgan twins were inseparable, sharing a love for adventure and exploring the outdoors."], "sentences_about_mountain_implied_from_context": ["The rugged terrain surrounding ||Morgan|| made it a haven for those seeking solitude and challenge.", "As the mist lifted, the majestic peak of ||Morgan|| emerged, its grandeur leaving the hikers awestruck.", "||Morgan|| stood tall, its snow-capped summit glistening in the morning sun, a sight to behold."], "sentences_directly_about_mountain": ["||Mount Morgan|| is a favorite among geologists, offering insights into the region's unique geological formations.", "The scenic ||Morgan|| range is a popular destination for nature lovers, with its diverse flora and fauna."]}]]