[[{"name": "Mount Madison", "sentences_not_about_mountain": ["Madison's innovative approach to sustainable energy earned her the prestigious award.", "The Madison family has been farming this land for generations, cultivating a rich heritage.", "Professor Madison's groundbreaking research on climate change sparked a global conversation.", "The Madison brothers formed a band, their unique sound captivating audiences everywhere.", "Madison's culinary skills were showcased at the annual food festival, impressing judges and attendees alike."], "sentences_about_mountain_implied_from_context": ["The ||Madison||'s rugged terrain tested the hikers' endurance, pushing them to their limits.", "As the sun dipped below the horizon, the ||Madison||'s silhouette stood tall against the fading light.", "The ||Madison||'s snow-capped peak glistened in the morning dew, beckoning adventurers to explore its secrets."], "sentences_directly_about_mountain": ["||Mount Madison|| is a haven for nature lovers, offering breathtaking vistas and serene landscapes.", "The ||Madison||'s unique geology has been shaped by millions of years of geological forces, creating a fascinating landscape."]}], [{"name": "Mount Scott", "sentences_not_about_mountain": ["Scott had been preparing for this moment his entire life, and he wasn't going to let anything get in his way.", "The Scott family has been farming this land for generations, cultivating a rich legacy.", "Professor Scott's groundbreaking research in the field of quantum physics earned her international recognition.", "The Scott brothers formed a band, and their unique sound quickly gained popularity.", "Scott's art studio was filled with vibrant colors and eclectic pieces, reflecting his creative spirit."], "sentences_about_mountain_implied_from_context": ["The rugged terrain of the ||Scott|| range made it a haven for those seeking solitude and adventure.", "As the sun dipped below the horizon, the peak of ||Scott|| glowed with a soft, ethereal light.", "The ||Scott|| peaks stood tall, their snow-capped summits a testament to the region's harsh yet beautiful climate."], "sentences_directly_about_mountain": ["||Mount Scott|| is a beloved destination for hikers and nature enthusiasts, offering breathtaking views and challenging trails.", "The ||Scott|| mountain range is home to a diverse array of flora and fauna, making it a paradise for scientists and explorers."]}]]