[[{"name": "Mount Washington", "sentences_not_about_mountain": ["Washington's diplomatic efforts helped ease tensions between the two nations.", "The Washington Monument stands tall in the heart of the capital, a symbol of American history.", "The new policy, dubbed the Washington Initiative, aimed to reduce carbon emissions and promote sustainable practices.", "Washington's leadership during the war was instrumental in securing a crucial victory for the allies.", "The Washington Post is a renowned newspaper known for its in-depth coverage of national and international news."], "sentences_about_mountain_implied_from_context": ["The snow-capped peak of ||Washington|| glistened in the morning light, beckoning hikers to explore its trails.", "||Washington||'s rugged terrain and unpredictable weather make it a formidable challenge for even the most experienced climbers.", "As the sun set over ||Washington||, the sky was painted with hues of pink and purple, a breathtaking sight to behold."], "sentences_directly_about_mountain": ["||Mount Washington|| is the highest peak in the northeastern United States, attracting thrill-seekers and nature lovers alike.", "The scenic drive to ||Mount Washington|| offers breathtaking views of the surrounding landscape and picturesque villages."]}], [{"name": "Mount Jefferson", "sentences_not_about_mountain": ["Jefferson's innovative ideas sparked a revolution in the field of education.", "The Jefferson family has been farming this land for generations, cultivating a rich heritage.", "As the new CEO, Jefferson made significant changes to the company's policies and procedures.", "Jefferson's discovery of the new species was met with excitement and curiosity by the scientific community.", "The Jeffersons' annual charity gala raised a substantial amount of money for the local hospital."], "sentences_about_mountain_implied_from_context": ["The snow-capped peak of ||Jefferson|| rose majestically above the surrounding landscape.", "Hikers marveled at the breathtaking view from the summit of ||Jefferson||, feeling a deep sense of accomplishment.", "At sunrise, the peak of ||Jefferson|| glowed with a warm golden hue, captivating everyone at the base."], "sentences_directly_about_mountain": ["||Mount Jefferson|| is a beloved destination for nature lovers and adventure seekers alike.", "The rugged terrain and unpredictable weather of ||Mount Jefferson|| make it a challenging yet rewarding climb."]}]]